视频ID,视频路径,全局事件提示词（英文）,全局事件提示词（中文）,阶段ID,阶段中文,正向核心关系（英文）,正向核心关系（中文）,负向核心关系（英文）,负向核心关系（中文）,完整正向提示词（英文，实际编译文本）,完整正向提示词（中文）,完整负向提示词（英文，实际编译文本）,完整负向提示词（中文）,备注
P01,/home/liuzhirui/Project/physGen/code/v3/outputs/trace_writer/trace-v3-m3-phase5/P01/i2v/seed_000042/video.mp4,"The same black scooter crosses the gray street into the same black slatted trash can, then tilts and stops.",同一辆黑色踏板车横穿灰色街道，撞上同一个黑色条板式垃圾桶，随后侧倾并停止。,setup,准备/初始阶段,the scooter front visibly reaches the trash can happens BEFORE stem and deck rotate sideways.,踏板车前端明显抵达垃圾桶先于车把立杆与踏板向侧面转动发生。,[0] stem and deck rotate sideways is already present BEFORE the scooter front visibly reaches the trash can.,[0] 在踏板车前端明显抵达垃圾桶发生之前，车把立杆与踏板向侧面转动已经出现。,"[STAGE ENTITY INVENTORY] Present now: scooter: exactly 1, state gap=wide, pose=upright, motion=rolling_right, required; trash can: exactly 1, required. Counts and identities stay fixed; no duplicate state copy is created. No additional external source, extra copy, unlisted object exists. All globally protected identity, shape, material, scene, and camera attributes stay unchanged. Declared source loss and result gain remain coupled. [VALID RELATION] the scooter front visibly reaches the trash can happens BEFORE stem and deck rotate sideways.","[阶段实体清单] 当前存在： 踏板车（scooter）: 恰好1个，状态 gap=wide, pose=upright, motion=rolling_right，必需; 垃圾桶（trash can）: 恰好1个，必需. 数量和身份保持固定；不创建重复的状态副本。 不存在额外的外部来源、额外副本或未列出的物体。 所有受全局保护的身份、形状、材质、场景和相机属性保持不变。 声明的来源减少与结果增加保持耦合。 [有效关系] 踏板车前端明显抵达垃圾桶先于车把立杆与踏板向侧面转动发生。","[0] [STAGE ENTITY INVENTORY] Present now: scooter: exactly 1, state gap=wide, pose=upright, motion=rolling_right, required; trash can: exactly 1, required. Counts and identities stay fixed; no duplicate state copy is created. No additional external source, extra copy, unlisted object exists. All globally protected identity, shape, material, scene, and camera attributes stay unchanged. Declared source loss and result gain remain coupled. [VIOLATED RELATION] stem and deck rotate sideways is already present BEFORE the scooter front visibly reaches the trash can.","[0] [阶段实体清单] 当前存在： 踏板车（scooter）: 恰好1个，状态 gap=wide, pose=upright, motion=rolling_right，必需; 垃圾桶（trash can）: 恰好1个，必需. 数量和身份保持固定；不创建重复的状态副本。 不存在额外的外部来源、额外副本或未列出的物体。 所有受全局保护的身份、形状、材质、场景和相机属性保持不变。 声明的来源减少与结果增加保持耦合。 [违规关系] 在踏板车前端明显抵达垃圾桶发生之前，车把立杆与踏板向侧面转动已经出现。",
P01,/home/liuzhirui/Project/physGen/code/v3/outputs/trace_writer/trace-v3-m3-phase5/P01/i2v/seed_000042/video.mp4,"The same black scooter crosses the gray street into the same black slatted trash can, then tilts and stops.",同一辆黑色踏板车横穿灰色街道，撞上同一个黑色条板式垃圾桶，随后侧倾并停止。,onset,起始/触发阶段,the scooter front visibly reaches the trash can happens BEFORE stem and deck rotate sideways.,踏板车前端明显抵达垃圾桶先于车把立杆与踏板向侧面转动发生。,[0] stem and deck rotate sideways happens BEFORE the scooter front visibly reaches the trash can.,[0] 车把立杆与踏板向侧面转动先于踏板车前端明显抵达垃圾桶发生。,"[STAGE ENTITY INVENTORY] Present now: scooter: exactly 1, state gap=wide, pose=upright, motion=rolling_right, transitioning; trash can: exactly 1, transitioning. Counts and identities stay fixed; no duplicate state copy is created. No additional external source, extra copy, unlisted object exists. All globally protected identity, shape, material, scene, and camera attributes stay unchanged. Declared source loss and result gain remain coupled. [VALID RELATION] the scooter front visibly reaches the trash can happens BEFORE stem and deck rotate sideways.","[阶段实体清单] 当前存在： 踏板车（scooter）: 恰好1个，状态 gap=wide, pose=upright, motion=rolling_right，正在过渡; 垃圾桶（trash can）: 恰好1个，正在过渡. 数量和身份保持固定；不创建重复的状态副本。 不存在额外的外部来源、额外副本或未列出的物体。 所有受全局保护的身份、形状、材质、场景和相机属性保持不变。 声明的来源减少与结果增加保持耦合。 [有效关系] 踏板车前端明显抵达垃圾桶先于车把立杆与踏板向侧面转动发生。","[0] [STAGE ENTITY INVENTORY] Present now: scooter: exactly 1, state gap=wide, pose=upright, motion=rolling_right, transitioning; trash can: exactly 1, transitioning. Counts and identities stay fixed; no duplicate state copy is created. No additional external source, extra copy, unlisted object exists. All globally protected identity, shape, material, scene, and camera attributes stay unchanged. Declared source loss and result gain remain coupled. [VIOLATED RELATION] stem and deck rotate sideways happens BEFORE the scooter front visibly reaches the trash can.","[0] [阶段实体清单] 当前存在： 踏板车（scooter）: 恰好1个，状态 gap=wide, pose=upright, motion=rolling_right，正在过渡; 垃圾桶（trash can）: 恰好1个，正在过渡. 数量和身份保持固定；不创建重复的状态副本。 不存在额外的外部来源、额外副本或未列出的物体。 所有受全局保护的身份、形状、材质、场景和相机属性保持不变。 声明的来源减少与结果增加保持耦合。 [违规关系] 车把立杆与踏板向侧面转动先于踏板车前端明显抵达垃圾桶发生。",
P01,/home/liuzhirui/Project/physGen/code/v3/outputs/trace_writer/trace-v3-m3-phase5/P01/i2v/seed_000042/video.mp4,"The same black scooter crosses the gray street into the same black slatted trash can, then tilts and stops.",同一辆黑色踏板车横穿灰色街道，撞上同一个黑色条板式垃圾桶，随后侧倾并停止。,evolution,演化阶段,The coupled changes occur together: stem and deck rotate sideways WHILE rightward displacement decreases to zero.,耦合变化同时发生：车把立杆与踏板向侧面转动，同时向右位移减小至零。,[0] Only one coupled change occurs while the other remains unchanged: stem and deck rotate sideways; rightward displacement decreases to zero.,[0] 只有一个耦合变化发生，另一个保持不变：车把立杆与踏板向侧面转动；向右位移减小至零。,"[STAGE ENTITY INVENTORY] Present now: scooter: exactly 1, state gap=contact, pose=tilted_sideways, motion=stopped, required; trash can: exactly 1, required. Counts and identities stay fixed; no duplicate state copy is created. No additional external source, extra copy, unlisted object exists. All globally protected identity, shape, material, scene, and camera attributes stay unchanged. Declared source loss and result gain remain coupled. [VALID RELATION] The coupled changes occur together: stem and deck rotate sideways WHILE rightward displacement decreases to zero.","[阶段实体清单] 当前存在： 踏板车（scooter）: 恰好1个，状态 gap=contact, pose=tilted_sideways, motion=stopped，必需; 垃圾桶（trash can）: 恰好1个，必需. 数量和身份保持固定；不创建重复的状态副本。 不存在额外的外部来源、额外副本或未列出的物体。 所有受全局保护的身份、形状、材质、场景和相机属性保持不变。 声明的来源减少与结果增加保持耦合。 [有效关系] 耦合变化同时发生：车把立杆与踏板向侧面转动，同时向右位移减小至零。","[0] [STAGE ENTITY INVENTORY] Present now: scooter: exactly 1, state gap=contact, pose=tilted_sideways, motion=stopped, required; trash can: exactly 1, required. Counts and identities stay fixed; no duplicate state copy is created. No additional external source, extra copy, unlisted object exists. All globally protected identity, shape, material, scene, and camera attributes stay unchanged. Declared source loss and result gain remain coupled. [VIOLATED RELATION] Only one coupled change occurs while the other remains unchanged: stem and deck rotate sideways; rightward displacement decreases to zero.","[0] [阶段实体清单] 当前存在： 踏板车（scooter）: 恰好1个，状态 gap=contact, pose=tilted_sideways, motion=stopped，必需; 垃圾桶（trash can）: 恰好1个，必需. 数量和身份保持固定；不创建重复的状态副本。 不存在额外的外部来源、额外副本或未列出的物体。 所有受全局保护的身份、形状、材质、场景和相机属性保持不变。 声明的来源减少与结果增加保持耦合。 [违规关系] 只有一个耦合变化发生，另一个保持不变：车把立杆与踏板向侧面转动；向右位移减小至零。",
P01,/home/liuzhirui/Project/physGen/code/v3/outputs/trace_writer/trace-v3-m3-phase5/P01/i2v/seed_000042/video.mp4,"The same black scooter crosses the gray street into the same black slatted trash can, then tilts and stops.",同一辆黑色踏板车横穿灰色街道，撞上同一个黑色条板式垃圾桶，随后侧倾并停止。,completion,完成阶段,The coupled changes occur together: stem and deck rotate sideways WHILE rightward displacement decreases to zero.,耦合变化同时发生：车把立杆与踏板向侧面转动，同时向右位移减小至零。,[0] The declared cause occurs BUT the required target change does not become visible.,[0] 声明的原因已经发生，但所要求的目标变化没有变得可见。,"[STAGE ENTITY INVENTORY] Present now: scooter: exactly 1, state gap=contact, pose=tilted_sideways, motion=stopped, transitioning; trash can: exactly 1, transitioning. Counts and identities stay fixed; no duplicate state copy is created. No additional external source, extra copy, unlisted object exists. All globally protected identity, shape, material, scene, and camera attributes stay unchanged. Declared source loss and result gain remain coupled. [VALID RELATION] The coupled changes occur together: stem and deck rotate sideways WHILE rightward displacement decreases to zero.","[阶段实体清单] 当前存在： 踏板车（scooter）: 恰好1个，状态 gap=contact, pose=tilted_sideways, motion=stopped，正在过渡; 垃圾桶（trash can）: 恰好1个，正在过渡. 数量和身份保持固定；不创建重复的状态副本。 不存在额外的外部来源、额外副本或未列出的物体。 所有受全局保护的身份、形状、材质、场景和相机属性保持不变。 声明的来源减少与结果增加保持耦合。 [有效关系] 耦合变化同时发生：车把立杆与踏板向侧面转动，同时向右位移减小至零。","[0] [STAGE ENTITY INVENTORY] Present now: scooter: exactly 1, state gap=contact, pose=tilted_sideways, motion=stopped, transitioning; trash can: exactly 1, transitioning. Counts and identities stay fixed; no duplicate state copy is created. No additional external source, extra copy, unlisted object exists. All globally protected identity, shape, material, scene, and camera attributes stay unchanged. Declared source loss and result gain remain coupled. [VIOLATED RELATION] The declared cause occurs BUT the required target change does not become visible.","[0] [阶段实体清单] 当前存在： 踏板车（scooter）: 恰好1个，状态 gap=contact, pose=tilted_sideways, motion=stopped，正在过渡; 垃圾桶（trash can）: 恰好1个，正在过渡. 数量和身份保持固定；不创建重复的状态副本。 不存在额外的外部来源、额外副本或未列出的物体。 所有受全局保护的身份、形状、材质、场景和相机属性保持不变。 声明的来源减少与结果增加保持耦合。 [违规关系] 声明的原因已经发生，但所要求的目标变化没有变得可见。",
P01,/home/liuzhirui/Project/physGen/code/v3/outputs/trace_writer/trace-v3-m3-phase5/P01/i2v/seed_000042/video.mp4,"The same black scooter crosses the gray street into the same black slatted trash can, then tilts and stops.",同一辆黑色踏板车横穿灰色街道，撞上同一个黑色条板式垃圾桶，随后侧倾并停止。,terminal,终止/保持阶段,"The terminal facts pose=tilted_sideways, motion=stopped REMAIN through the final frames. [AND] The same logical slot has only its valid state; mutually exclusive facts pose=upright, pose=tilted_sideways do not coexist.",最终事实 pose=tilted_sideways（侧倒）、motion=stopped（停止） 在最后几帧持续保持。 [且] 同一逻辑槽位只具有其有效状态；互斥事实 pose=upright（直立）与 pose=tilted_sideways（侧倒） 不会共存。,"[0] The valid terminal state returns to its mutually exclusive earlier state. [AND] The same logical slot has only its valid state; mutually exclusive facts pose=upright, pose=tilted_sideways do not coexist.
[1] The terminal facts pose=tilted_sideways, motion=stopped REMAIN through the final frames. [AND] Copies of the same logical slot appear in mutually exclusive states at the same time.","[0] 有效的终止状态恢复成与其互斥的较早状态。 [且] 同一逻辑槽位只具有其有效状态；互斥事实 pose=upright（直立）与 pose=tilted_sideways（侧倒） 不会共存。
[1] 最终事实 pose=tilted_sideways（侧倒）、motion=stopped（停止） 在最后几帧持续保持。 [且] 同一逻辑槽位的多个副本同时以互斥状态出现。","[STAGE ENTITY INVENTORY] Present now: scooter: exactly 1, state gap=contact, pose=tilted_sideways, motion=stopped, required; trash can: exactly 1, required. Counts and identities stay fixed; no duplicate state copy is created. No additional external source, extra copy, unlisted object exists. All globally protected identity, shape, material, scene, and camera attributes stay unchanged. Declared source loss and result gain remain coupled. [VALID RELATION] The terminal facts pose=tilted_sideways, motion=stopped REMAIN through the final frames. [AND] The same logical slot has only its valid state; mutually exclusive facts pose=upright, pose=tilted_sideways do not coexist.","[阶段实体清单] 当前存在： 踏板车（scooter）: 恰好1个，状态 gap=contact, pose=tilted_sideways, motion=stopped，必需; 垃圾桶（trash can）: 恰好1个，必需. 数量和身份保持固定；不创建重复的状态副本。 不存在额外的外部来源、额外副本或未列出的物体。 所有受全局保护的身份、形状、材质、场景和相机属性保持不变。 声明的来源减少与结果增加保持耦合。 [有效关系] 最终事实 pose=tilted_sideways（侧倒）、motion=stopped（停止） 在最后几帧持续保持。 [且] 同一逻辑槽位只具有其有效状态；互斥事实 pose=upright（直立）与 pose=tilted_sideways（侧倒） 不会共存。","[0] [STAGE ENTITY INVENTORY] Present now: scooter: exactly 1, state gap=contact, pose=tilted_sideways, motion=stopped, required; trash can: exactly 1, required. Counts and identities stay fixed; no duplicate state copy is created. No additional external source, extra copy, unlisted object exists. All globally protected identity, shape, material, scene, and camera attributes stay unchanged. Declared source loss and result gain remain coupled. [VIOLATED RELATION] The valid terminal state returns to its mutually exclusive earlier state. [AND] The same logical slot has only its valid state; mutually exclusive facts pose=upright, pose=tilted_sideways do not coexist.
[1] [STAGE ENTITY INVENTORY] Present now: scooter: exactly 1, state gap=contact, pose=tilted_sideways, motion=stopped, required; trash can: exactly 1, required. Counts and identities stay fixed; no duplicate state copy is created. No additional external source, extra copy, unlisted object exists. All globally protected identity, shape, material, scene, and camera attributes stay unchanged. Declared source loss and result gain remain coupled. [VIOLATED RELATION] The terminal facts pose=tilted_sideways, motion=stopped REMAIN through the final frames. [AND] Copies of the same logical slot appear in mutually exclusive states at the same time.","[0] [阶段实体清单] 当前存在： 踏板车（scooter）: 恰好1个，状态 gap=contact, pose=tilted_sideways, motion=stopped，必需; 垃圾桶（trash can）: 恰好1个，必需. 数量和身份保持固定；不创建重复的状态副本。 不存在额外的外部来源、额外副本或未列出的物体。 所有受全局保护的身份、形状、材质、场景和相机属性保持不变。 声明的来源减少与结果增加保持耦合。 [违规关系] 有效的终止状态恢复成与其互斥的较早状态。 [且] 同一逻辑槽位只具有其有效状态；互斥事实 pose=upright（直立）与 pose=tilted_sideways（侧倒） 不会共存。
[1] [阶段实体清单] 当前存在： 踏板车（scooter）: 恰好1个，状态 gap=contact, pose=tilted_sideways, motion=stopped，必需; 垃圾桶（trash can）: 恰好1个，必需. 数量和身份保持固定；不创建重复的状态副本。 不存在额外的外部来源、额外副本或未列出的物体。 所有受全局保护的身份、形状、材质、场景和相机属性保持不变。 声明的来源减少与结果增加保持耦合。 [违规关系] 最终事实 pose=tilted_sideways（侧倒）、motion=stopped（停止） 在最后几帧持续保持。 [且] 同一逻辑槽位的多个副本同时以互斥状态出现。",
P02,/home/liuzhirui/Project/physGen/code/v3/outputs/trace_writer/trace-v3-m3-phase5/P02/i2v/seed_000042/video.mp4,The glossy red ball crosses the green billiard cloth into the glossy blue ball and transfers motion on contact.,有光泽的红球穿过绿色台球桌布撞上有光泽的蓝球，并在接触时传递运动。,setup,准备/初始阶段,the red and blue glossy ball boundaries visibly meet happens BEFORE rightward blue displacement begins.,红、蓝两个光泽球的边界明显接触先于蓝球开始向右位移发生。,[0] rightward blue displacement begins is already present BEFORE the red and blue glossy ball boundaries visibly meet.,[0] 在红、蓝两个光泽球的边界明显接触发生之前，蓝球开始向右位移已经出现。,"[STAGE ENTITY INVENTORY] Present now: red ball: exactly 1, state gap=wide, red_motion=rolling_right, required; blue ball: exactly 1, state blue_motion=stationary, required. Counts and identities stay fixed; no duplicate state copy is created. No additional cue, cue stick, external source, extra ball, extra copy, hand, person, tool, unlisted object exists. All globally protected identity, shape, material, scene, and camera attributes stay unchanged. Declared source loss and result gain remain coupled. [VALID RELATION] the red and blue glossy ball boundaries visibly meet happens BEFORE rightward blue displacement begins.","[阶段实体清单] 当前存在： 红球（red ball）: 恰好1个，状态 gap=wide, red_motion=rolling_right，必需; 蓝球（blue ball）: 恰好1个，状态 blue_motion=stationary，必需. 数量和身份保持固定；不创建重复的状态副本。 以下额外对象均不存在：台球杆、台球杆、外部来源、额外球体、额外副本、手、人物、工具、未列出的物体。 所有受全局保护的身份、形状、材质、场景和相机属性保持不变。 声明的来源减少与结果增加保持耦合。 [有效关系] 红、蓝两个光泽球的边界明显接触先于蓝球开始向右位移发生。","[0] [STAGE ENTITY INVENTORY] Present now: red ball: exactly 1, state gap=wide, red_motion=rolling_right, required; blue ball: exactly 1, state blue_motion=stationary, required. Counts and identities stay fixed; no duplicate state copy is created. No additional cue, cue stick, external source, extra ball, extra copy, hand, person, tool, unlisted object exists. All globally protected identity, shape, material, scene, and camera attributes stay unchanged. Declared source loss and result gain remain coupled. [VIOLATED RELATION] rightward blue displacement begins is already present BEFORE the red and blue glossy ball boundaries visibly meet.","[0] [阶段实体清单] 当前存在： 红球（red ball）: 恰好1个，状态 gap=wide, red_motion=rolling_right，必需; 蓝球（blue ball）: 恰好1个，状态 blue_motion=stationary，必需. 数量和身份保持固定；不创建重复的状态副本。 以下额外对象均不存在：台球杆、台球杆、外部来源、额外球体、额外副本、手、人物、工具、未列出的物体。 所有受全局保护的身份、形状、材质、场景和相机属性保持不变。 声明的来源减少与结果增加保持耦合。 [违规关系] 在红、蓝两个光泽球的边界明显接触发生之前，蓝球开始向右位移已经出现。",
P02,/home/liuzhirui/Project/physGen/code/v3/outputs/trace_writer/trace-v3-m3-phase5/P02/i2v/seed_000042/video.mp4,The glossy red ball crosses the green billiard cloth into the glossy blue ball and transfers motion on contact.,有光泽的红球穿过绿色台球桌布撞上有光泽的蓝球，并在接触时传递运动。,onset,起始/触发阶段,the red and blue glossy ball boundaries visibly meet happens BEFORE rightward blue displacement begins.,红、蓝两个光泽球的边界明显接触先于蓝球开始向右位移发生。,[0] rightward blue displacement begins happens BEFORE the red and blue glossy ball boundaries visibly meet.,[0] 蓝球开始向右位移先于红、蓝两个光泽球的边界明显接触发生。,"[STAGE ENTITY INVENTORY] Present now: red ball: exactly 1, state gap=wide, red_motion=rolling_right, transitioning; blue ball: exactly 1, state blue_motion=stationary, transitioning. Counts and identities stay fixed; no duplicate state copy is created. No additional cue, cue stick, external source, extra ball, extra copy, hand, person, tool, unlisted object exists. All globally protected identity, shape, material, scene, and camera attributes stay unchanged. Declared source loss and result gain remain coupled. [VALID RELATION] the red and blue glossy ball boundaries visibly meet happens BEFORE rightward blue displacement begins.","[阶段实体清单] 当前存在： 红球（red ball）: 恰好1个，状态 gap=wide, red_motion=rolling_right，正在过渡; 蓝球（blue ball）: 恰好1个，状态 blue_motion=stationary，正在过渡. 数量和身份保持固定；不创建重复的状态副本。 以下额外对象均不存在：台球杆、台球杆、外部来源、额外球体、额外副本、手、人物、工具、未列出的物体。 所有受全局保护的身份、形状、材质、场景和相机属性保持不变。 声明的来源减少与结果增加保持耦合。 [有效关系] 红、蓝两个光泽球的边界明显接触先于蓝球开始向右位移发生。","[0] [STAGE ENTITY INVENTORY] Present now: red ball: exactly 1, state gap=wide, red_motion=rolling_right, transitioning; blue ball: exactly 1, state blue_motion=stationary, transitioning. Counts and identities stay fixed; no duplicate state copy is created. No additional cue, cue stick, external source, extra ball, extra copy, hand, person, tool, unlisted object exists. All globally protected identity, shape, material, scene, and camera attributes stay unchanged. Declared source loss and result gain remain coupled. [VIOLATED RELATION] rightward blue displacement begins happens BEFORE the red and blue glossy ball boundaries visibly meet.","[0] [阶段实体清单] 当前存在： 红球（red ball）: 恰好1个，状态 gap=wide, red_motion=rolling_right，正在过渡; 蓝球（blue ball）: 恰好1个，状态 blue_motion=stationary，正在过渡. 数量和身份保持固定；不创建重复的状态副本。 以下额外对象均不存在：台球杆、台球杆、外部来源、额外球体、额外副本、手、人物、工具、未列出的物体。 所有受全局保护的身份、形状、材质、场景和相机属性保持不变。 声明的来源减少与结果增加保持耦合。 [违规关系] 蓝球开始向右位移先于红、蓝两个光泽球的边界明显接触发生。",
P02,/home/liuzhirui/Project/physGen/code/v3/outputs/trace_writer/trace-v3-m3-phase5/P02/i2v/seed_000042/video.mp4,The glossy red ball crosses the green billiard cloth into the glossy blue ball and transfers motion on contact.,有光泽的红球穿过绿色台球桌布撞上有光泽的蓝球，并在接触时传递运动。,evolution,演化阶段,The coupled changes occur together: rightward red displacement decreases WHILE rightward blue displacement begins.,耦合变化同时发生：红球向右位移减小，同时蓝球开始向右位移。,[0] Only one coupled change occurs while the other remains unchanged: rightward red displacement decreases; rightward blue displacement begins.,[0] 只有一个耦合变化发生，另一个保持不变：红球向右位移减小；蓝球开始向右位移。,"[STAGE ENTITY INVENTORY] Present now: red ball: exactly 1, state gap=contact, red_motion=slower_right, required; blue ball: exactly 1, state blue_motion=moving_right, required. Counts and identities stay fixed; no duplicate state copy is created. No additional cue, cue stick, external source, extra ball, extra copy, hand, person, tool, unlisted object exists. All globally protected identity, shape, material, scene, and camera attributes stay unchanged. Declared source loss and result gain remain coupled. [VALID RELATION] The coupled changes occur together: rightward red displacement decreases WHILE rightward blue displacement begins.","[阶段实体清单] 当前存在： 红球（red ball）: 恰好1个，状态 gap=contact, red_motion=slower_right，必需; 蓝球（blue ball）: 恰好1个，状态 blue_motion=moving_right，必需. 数量和身份保持固定；不创建重复的状态副本。 以下额外对象均不存在：台球杆、台球杆、外部来源、额外球体、额外副本、手、人物、工具、未列出的物体。 所有受全局保护的身份、形状、材质、场景和相机属性保持不变。 声明的来源减少与结果增加保持耦合。 [有效关系] 耦合变化同时发生：红球向右位移减小，同时蓝球开始向右位移。","[0] [STAGE ENTITY INVENTORY] Present now: red ball: exactly 1, state gap=contact, red_motion=slower_right, required; blue ball: exactly 1, state blue_motion=moving_right, required. Counts and identities stay fixed; no duplicate state copy is created. No additional cue, cue stick, external source, extra ball, extra copy, hand, person, tool, unlisted object exists. All globally protected identity, shape, material, scene, and camera attributes stay unchanged. Declared source loss and result gain remain coupled. [VIOLATED RELATION] Only one coupled change occurs while the other remains unchanged: rightward red displacement decreases; rightward blue displacement begins.","[0] [阶段实体清单] 当前存在： 红球（red ball）: 恰好1个，状态 gap=contact, red_motion=slower_right，必需; 蓝球（blue ball）: 恰好1个，状态 blue_motion=moving_right，必需. 数量和身份保持固定；不创建重复的状态副本。 以下额外对象均不存在：台球杆、台球杆、外部来源、额外球体、额外副本、手、人物、工具、未列出的物体。 所有受全局保护的身份、形状、材质、场景和相机属性保持不变。 声明的来源减少与结果增加保持耦合。 [违规关系] 只有一个耦合变化发生，另一个保持不变：红球向右位移减小；蓝球开始向右位移。",
P02,/home/liuzhirui/Project/physGen/code/v3/outputs/trace_writer/trace-v3-m3-phase5/P02/i2v/seed_000042/video.mp4,The glossy red ball crosses the green billiard cloth into the glossy blue ball and transfers motion on contact.,有光泽的红球穿过绿色台球桌布撞上有光泽的蓝球，并在接触时传递运动。,completion,完成阶段,The coupled changes occur together: rightward red displacement decreases WHILE rightward blue displacement begins.,耦合变化同时发生：红球向右位移减小，同时蓝球开始向右位移。,[0] The declared cause occurs BUT the required target change does not become visible.,[0] 声明的原因已经发生，但所要求的目标变化没有变得可见。,"[STAGE ENTITY INVENTORY] Present now: red ball: exactly 1, state gap=contact, red_motion=slower_right, transitioning; blue ball: exactly 1, state blue_motion=moving_right, transitioning. Counts and identities stay fixed; no duplicate state copy is created. No additional cue, cue stick, external source, extra ball, extra copy, hand, person, tool, unlisted object exists. All globally protected identity, shape, material, scene, and camera attributes stay unchanged. Declared source loss and result gain remain coupled. [VALID RELATION] The coupled changes occur together: rightward red displacement decreases WHILE rightward blue displacement begins.","[阶段实体清单] 当前存在： 红球（red ball）: 恰好1个，状态 gap=contact, red_motion=slower_right，正在过渡; 蓝球（blue ball）: 恰好1个，状态 blue_motion=moving_right，正在过渡. 数量和身份保持固定；不创建重复的状态副本。 以下额外对象均不存在：台球杆、台球杆、外部来源、额外球体、额外副本、手、人物、工具、未列出的物体。 所有受全局保护的身份、形状、材质、场景和相机属性保持不变。 声明的来源减少与结果增加保持耦合。 [有效关系] 耦合变化同时发生：红球向右位移减小，同时蓝球开始向右位移。","[0] [STAGE ENTITY INVENTORY] Present now: red ball: exactly 1, state gap=contact, red_motion=slower_right, transitioning; blue ball: exactly 1, state blue_motion=moving_right, transitioning. Counts and identities stay fixed; no duplicate state copy is created. No additional cue, cue stick, external source, extra ball, extra copy, hand, person, tool, unlisted object exists. All globally protected identity, shape, material, scene, and camera attributes stay unchanged. Declared source loss and result gain remain coupled. [VIOLATED RELATION] The declared cause occurs BUT the required target change does not become visible.","[0] [阶段实体清单] 当前存在： 红球（red ball）: 恰好1个，状态 gap=contact, red_motion=slower_right，正在过渡; 蓝球（blue ball）: 恰好1个，状态 blue_motion=moving_right，正在过渡. 数量和身份保持固定；不创建重复的状态副本。 以下额外对象均不存在：台球杆、台球杆、外部来源、额外球体、额外副本、手、人物、工具、未列出的物体。 所有受全局保护的身份、形状、材质、场景和相机属性保持不变。 声明的来源减少与结果增加保持耦合。 [违规关系] 声明的原因已经发生，但所要求的目标变化没有变得可见。",
P02,/home/liuzhirui/Project/physGen/code/v3/outputs/trace_writer/trace-v3-m3-phase5/P02/i2v/seed_000042/video.mp4,The glossy red ball crosses the green billiard cloth into the glossy blue ball and transfers motion on contact.,有光泽的红球穿过绿色台球桌布撞上有光泽的蓝球，并在接触时传递运动。,terminal,终止/保持阶段,"The terminal facts red_motion=slower_right, blue_motion=moving_right REMAIN through the final frames. [AND] The same logical slot has only its valid state; mutually exclusive facts blue_motion=stationary, blue_motion=moving_right do not coexist.",最终事实 red_motion=slower_right（较慢向右）、blue_motion=moving_right（向右运动） 在最后几帧持续保持。 [且] 同一逻辑槽位只具有其有效状态；互斥事实 blue_motion=stationary（静止）与 blue_motion=moving_right（向右运动） 不会共存。,"[0] The valid terminal state returns to its mutually exclusive earlier state. [AND] The same logical slot has only its valid state; mutually exclusive facts blue_motion=stationary, blue_motion=moving_right do not coexist.
[1] The terminal facts red_motion=slower_right, blue_motion=moving_right REMAIN through the final frames. [AND] Copies of the same logical slot appear in mutually exclusive states at the same time.","[0] 有效的终止状态恢复成与其互斥的较早状态。 [且] 同一逻辑槽位只具有其有效状态；互斥事实 blue_motion=stationary（静止）与 blue_motion=moving_right（向右运动） 不会共存。
[1] 最终事实 red_motion=slower_right（较慢向右）、blue_motion=moving_right（向右运动） 在最后几帧持续保持。 [且] 同一逻辑槽位的多个副本同时以互斥状态出现。","[STAGE ENTITY INVENTORY] Present now: red ball: exactly 1, state gap=contact, red_motion=slower_right, required; blue ball: exactly 1, state blue_motion=moving_right, required. Counts and identities stay fixed; no duplicate state copy is created. No additional cue, cue stick, external source, extra ball, extra copy, hand, person, tool, unlisted object exists. All globally protected identity, shape, material, scene, and camera attributes stay unchanged. Declared source loss and result gain remain coupled. [VALID RELATION] The terminal facts red_motion=slower_right, blue_motion=moving_right REMAIN through the final frames. [AND] The same logical slot has only its valid state; mutually exclusive facts blue_motion=stationary, blue_motion=moving_right do not coexist.","[阶段实体清单] 当前存在： 红球（red ball）: 恰好1个，状态 gap=contact, red_motion=slower_right，必需; 蓝球（blue ball）: 恰好1个，状态 blue_motion=moving_right，必需. 数量和身份保持固定；不创建重复的状态副本。 以下额外对象均不存在：台球杆、台球杆、外部来源、额外球体、额外副本、手、人物、工具、未列出的物体。 所有受全局保护的身份、形状、材质、场景和相机属性保持不变。 声明的来源减少与结果增加保持耦合。 [有效关系] 最终事实 red_motion=slower_right（较慢向右）、blue_motion=moving_right（向右运动） 在最后几帧持续保持。 [且] 同一逻辑槽位只具有其有效状态；互斥事实 blue_motion=stationary（静止）与 blue_motion=moving_right（向右运动） 不会共存。","[0] [STAGE ENTITY INVENTORY] Present now: red ball: exactly 1, state gap=contact, red_motion=slower_right, required; blue ball: exactly 1, state blue_motion=moving_right, required. Counts and identities stay fixed; no duplicate state copy is created. No additional cue, cue stick, external source, extra ball, extra copy, hand, person, tool, unlisted object exists. All globally protected identity, shape, material, scene, and camera attributes stay unchanged. Declared source loss and result gain remain coupled. [VIOLATED RELATION] The valid terminal state returns to its mutually exclusive earlier state. [AND] The same logical slot has only its valid state; mutually exclusive facts blue_motion=stationary, blue_motion=moving_right do not coexist.
[1] [STAGE ENTITY INVENTORY] Present now: red ball: exactly 1, state gap=contact, red_motion=slower_right, required; blue ball: exactly 1, state blue_motion=moving_right, required. Counts and identities stay fixed; no duplicate state copy is created. No additional cue, cue stick, external source, extra ball, extra copy, hand, person, tool, unlisted object exists. All globally protected identity, shape, material, scene, and camera attributes stay unchanged. Declared source loss and result gain remain coupled. [VIOLATED RELATION] The terminal facts red_motion=slower_right, blue_motion=moving_right REMAIN through the final frames. [AND] Copies of the same logical slot appear in mutually exclusive states at the same time.","[0] [阶段实体清单] 当前存在： 红球（red ball）: 恰好1个，状态 gap=contact, red_motion=slower_right，必需; 蓝球（blue ball）: 恰好1个，状态 blue_motion=moving_right，必需. 数量和身份保持固定；不创建重复的状态副本。 以下额外对象均不存在：台球杆、台球杆、外部来源、额外球体、额外副本、手、人物、工具、未列出的物体。 所有受全局保护的身份、形状、材质、场景和相机属性保持不变。 声明的来源减少与结果增加保持耦合。 [违规关系] 有效的终止状态恢复成与其互斥的较早状态。 [且] 同一逻辑槽位只具有其有效状态；互斥事实 blue_motion=stationary（静止）与 blue_motion=moving_right（向右运动） 不会共存。
[1] [阶段实体清单] 当前存在： 红球（red ball）: 恰好1个，状态 gap=contact, red_motion=slower_right，必需; 蓝球（blue ball）: 恰好1个，状态 blue_motion=moving_right，必需. 数量和身份保持固定；不创建重复的状态副本。 以下额外对象均不存在：台球杆、台球杆、外部来源、额外球体、额外副本、手、人物、工具、未列出的物体。 所有受全局保护的身份、形状、材质、场景和相机属性保持不变。 声明的来源减少与结果增加保持耦合。 [违规关系] 最终事实 red_motion=slower_right（较慢向右）、blue_motion=moving_right（向右运动） 在最后几帧持续保持。 [且] 同一逻辑槽位的多个副本同时以互斥状态出现。",
P03,/home/liuzhirui/Project/physGen/code/v3/outputs/trace_writer/trace-v3-m3-phase5/P03/i2v/seed_000042/video.mp4,The yellow tennis ball crosses the dark green court leftward into the black-and-white racket and departs rightward after contact.,黄色网球在深绿色球场上向左运动并撞上黑白球拍，接触后向右离开。,setup,准备/初始阶段,the yellow ball visibly reaches the white racket strings happens BEFORE horizontal travel changes from leftward to rightward.,黄色网球明显抵达白色拍弦先于水平运动方向从向左变为向右发生。,[0] horizontal travel changes from leftward to rightward is already present BEFORE the yellow ball visibly reaches the white racket strings.,[0] 在黄色网球明显抵达白色拍弦发生之前，水平运动方向从向左变为向右已经出现。,"[STAGE ENTITY INVENTORY] Present now: ball: exactly 1, state gap_state=right_separated, direction=leftward_toward_racket, required; racket: exactly 1, required. Counts and identities stay fixed; no duplicate state copy is created. No additional external source, extra copy, unlisted object exists. All globally protected identity, shape, material, scene, and camera attributes stay unchanged. Declared source loss and result gain remain coupled. [VALID RELATION] the yellow ball visibly reaches the white racket strings happens BEFORE horizontal travel changes from leftward to rightward.","[阶段实体清单] 当前存在： 网球（ball）: 恰好1个，状态 gap_state=right_separated, direction=leftward_toward_racket，必需; 球拍（racket）: 恰好1个，必需. 数量和身份保持固定；不创建重复的状态副本。 不存在额外的外部来源、额外副本或未列出的物体。 所有受全局保护的身份、形状、材质、场景和相机属性保持不变。 声明的来源减少与结果增加保持耦合。 [有效关系] 黄色网球明显抵达白色拍弦先于水平运动方向从向左变为向右发生。","[0] [STAGE ENTITY INVENTORY] Present now: ball: exactly 1, state gap_state=right_separated, direction=leftward_toward_racket, required; racket: exactly 1, required. Counts and identities stay fixed; no duplicate state copy is created. No additional external source, extra copy, unlisted object exists. All globally protected identity, shape, material, scene, and camera attributes stay unchanged. Declared source loss and result gain remain coupled. [VIOLATED RELATION] horizontal travel changes from leftward to rightward is already present BEFORE the yellow ball visibly reaches the white racket strings.","[0] [阶段实体清单] 当前存在： 网球（ball）: 恰好1个，状态 gap_state=right_separated, direction=leftward_toward_racket，必需; 球拍（racket）: 恰好1个，必需. 数量和身份保持固定；不创建重复的状态副本。 不存在额外的外部来源、额外副本或未列出的物体。 所有受全局保护的身份、形状、材质、场景和相机属性保持不变。 声明的来源减少与结果增加保持耦合。 [违规关系] 在黄色网球明显抵达白色拍弦发生之前，水平运动方向从向左变为向右已经出现。",
P03,/home/liuzhirui/Project/physGen/code/v3/outputs/trace_writer/trace-v3-m3-phase5/P03/i2v/seed_000042/video.mp4,The yellow tennis ball crosses the dark green court leftward into the black-and-white racket and departs rightward after contact.,黄色网球在深绿色球场上向左运动并撞上黑白球拍，接触后向右离开。,onset,起始/触发阶段,the yellow ball visibly reaches the white racket strings happens BEFORE horizontal travel changes from leftward to rightward.,黄色网球明显抵达白色拍弦先于水平运动方向从向左变为向右发生。,[0] horizontal travel changes from leftward to rightward happens BEFORE the yellow ball visibly reaches the white racket strings.,[0] 水平运动方向从向左变为向右先于黄色网球明显抵达白色拍弦发生。,"[STAGE ENTITY INVENTORY] Present now: ball: exactly 1, state gap_state=right_separated, direction=leftward_toward_racket, transitioning; racket: exactly 1, transitioning. Counts and identities stay fixed; no duplicate state copy is created. No additional external source, extra copy, unlisted object exists. All globally protected identity, shape, material, scene, and camera attributes stay unchanged. Declared source loss and result gain remain coupled. [VALID RELATION] the yellow ball visibly reaches the white racket strings happens BEFORE horizontal travel changes from leftward to rightward.","[阶段实体清单] 当前存在： 网球（ball）: 恰好1个，状态 gap_state=right_separated, direction=leftward_toward_racket，正在过渡; 球拍（racket）: 恰好1个，正在过渡. 数量和身份保持固定；不创建重复的状态副本。 不存在额外的外部来源、额外副本或未列出的物体。 所有受全局保护的身份、形状、材质、场景和相机属性保持不变。 声明的来源减少与结果增加保持耦合。 [有效关系] 黄色网球明显抵达白色拍弦先于水平运动方向从向左变为向右发生。","[0] [STAGE ENTITY INVENTORY] Present now: ball: exactly 1, state gap_state=right_separated, direction=leftward_toward_racket, transitioning; racket: exactly 1, transitioning. Counts and identities stay fixed; no duplicate state copy is created. No additional external source, extra copy, unlisted object exists. All globally protected identity, shape, material, scene, and camera attributes stay unchanged. Declared source loss and result gain remain coupled. [VIOLATED RELATION] horizontal travel changes from leftward to rightward happens BEFORE the yellow ball visibly reaches the white racket strings.","[0] [阶段实体清单] 当前存在： 网球（ball）: 恰好1个，状态 gap_state=right_separated, direction=leftward_toward_racket，正在过渡; 球拍（racket）: 恰好1个，正在过渡. 数量和身份保持固定；不创建重复的状态副本。 不存在额外的外部来源、额外副本或未列出的物体。 所有受全局保护的身份、形状、材质、场景和相机属性保持不变。 声明的来源减少与结果增加保持耦合。 [违规关系] 水平运动方向从向左变为向右先于黄色网球明显抵达白色拍弦发生。",
P03,/home/liuzhirui/Project/physGen/code/v3/outputs/trace_writer/trace-v3-m3-phase5/P03/i2v/seed_000042/video.mp4,The yellow tennis ball crosses the dark green court leftward into the black-and-white racket and departs rightward after contact.,黄色网球在深绿色球场上向左运动并撞上黑白球拍，接触后向右离开。,evolution,演化阶段,The coupled changes occur together: green interval closes then reopens rightward WHILE horizontal travel changes from leftward to rightward.,耦合变化同时发生：绿色间隔闭合后重新向右打开，同时水平运动方向从向左变为向右。,[0] Only one coupled change occurs while the other remains unchanged: green interval closes then reopens rightward; horizontal travel changes from leftward to rightward.,[0] 只有一个耦合变化发生，另一个保持不变：绿色间隔闭合后重新向右打开；水平运动方向从向左变为向右。,"[STAGE ENTITY INVENTORY] Present now: ball: exactly 1, state gap_state=right_departing, direction=rightward_away, required; racket: exactly 1, required. Counts and identities stay fixed; no duplicate state copy is created. No additional external source, extra copy, unlisted object exists. All globally protected identity, shape, material, scene, and camera attributes stay unchanged. Declared source loss and result gain remain coupled. [VALID RELATION] The coupled changes occur together: green interval closes then reopens rightward WHILE horizontal travel changes from leftward to rightward.","[阶段实体清单] 当前存在： 网球（ball）: 恰好1个，状态 gap_state=right_departing, direction=rightward_away，必需; 球拍（racket）: 恰好1个，必需. 数量和身份保持固定；不创建重复的状态副本。 不存在额外的外部来源、额外副本或未列出的物体。 所有受全局保护的身份、形状、材质、场景和相机属性保持不变。 声明的来源减少与结果增加保持耦合。 [有效关系] 耦合变化同时发生：绿色间隔闭合后重新向右打开，同时水平运动方向从向左变为向右。","[0] [STAGE ENTITY INVENTORY] Present now: ball: exactly 1, state gap_state=right_departing, direction=rightward_away, required; racket: exactly 1, required. Counts and identities stay fixed; no duplicate state copy is created. No additional external source, extra copy, unlisted object exists. All globally protected identity, shape, material, scene, and camera attributes stay unchanged. Declared source loss and result gain remain coupled. [VIOLATED RELATION] Only one coupled change occurs while the other remains unchanged: green interval closes then reopens rightward; horizontal travel changes from leftward to rightward.","[0] [阶段实体清单] 当前存在： 网球（ball）: 恰好1个，状态 gap_state=right_departing, direction=rightward_away，必需; 球拍（racket）: 恰好1个，必需. 数量和身份保持固定；不创建重复的状态副本。 不存在额外的外部来源、额外副本或未列出的物体。 所有受全局保护的身份、形状、材质、场景和相机属性保持不变。 声明的来源减少与结果增加保持耦合。 [违规关系] 只有一个耦合变化发生，另一个保持不变：绿色间隔闭合后重新向右打开；水平运动方向从向左变为向右。",
P03,/home/liuzhirui/Project/physGen/code/v3/outputs/trace_writer/trace-v3-m3-phase5/P03/i2v/seed_000042/video.mp4,The yellow tennis ball crosses the dark green court leftward into the black-and-white racket and departs rightward after contact.,黄色网球在深绿色球场上向左运动并撞上黑白球拍，接触后向右离开。,completion,完成阶段,The coupled changes occur together: green interval closes then reopens rightward WHILE horizontal travel changes from leftward to rightward.,耦合变化同时发生：绿色间隔闭合后重新向右打开，同时水平运动方向从向左变为向右。,[0] The declared cause occurs BUT the required target change does not become visible.,[0] 声明的原因已经发生，但所要求的目标变化没有变得可见。,"[STAGE ENTITY INVENTORY] Present now: ball: exactly 1, state gap_state=right_departing, direction=rightward_away, transitioning; racket: exactly 1, transitioning. Counts and identities stay fixed; no duplicate state copy is created. No additional external source, extra copy, unlisted object exists. All globally protected identity, shape, material, scene, and camera attributes stay unchanged. Declared source loss and result gain remain coupled. [VALID RELATION] The coupled changes occur together: green interval closes then reopens rightward WHILE horizontal travel changes from leftward to rightward.","[阶段实体清单] 当前存在： 网球（ball）: 恰好1个，状态 gap_state=right_departing, direction=rightward_away，正在过渡; 球拍（racket）: 恰好1个，正在过渡. 数量和身份保持固定；不创建重复的状态副本。 不存在额外的外部来源、额外副本或未列出的物体。 所有受全局保护的身份、形状、材质、场景和相机属性保持不变。 声明的来源减少与结果增加保持耦合。 [有效关系] 耦合变化同时发生：绿色间隔闭合后重新向右打开，同时水平运动方向从向左变为向右。","[0] [STAGE ENTITY INVENTORY] Present now: ball: exactly 1, state gap_state=right_departing, direction=rightward_away, transitioning; racket: exactly 1, transitioning. Counts and identities stay fixed; no duplicate state copy is created. No additional external source, extra copy, unlisted object exists. All globally protected identity, shape, material, scene, and camera attributes stay unchanged. Declared source loss and result gain remain coupled. [VIOLATED RELATION] The declared cause occurs BUT the required target change does not become visible.","[0] [阶段实体清单] 当前存在： 网球（ball）: 恰好1个，状态 gap_state=right_departing, direction=rightward_away，正在过渡; 球拍（racket）: 恰好1个，正在过渡. 数量和身份保持固定；不创建重复的状态副本。 不存在额外的外部来源、额外副本或未列出的物体。 所有受全局保护的身份、形状、材质、场景和相机属性保持不变。 声明的来源减少与结果增加保持耦合。 [违规关系] 声明的原因已经发生，但所要求的目标变化没有变得可见。",
P03,/home/liuzhirui/Project/physGen/code/v3/outputs/trace_writer/trace-v3-m3-phase5/P03/i2v/seed_000042/video.mp4,The yellow tennis ball crosses the dark green court leftward into the black-and-white racket and departs rightward after contact.,黄色网球在深绿色球场上向左运动并撞上黑白球拍，接触后向右离开。,terminal,终止/保持阶段,"The terminal facts gap_state=right_departing, direction=rightward_away REMAIN through the final frames. [AND] The same logical slot has only its valid state; mutually exclusive facts direction=leftward_toward_racket, direction=rightward_away do not coexist.",最终事实 gap_state=right_departing（向右离开）、direction=rightward_away（向右远离） 在最后几帧持续保持。 [且] 同一逻辑槽位只具有其有效状态；互斥事实 direction=leftward_toward_racket（向左朝球拍）与 direction=rightward_away（向右远离） 不会共存。,"[0] The valid terminal state returns to its mutually exclusive earlier state. [AND] The same logical slot has only its valid state; mutually exclusive facts direction=leftward_toward_racket, direction=rightward_away do not coexist.
[1] The terminal facts gap_state=right_departing, direction=rightward_away REMAIN through the final frames. [AND] Copies of the same logical slot appear in mutually exclusive states at the same time.","[0] 有效的终止状态恢复成与其互斥的较早状态。 [且] 同一逻辑槽位只具有其有效状态；互斥事实 direction=leftward_toward_racket（向左朝球拍）与 direction=rightward_away（向右远离） 不会共存。
[1] 最终事实 gap_state=right_departing（向右离开）、direction=rightward_away（向右远离） 在最后几帧持续保持。 [且] 同一逻辑槽位的多个副本同时以互斥状态出现。","[STAGE ENTITY INVENTORY] Present now: ball: exactly 1, state gap_state=right_departing, direction=rightward_away, required; racket: exactly 1, required. Counts and identities stay fixed; no duplicate state copy is created. No additional external source, extra copy, unlisted object exists. All globally protected identity, shape, material, scene, and camera attributes stay unchanged. Declared source loss and result gain remain coupled. [VALID RELATION] The terminal facts gap_state=right_departing, direction=rightward_away REMAIN through the final frames. [AND] The same logical slot has only its valid state; mutually exclusive facts direction=leftward_toward_racket, direction=rightward_away do not coexist.","[阶段实体清单] 当前存在： 网球（ball）: 恰好1个，状态 gap_state=right_departing, direction=rightward_away，必需; 球拍（racket）: 恰好1个，必需. 数量和身份保持固定；不创建重复的状态副本。 不存在额外的外部来源、额外副本或未列出的物体。 所有受全局保护的身份、形状、材质、场景和相机属性保持不变。 声明的来源减少与结果增加保持耦合。 [有效关系] 最终事实 gap_state=right_departing（向右离开）、direction=rightward_away（向右远离） 在最后几帧持续保持。 [且] 同一逻辑槽位只具有其有效状态；互斥事实 direction=leftward_toward_racket（向左朝球拍）与 direction=rightward_away（向右远离） 不会共存。","[0] [STAGE ENTITY INVENTORY] Present now: ball: exactly 1, state gap_state=right_departing, direction=rightward_away, required; racket: exactly 1, required. Counts and identities stay fixed; no duplicate state copy is created. No additional external source, extra copy, unlisted object exists. All globally protected identity, shape, material, scene, and camera attributes stay unchanged. Declared source loss and result gain remain coupled. [VIOLATED RELATION] The valid terminal state returns to its mutually exclusive earlier state. [AND] The same logical slot has only its valid state; mutually exclusive facts direction=leftward_toward_racket, direction=rightward_away do not coexist.
[1] [STAGE ENTITY INVENTORY] Present now: ball: exactly 1, state gap_state=right_departing, direction=rightward_away, required; racket: exactly 1, required. Counts and identities stay fixed; no duplicate state copy is created. No additional external source, extra copy, unlisted object exists. All globally protected identity, shape, material, scene, and camera attributes stay unchanged. Declared source loss and result gain remain coupled. [VIOLATED RELATION] The terminal facts gap_state=right_departing, direction=rightward_away REMAIN through the final frames. [AND] Copies of the same logical slot appear in mutually exclusive states at the same time.","[0] [阶段实体清单] 当前存在： 网球（ball）: 恰好1个，状态 gap_state=right_departing, direction=rightward_away，必需; 球拍（racket）: 恰好1个，必需. 数量和身份保持固定；不创建重复的状态副本。 不存在额外的外部来源、额外副本或未列出的物体。 所有受全局保护的身份、形状、材质、场景和相机属性保持不变。 声明的来源减少与结果增加保持耦合。 [违规关系] 有效的终止状态恢复成与其互斥的较早状态。 [且] 同一逻辑槽位只具有其有效状态；互斥事实 direction=leftward_toward_racket（向左朝球拍）与 direction=rightward_away（向右远离） 不会共存。
[1] [阶段实体清单] 当前存在： 网球（ball）: 恰好1个，状态 gap_state=right_departing, direction=rightward_away，必需; 球拍（racket）: 恰好1个，必需. 数量和身份保持固定；不创建重复的状态副本。 不存在额外的外部来源、额外副本或未列出的物体。 所有受全局保护的身份、形状、材质、场景和相机属性保持不变。 声明的来源减少与结果增加保持耦合。 [违规关系] 最终事实 gap_state=right_departing（向右离开）、direction=rightward_away（向右远离） 在最后几帧持续保持。 [且] 同一逻辑槽位的多个副本同时以互斥状态出现。",
P04,/home/liuzhirui/Project/physGen/code/v3/outputs/trace_writer/trace-v3-m3-phase5/P04/i2v/seed_000042/video.mp4,The pale wooden domino row on the beige floor falls from its near-left first domino toward the far-right end.,米色地面上的浅色木质多米诺骨牌列，从左近端第一块开始向最右端依次倒下。,setup,准备/初始阶段,the near-left first domino reaches its right neighbor happens BEFORE falling boundary advances left to right.,左近端第一块多米诺骨牌触及其右侧相邻骨牌先于倒下边界从左向右推进发生。,[0] falling boundary advances left to right is already present BEFORE the near-left first domino reaches its right neighbor.,[0] 在左近端第一块多米诺骨牌触及其右侧相邻骨牌发生之前，倒下边界从左向右推进已经出现。,"[STAGE ENTITY INVENTORY] Present now: first domino: exactly 1, state first_pose=upright, required; remaining row: one declared collective group, state row_progress=upright_regular_row, required. Counts and identities stay fixed; no duplicate state copy is created. No additional external source, extra copy, hand, person, tool, unlisted object exists. All globally protected identity, shape, material, scene, and camera attributes stay unchanged. Declared source loss and result gain remain coupled. [VALID RELATION] the near-left first domino reaches its right neighbor happens BEFORE falling boundary advances left to right.",[阶段实体清单] 当前存在： 第一块多米诺骨牌（first domino）: 恰好1个，状态 first_pose=upright，必需; 其余骨牌列（remaining row）: 1个已声明集合组，状态 row_progress=upright_regular_row，必需. 数量和身份保持固定；不创建重复的状态副本。 以下额外对象均不存在：外部来源、额外副本、手、人物、工具、未列出的物体。 所有受全局保护的身份、形状、材质、场景和相机属性保持不变。 声明的来源减少与结果增加保持耦合。 [有效关系] 左近端第一块多米诺骨牌触及其右侧相邻骨牌先于倒下边界从左向右推进发生。,"[0] [STAGE ENTITY INVENTORY] Present now: first domino: exactly 1, state first_pose=upright, required; remaining row: one declared collective group, state row_progress=upright_regular_row, required. Counts and identities stay fixed; no duplicate state copy is created. No additional external source, extra copy, hand, person, tool, unlisted object exists. All globally protected identity, shape, material, scene, and camera attributes stay unchanged. Declared source loss and result gain remain coupled. [VIOLATED RELATION] falling boundary advances left to right is already present BEFORE the near-left first domino reaches its right neighbor.",[0] [阶段实体清单] 当前存在： 第一块多米诺骨牌（first domino）: 恰好1个，状态 first_pose=upright，必需; 其余骨牌列（remaining row）: 1个已声明集合组，状态 row_progress=upright_regular_row，必需. 数量和身份保持固定；不创建重复的状态副本。 以下额外对象均不存在：外部来源、额外副本、手、人物、工具、未列出的物体。 所有受全局保护的身份、形状、材质、场景和相机属性保持不变。 声明的来源减少与结果增加保持耦合。 [违规关系] 在左近端第一块多米诺骨牌触及其右侧相邻骨牌发生之前，倒下边界从左向右推进已经出现。,源 results.json 报告 remaining_row 的精确视觉数量未解析，作为集合组保留。
P04,/home/liuzhirui/Project/physGen/code/v3/outputs/trace_writer/trace-v3-m3-phase5/P04/i2v/seed_000042/video.mp4,The pale wooden domino row on the beige floor falls from its near-left first domino toward the far-right end.,米色地面上的浅色木质多米诺骨牌列，从左近端第一块开始向最右端依次倒下。,onset,起始/触发阶段,the near-left first domino reaches its right neighbor happens BEFORE falling boundary advances left to right.,左近端第一块多米诺骨牌触及其右侧相邻骨牌先于倒下边界从左向右推进发生。,[0] falling boundary advances left to right happens BEFORE the near-left first domino reaches its right neighbor.,[0] 倒下边界从左向右推进先于左近端第一块多米诺骨牌触及其右侧相邻骨牌发生。,"[STAGE ENTITY INVENTORY] Present now: first domino: exactly 1, state first_pose=upright, transitioning; remaining row: one declared collective group, state row_progress=upright_regular_row, transitioning. Counts and identities stay fixed; no duplicate state copy is created. No additional external source, extra copy, hand, person, tool, unlisted object exists. All globally protected identity, shape, material, scene, and camera attributes stay unchanged. Declared source loss and result gain remain coupled. [VALID RELATION] the near-left first domino reaches its right neighbor happens BEFORE falling boundary advances left to right.",[阶段实体清单] 当前存在： 第一块多米诺骨牌（first domino）: 恰好1个，状态 first_pose=upright，正在过渡; 其余骨牌列（remaining row）: 1个已声明集合组，状态 row_progress=upright_regular_row，正在过渡. 数量和身份保持固定；不创建重复的状态副本。 以下额外对象均不存在：外部来源、额外副本、手、人物、工具、未列出的物体。 所有受全局保护的身份、形状、材质、场景和相机属性保持不变。 声明的来源减少与结果增加保持耦合。 [有效关系] 左近端第一块多米诺骨牌触及其右侧相邻骨牌先于倒下边界从左向右推进发生。,"[0] [STAGE ENTITY INVENTORY] Present now: first domino: exactly 1, state first_pose=upright, transitioning; remaining row: one declared collective group, state row_progress=upright_regular_row, transitioning. Counts and identities stay fixed; no duplicate state copy is created. No additional external source, extra copy, hand, person, tool, unlisted object exists. All globally protected identity, shape, material, scene, and camera attributes stay unchanged. Declared source loss and result gain remain coupled. [VIOLATED RELATION] falling boundary advances left to right happens BEFORE the near-left first domino reaches its right neighbor.",[0] [阶段实体清单] 当前存在： 第一块多米诺骨牌（first domino）: 恰好1个，状态 first_pose=upright，正在过渡; 其余骨牌列（remaining row）: 1个已声明集合组，状态 row_progress=upright_regular_row，正在过渡. 数量和身份保持固定；不创建重复的状态副本。 以下额外对象均不存在：外部来源、额外副本、手、人物、工具、未列出的物体。 所有受全局保护的身份、形状、材质、场景和相机属性保持不变。 声明的来源减少与结果增加保持耦合。 [违规关系] 倒下边界从左向右推进先于左近端第一块多米诺骨牌触及其右侧相邻骨牌发生。,源 results.json 报告 remaining_row 的精确视觉数量未解析，作为集合组保留。
P04,/home/liuzhirui/Project/physGen/code/v3/outputs/trace_writer/trace-v3-m3-phase5/P04/i2v/seed_000042/video.mp4,The pale wooden domino row on the beige floor falls from its near-left first domino toward the far-right end.,米色地面上的浅色木质多米诺骨牌列，从左近端第一块开始向最右端依次倒下。,evolution,演化阶段,The coupled changes occur together: first piece rotates toward its right neighbor WHILE falling boundary advances left to right.,耦合变化同时发生：第一块骨牌向右侧相邻骨牌旋转，同时倒下边界从左向右推进。,[0] Only one coupled change occurs while the other remains unchanged: first piece rotates toward its right neighbor; falling boundary advances left to right.,[0] 只有一个耦合变化发生，另一个保持不变：第一块骨牌向右侧相邻骨牌旋转；倒下边界从左向右推进。,"[STAGE ENTITY INVENTORY] Present now: first domino: exactly 1, state first_pose=fallen_rightward, required; remaining row: one declared collective group, state row_progress=fallen_row, required. Counts and identities stay fixed; no duplicate state copy is created. No additional external source, extra copy, hand, person, tool, unlisted object exists. All globally protected identity, shape, material, scene, and camera attributes stay unchanged. Declared source loss and result gain remain coupled. [VALID RELATION] The coupled changes occur together: first piece rotates toward its right neighbor WHILE falling boundary advances left to right.",[阶段实体清单] 当前存在： 第一块多米诺骨牌（first domino）: 恰好1个，状态 first_pose=fallen_rightward，必需; 其余骨牌列（remaining row）: 1个已声明集合组，状态 row_progress=fallen_row，必需. 数量和身份保持固定；不创建重复的状态副本。 以下额外对象均不存在：外部来源、额外副本、手、人物、工具、未列出的物体。 所有受全局保护的身份、形状、材质、场景和相机属性保持不变。 声明的来源减少与结果增加保持耦合。 [有效关系] 耦合变化同时发生：第一块骨牌向右侧相邻骨牌旋转，同时倒下边界从左向右推进。,"[0] [STAGE ENTITY INVENTORY] Present now: first domino: exactly 1, state first_pose=fallen_rightward, required; remaining row: one declared collective group, state row_progress=fallen_row, required. Counts and identities stay fixed; no duplicate state copy is created. No additional external source, extra copy, hand, person, tool, unlisted object exists. All globally protected identity, shape, material, scene, and camera attributes stay unchanged. Declared source loss and result gain remain coupled. [VIOLATED RELATION] Only one coupled change occurs while the other remains unchanged: first piece rotates toward its right neighbor; falling boundary advances left to right.",[0] [阶段实体清单] 当前存在： 第一块多米诺骨牌（first domino）: 恰好1个，状态 first_pose=fallen_rightward，必需; 其余骨牌列（remaining row）: 1个已声明集合组，状态 row_progress=fallen_row，必需. 数量和身份保持固定；不创建重复的状态副本。 以下额外对象均不存在：外部来源、额外副本、手、人物、工具、未列出的物体。 所有受全局保护的身份、形状、材质、场景和相机属性保持不变。 声明的来源减少与结果增加保持耦合。 [违规关系] 只有一个耦合变化发生，另一个保持不变：第一块骨牌向右侧相邻骨牌旋转；倒下边界从左向右推进。,源 results.json 报告 remaining_row 的精确视觉数量未解析，作为集合组保留。
P04,/home/liuzhirui/Project/physGen/code/v3/outputs/trace_writer/trace-v3-m3-phase5/P04/i2v/seed_000042/video.mp4,The pale wooden domino row on the beige floor falls from its near-left first domino toward the far-right end.,米色地面上的浅色木质多米诺骨牌列，从左近端第一块开始向最右端依次倒下。,completion,完成阶段,The coupled changes occur together: first piece rotates toward its right neighbor WHILE falling boundary advances left to right.,耦合变化同时发生：第一块骨牌向右侧相邻骨牌旋转，同时倒下边界从左向右推进。,[0] The declared cause occurs BUT the required target change does not become visible.,[0] 声明的原因已经发生，但所要求的目标变化没有变得可见。,"[STAGE ENTITY INVENTORY] Present now: first domino: exactly 1, state first_pose=fallen_rightward, transitioning; remaining row: one declared collective group, state row_progress=fallen_row, transitioning. Counts and identities stay fixed; no duplicate state copy is created. No additional external source, extra copy, hand, person, tool, unlisted object exists. All globally protected identity, shape, material, scene, and camera attributes stay unchanged. Declared source loss and result gain remain coupled. [VALID RELATION] The coupled changes occur together: first piece rotates toward its right neighbor WHILE falling boundary advances left to right.",[阶段实体清单] 当前存在： 第一块多米诺骨牌（first domino）: 恰好1个，状态 first_pose=fallen_rightward，正在过渡; 其余骨牌列（remaining row）: 1个已声明集合组，状态 row_progress=fallen_row，正在过渡. 数量和身份保持固定；不创建重复的状态副本。 以下额外对象均不存在：外部来源、额外副本、手、人物、工具、未列出的物体。 所有受全局保护的身份、形状、材质、场景和相机属性保持不变。 声明的来源减少与结果增加保持耦合。 [有效关系] 耦合变化同时发生：第一块骨牌向右侧相邻骨牌旋转，同时倒下边界从左向右推进。,"[0] [STAGE ENTITY INVENTORY] Present now: first domino: exactly 1, state first_pose=fallen_rightward, transitioning; remaining row: one declared collective group, state row_progress=fallen_row, transitioning. Counts and identities stay fixed; no duplicate state copy is created. No additional external source, extra copy, hand, person, tool, unlisted object exists. All globally protected identity, shape, material, scene, and camera attributes stay unchanged. Declared source loss and result gain remain coupled. [VIOLATED RELATION] The declared cause occurs BUT the required target change does not become visible.",[0] [阶段实体清单] 当前存在： 第一块多米诺骨牌（first domino）: 恰好1个，状态 first_pose=fallen_rightward，正在过渡; 其余骨牌列（remaining row）: 1个已声明集合组，状态 row_progress=fallen_row，正在过渡. 数量和身份保持固定；不创建重复的状态副本。 以下额外对象均不存在：外部来源、额外副本、手、人物、工具、未列出的物体。 所有受全局保护的身份、形状、材质、场景和相机属性保持不变。 声明的来源减少与结果增加保持耦合。 [违规关系] 声明的原因已经发生，但所要求的目标变化没有变得可见。,源 results.json 报告 remaining_row 的精确视觉数量未解析，作为集合组保留。
P04,/home/liuzhirui/Project/physGen/code/v3/outputs/trace_writer/trace-v3-m3-phase5/P04/i2v/seed_000042/video.mp4,The pale wooden domino row on the beige floor falls from its near-left first domino toward the far-right end.,米色地面上的浅色木质多米诺骨牌列，从左近端第一块开始向最右端依次倒下。,terminal,终止/保持阶段,"The terminal facts first_pose=fallen_rightward, row_progress=fallen_row REMAIN through the final frames. [AND] The same logical slot has only its valid state; mutually exclusive facts row_progress=upright_regular_row, row_progress=fallen_row do not coexist.",最终事实 first_pose=fallen_rightward（向右倒下）、row_progress=fallen_row（整列已倒） 在最后几帧持续保持。 [且] 同一逻辑槽位只具有其有效状态；互斥事实 row_progress=upright_regular_row（直立整齐排列）与 row_progress=fallen_row（整列已倒） 不会共存。,"[0] The valid terminal state returns to its mutually exclusive earlier state. [AND] The same logical slot has only its valid state; mutually exclusive facts row_progress=upright_regular_row, row_progress=fallen_row do not coexist.
[1] The terminal facts first_pose=fallen_rightward, row_progress=fallen_row REMAIN through the final frames. [AND] Copies of the same logical slot appear in mutually exclusive states at the same time.","[0] 有效的终止状态恢复成与其互斥的较早状态。 [且] 同一逻辑槽位只具有其有效状态；互斥事实 row_progress=upright_regular_row（直立整齐排列）与 row_progress=fallen_row（整列已倒） 不会共存。
[1] 最终事实 first_pose=fallen_rightward（向右倒下）、row_progress=fallen_row（整列已倒） 在最后几帧持续保持。 [且] 同一逻辑槽位的多个副本同时以互斥状态出现。","[STAGE ENTITY INVENTORY] Present now: first domino: exactly 1, state first_pose=fallen_rightward, required; remaining row: one declared collective group, state row_progress=fallen_row, required. Counts and identities stay fixed; no duplicate state copy is created. No additional external source, extra copy, hand, person, tool, unlisted object exists. All globally protected identity, shape, material, scene, and camera attributes stay unchanged. Declared source loss and result gain remain coupled. [VALID RELATION] The terminal facts first_pose=fallen_rightward, row_progress=fallen_row REMAIN through the final frames. [AND] The same logical slot has only its valid state; mutually exclusive facts row_progress=upright_regular_row, row_progress=fallen_row do not coexist.",[阶段实体清单] 当前存在： 第一块多米诺骨牌（first domino）: 恰好1个，状态 first_pose=fallen_rightward，必需; 其余骨牌列（remaining row）: 1个已声明集合组，状态 row_progress=fallen_row，必需. 数量和身份保持固定；不创建重复的状态副本。 以下额外对象均不存在：外部来源、额外副本、手、人物、工具、未列出的物体。 所有受全局保护的身份、形状、材质、场景和相机属性保持不变。 声明的来源减少与结果增加保持耦合。 [有效关系] 最终事实 first_pose=fallen_rightward（向右倒下）、row_progress=fallen_row（整列已倒） 在最后几帧持续保持。 [且] 同一逻辑槽位只具有其有效状态；互斥事实 row_progress=upright_regular_row（直立整齐排列）与 row_progress=fallen_row（整列已倒） 不会共存。,"[0] [STAGE ENTITY INVENTORY] Present now: first domino: exactly 1, state first_pose=fallen_rightward, required; remaining row: one declared collective group, state row_progress=fallen_row, required. Counts and identities stay fixed; no duplicate state copy is created. No additional external source, extra copy, hand, person, tool, unlisted object exists. All globally protected identity, shape, material, scene, and camera attributes stay unchanged. Declared source loss and result gain remain coupled. [VIOLATED RELATION] The valid terminal state returns to its mutually exclusive earlier state. [AND] The same logical slot has only its valid state; mutually exclusive facts row_progress=upright_regular_row, row_progress=fallen_row do not coexist.
[1] [STAGE ENTITY INVENTORY] Present now: first domino: exactly 1, state first_pose=fallen_rightward, required; remaining row: one declared collective group, state row_progress=fallen_row, required. Counts and identities stay fixed; no duplicate state copy is created. No additional external source, extra copy, hand, person, tool, unlisted object exists. All globally protected identity, shape, material, scene, and camera attributes stay unchanged. Declared source loss and result gain remain coupled. [VIOLATED RELATION] The terminal facts first_pose=fallen_rightward, row_progress=fallen_row REMAIN through the final frames. [AND] Copies of the same logical slot appear in mutually exclusive states at the same time.","[0] [阶段实体清单] 当前存在： 第一块多米诺骨牌（first domino）: 恰好1个，状态 first_pose=fallen_rightward，必需; 其余骨牌列（remaining row）: 1个已声明集合组，状态 row_progress=fallen_row，必需. 数量和身份保持固定；不创建重复的状态副本。 以下额外对象均不存在：外部来源、额外副本、手、人物、工具、未列出的物体。 所有受全局保护的身份、形状、材质、场景和相机属性保持不变。 声明的来源减少与结果增加保持耦合。 [违规关系] 有效的终止状态恢复成与其互斥的较早状态。 [且] 同一逻辑槽位只具有其有效状态；互斥事实 row_progress=upright_regular_row（直立整齐排列）与 row_progress=fallen_row（整列已倒） 不会共存。
[1] [阶段实体清单] 当前存在： 第一块多米诺骨牌（first domino）: 恰好1个，状态 first_pose=fallen_rightward，必需; 其余骨牌列（remaining row）: 1个已声明集合组，状态 row_progress=fallen_row，必需. 数量和身份保持固定；不创建重复的状态副本。 以下额外对象均不存在：外部来源、额外副本、手、人物、工具、未列出的物体。 所有受全局保护的身份、形状、材质、场景和相机属性保持不变。 声明的来源减少与结果增加保持耦合。 [违规关系] 最终事实 first_pose=fallen_rightward（向右倒下）、row_progress=fallen_row（整列已倒） 在最后几帧持续保持。 [且] 同一逻辑槽位的多个副本同时以互斥状态出现。",源 results.json 报告 remaining_row 的精确视觉数量未解析，作为集合组保留。
P05,/home/liuzhirui/Project/physGen/code/v3/outputs/trace_writer/trace-v3-m3-phase5/P05/i2v/seed_000042/video.mp4,The small light-wood block slides down the light-wood wedge ramp onto the rough gray floor and stops.,小块浅色木块沿浅色木质楔形斜坡滑下，进入粗糙的灰色地面并停止。,setup,准备/初始阶段,first visible block displacement down the wooden slope happens BEFORE position descends rightward to gray floor.,木块首次明显沿木质斜面发生位移先于位置向右下方移动至灰色地面发生。,[0] position descends rightward to gray floor is already present BEFORE first visible block displacement down the wooden slope.,[0] 在木块首次明显沿木质斜面发生位移发生之前，位置向右下方移动至灰色地面已经出现。,"[STAGE ENTITY INVENTORY] Present now: block: exactly 1, state location=upper_left_ramp, motion=still, required; ramp: exactly 1, required; rough floor: one declared collective group, required. Counts and identities stay fixed; no duplicate state copy is created. No additional external source, extra copy, unlisted object exists. All globally protected identity, shape, material, scene, and camera attributes stay unchanged. Declared source loss and result gain remain coupled. [VALID RELATION] first visible block displacement down the wooden slope happens BEFORE position descends rightward to gray floor.","[阶段实体清单] 当前存在： 木块（block）: 恰好1个，状态 location=upper_left_ramp, motion=still，必需; 斜坡（ramp）: 恰好1个，必需; 粗糙地面（rough floor）: 1个已声明集合组，必需. 数量和身份保持固定；不创建重复的状态副本。 不存在额外的外部来源、额外副本或未列出的物体。 所有受全局保护的身份、形状、材质、场景和相机属性保持不变。 声明的来源减少与结果增加保持耦合。 [有效关系] 木块首次明显沿木质斜面发生位移先于位置向右下方移动至灰色地面发生。","[0] [STAGE ENTITY INVENTORY] Present now: block: exactly 1, state location=upper_left_ramp, motion=still, required; ramp: exactly 1, required; rough floor: one declared collective group, required. Counts and identities stay fixed; no duplicate state copy is created. No additional external source, extra copy, unlisted object exists. All globally protected identity, shape, material, scene, and camera attributes stay unchanged. Declared source loss and result gain remain coupled. [VIOLATED RELATION] position descends rightward to gray floor is already present BEFORE first visible block displacement down the wooden slope.","[0] [阶段实体清单] 当前存在： 木块（block）: 恰好1个，状态 location=upper_left_ramp, motion=still，必需; 斜坡（ramp）: 恰好1个，必需; 粗糙地面（rough floor）: 1个已声明集合组，必需. 数量和身份保持固定；不创建重复的状态副本。 不存在额外的外部来源、额外副本或未列出的物体。 所有受全局保护的身份、形状、材质、场景和相机属性保持不变。 声明的来源减少与结果增加保持耦合。 [违规关系] 在木块首次明显沿木质斜面发生位移发生之前，位置向右下方移动至灰色地面已经出现。",
P05,/home/liuzhirui/Project/physGen/code/v3/outputs/trace_writer/trace-v3-m3-phase5/P05/i2v/seed_000042/video.mp4,The small light-wood block slides down the light-wood wedge ramp onto the rough gray floor and stops.,小块浅色木块沿浅色木质楔形斜坡滑下，进入粗糙的灰色地面并停止。,onset,起始/触发阶段,first visible block displacement down the wooden slope happens BEFORE position descends rightward to gray floor.,木块首次明显沿木质斜面发生位移先于位置向右下方移动至灰色地面发生。,[0] position descends rightward to gray floor happens BEFORE first visible block displacement down the wooden slope.,[0] 位置向右下方移动至灰色地面先于木块首次明显沿木质斜面发生位移发生。,"[STAGE ENTITY INVENTORY] Present now: block: exactly 1, state location=upper_left_ramp, motion=still, transitioning; ramp: exactly 1, required; rough floor: one declared collective group, transitioning. Counts and identities stay fixed; no duplicate state copy is created. No additional external source, extra copy, unlisted object exists. All globally protected identity, shape, material, scene, and camera attributes stay unchanged. Declared source loss and result gain remain coupled. [VALID RELATION] first visible block displacement down the wooden slope happens BEFORE position descends rightward to gray floor.","[阶段实体清单] 当前存在： 木块（block）: 恰好1个，状态 location=upper_left_ramp, motion=still，正在过渡; 斜坡（ramp）: 恰好1个，必需; 粗糙地面（rough floor）: 1个已声明集合组，正在过渡. 数量和身份保持固定；不创建重复的状态副本。 不存在额外的外部来源、额外副本或未列出的物体。 所有受全局保护的身份、形状、材质、场景和相机属性保持不变。 声明的来源减少与结果增加保持耦合。 [有效关系] 木块首次明显沿木质斜面发生位移先于位置向右下方移动至灰色地面发生。","[0] [STAGE ENTITY INVENTORY] Present now: block: exactly 1, state location=upper_left_ramp, motion=still, transitioning; ramp: exactly 1, required; rough floor: one declared collective group, transitioning. Counts and identities stay fixed; no duplicate state copy is created. No additional external source, extra copy, unlisted object exists. All globally protected identity, shape, material, scene, and camera attributes stay unchanged. Declared source loss and result gain remain coupled. [VIOLATED RELATION] position descends rightward to gray floor happens BEFORE first visible block displacement down the wooden slope.","[0] [阶段实体清单] 当前存在： 木块（block）: 恰好1个，状态 location=upper_left_ramp, motion=still，正在过渡; 斜坡（ramp）: 恰好1个，必需; 粗糙地面（rough floor）: 1个已声明集合组，正在过渡. 数量和身份保持固定；不创建重复的状态副本。 不存在额外的外部来源、额外副本或未列出的物体。 所有受全局保护的身份、形状、材质、场景和相机属性保持不变。 声明的来源减少与结果增加保持耦合。 [违规关系] 位置向右下方移动至灰色地面先于木块首次明显沿木质斜面发生位移发生。",
P05,/home/liuzhirui/Project/physGen/code/v3/outputs/trace_writer/trace-v3-m3-phase5/P05/i2v/seed_000042/video.mp4,The small light-wood block slides down the light-wood wedge ramp onto the rough gray floor and stops.,小块浅色木块沿浅色木质楔形斜坡滑下，进入粗糙的灰色地面并停止。,evolution,演化阶段,The declared change position descends rightward to gray floor occurs in its stated direction.,已声明的变化“位置向右下方移动至灰色地面”按规定方向发生。,[0] The same declared property changes in the opposite or out-of-range direction.,[0] 同一项已声明属性朝相反方向变化，或变化超出规定范围。,"[STAGE ENTITY INVENTORY] Present now: block: exactly 1, state location=right_gray_floor, motion=sliding, required; ramp: exactly 1, required; rough floor: one declared collective group, required. Counts and identities stay fixed; no duplicate state copy is created. No additional external source, extra copy, unlisted object exists. All globally protected identity, shape, material, scene, and camera attributes stay unchanged. Declared source loss and result gain remain coupled. [VALID RELATION] The declared change position descends rightward to gray floor occurs in its stated direction.","[阶段实体清单] 当前存在： 木块（block）: 恰好1个，状态 location=right_gray_floor, motion=sliding，必需; 斜坡（ramp）: 恰好1个，必需; 粗糙地面（rough floor）: 1个已声明集合组，必需. 数量和身份保持固定；不创建重复的状态副本。 不存在额外的外部来源、额外副本或未列出的物体。 所有受全局保护的身份、形状、材质、场景和相机属性保持不变。 声明的来源减少与结果增加保持耦合。 [有效关系] 已声明的变化“位置向右下方移动至灰色地面”按规定方向发生。","[0] [STAGE ENTITY INVENTORY] Present now: block: exactly 1, state location=right_gray_floor, motion=sliding, required; ramp: exactly 1, required; rough floor: one declared collective group, required. Counts and identities stay fixed; no duplicate state copy is created. No additional external source, extra copy, unlisted object exists. All globally protected identity, shape, material, scene, and camera attributes stay unchanged. Declared source loss and result gain remain coupled. [VIOLATED RELATION] The same declared property changes in the opposite or out-of-range direction.","[0] [阶段实体清单] 当前存在： 木块（block）: 恰好1个，状态 location=right_gray_floor, motion=sliding，必需; 斜坡（ramp）: 恰好1个，必需; 粗糙地面（rough floor）: 1个已声明集合组，必需. 数量和身份保持固定；不创建重复的状态副本。 不存在额外的外部来源、额外副本或未列出的物体。 所有受全局保护的身份、形状、材质、场景和相机属性保持不变。 声明的来源减少与结果增加保持耦合。 [违规关系] 同一项已声明属性朝相反方向变化，或变化超出规定范围。",
P05,/home/liuzhirui/Project/physGen/code/v3/outputs/trace_writer/trace-v3-m3-phase5/P05/i2v/seed_000042/video.mp4,The small light-wood block slides down the light-wood wedge ramp onto the rough gray floor and stops.,小块浅色木块沿浅色木质楔形斜坡滑下，进入粗糙的灰色地面并停止。,completion,完成阶段,The declared change rightward displacement contracts to zero occurs in its stated direction.,已声明的变化“向右位移收缩至零”按规定方向发生。,[0] The declared cause occurs BUT the required target change does not become visible.,[0] 声明的原因已经发生，但所要求的目标变化没有变得可见。,"[STAGE ENTITY INVENTORY] Present now: block: exactly 1, state location=right_gray_floor, motion=stopped, transitioning; ramp: exactly 1, required; rough floor: one declared collective group, transitioning. Counts and identities stay fixed; no duplicate state copy is created. No additional external source, extra copy, unlisted object exists. All globally protected identity, shape, material, scene, and camera attributes stay unchanged. Declared source loss and result gain remain coupled. [VALID RELATION] The declared change rightward displacement contracts to zero occurs in its stated direction.","[阶段实体清单] 当前存在： 木块（block）: 恰好1个，状态 location=right_gray_floor, motion=stopped，正在过渡; 斜坡（ramp）: 恰好1个，必需; 粗糙地面（rough floor）: 1个已声明集合组，正在过渡. 数量和身份保持固定；不创建重复的状态副本。 不存在额外的外部来源、额外副本或未列出的物体。 所有受全局保护的身份、形状、材质、场景和相机属性保持不变。 声明的来源减少与结果增加保持耦合。 [有效关系] 已声明的变化“向右位移收缩至零”按规定方向发生。","[0] [STAGE ENTITY INVENTORY] Present now: block: exactly 1, state location=right_gray_floor, motion=stopped, transitioning; ramp: exactly 1, required; rough floor: one declared collective group, transitioning. Counts and identities stay fixed; no duplicate state copy is created. No additional external source, extra copy, unlisted object exists. All globally protected identity, shape, material, scene, and camera attributes stay unchanged. Declared source loss and result gain remain coupled. [VIOLATED RELATION] The declared cause occurs BUT the required target change does not become visible.","[0] [阶段实体清单] 当前存在： 木块（block）: 恰好1个，状态 location=right_gray_floor, motion=stopped，正在过渡; 斜坡（ramp）: 恰好1个，必需; 粗糙地面（rough floor）: 1个已声明集合组，正在过渡. 数量和身份保持固定；不创建重复的状态副本。 不存在额外的外部来源、额外副本或未列出的物体。 所有受全局保护的身份、形状、材质、场景和相机属性保持不变。 声明的来源减少与结果增加保持耦合。 [违规关系] 声明的原因已经发生，但所要求的目标变化没有变得可见。",
P05,/home/liuzhirui/Project/physGen/code/v3/outputs/trace_writer/trace-v3-m3-phase5/P05/i2v/seed_000042/video.mp4,The small light-wood block slides down the light-wood wedge ramp onto the rough gray floor and stops.,小块浅色木块沿浅色木质楔形斜坡滑下，进入粗糙的灰色地面并停止。,terminal,终止/保持阶段,"The terminal facts location=right_gray_floor, motion=stopped REMAIN through the final frames. [AND] The same logical slot has only its valid state; mutually exclusive facts motion=sliding, motion=stopped do not coexist.",最终事实 location=right_gray_floor（右侧灰色地面）、motion=stopped（停止） 在最后几帧持续保持。 [且] 同一逻辑槽位只具有其有效状态；互斥事实 motion=sliding（滑动）与 motion=stopped（停止） 不会共存。,"[0] The valid terminal state returns to its mutually exclusive earlier state. [AND] The same logical slot has only its valid state; mutually exclusive facts motion=sliding, motion=stopped do not coexist.
[1] The terminal facts location=right_gray_floor, motion=stopped REMAIN through the final frames. [AND] Copies of the same logical slot appear in mutually exclusive states at the same time.","[0] 有效的终止状态恢复成与其互斥的较早状态。 [且] 同一逻辑槽位只具有其有效状态；互斥事实 motion=sliding（滑动）与 motion=stopped（停止） 不会共存。
[1] 最终事实 location=right_gray_floor（右侧灰色地面）、motion=stopped（停止） 在最后几帧持续保持。 [且] 同一逻辑槽位的多个副本同时以互斥状态出现。","[STAGE ENTITY INVENTORY] Present now: block: exactly 1, state location=right_gray_floor, motion=stopped, required; ramp: exactly 1, required; rough floor: one declared collective group, required. Counts and identities stay fixed; no duplicate state copy is created. No additional external source, extra copy, unlisted object exists. All globally protected identity, shape, material, scene, and camera attributes stay unchanged. Declared source loss and result gain remain coupled. [VALID RELATION] The terminal facts location=right_gray_floor, motion=stopped REMAIN through the final frames. [AND] The same logical slot has only its valid state; mutually exclusive facts motion=sliding, motion=stopped do not coexist.","[阶段实体清单] 当前存在： 木块（block）: 恰好1个，状态 location=right_gray_floor, motion=stopped，必需; 斜坡（ramp）: 恰好1个，必需; 粗糙地面（rough floor）: 1个已声明集合组，必需. 数量和身份保持固定；不创建重复的状态副本。 不存在额外的外部来源、额外副本或未列出的物体。 所有受全局保护的身份、形状、材质、场景和相机属性保持不变。 声明的来源减少与结果增加保持耦合。 [有效关系] 最终事实 location=right_gray_floor（右侧灰色地面）、motion=stopped（停止） 在最后几帧持续保持。 [且] 同一逻辑槽位只具有其有效状态；互斥事实 motion=sliding（滑动）与 motion=stopped（停止） 不会共存。","[0] [STAGE ENTITY INVENTORY] Present now: block: exactly 1, state location=right_gray_floor, motion=stopped, required; ramp: exactly 1, required; rough floor: one declared collective group, required. Counts and identities stay fixed; no duplicate state copy is created. No additional external source, extra copy, unlisted object exists. All globally protected identity, shape, material, scene, and camera attributes stay unchanged. Declared source loss and result gain remain coupled. [VIOLATED RELATION] The valid terminal state returns to its mutually exclusive earlier state. [AND] The same logical slot has only its valid state; mutually exclusive facts motion=sliding, motion=stopped do not coexist.
[1] [STAGE ENTITY INVENTORY] Present now: block: exactly 1, state location=right_gray_floor, motion=stopped, required; ramp: exactly 1, required; rough floor: one declared collective group, required. Counts and identities stay fixed; no duplicate state copy is created. No additional external source, extra copy, unlisted object exists. All globally protected identity, shape, material, scene, and camera attributes stay unchanged. Declared source loss and result gain remain coupled. [VIOLATED RELATION] The terminal facts location=right_gray_floor, motion=stopped REMAIN through the final frames. [AND] Copies of the same logical slot appear in mutually exclusive states at the same time.","[0] [阶段实体清单] 当前存在： 木块（block）: 恰好1个，状态 location=right_gray_floor, motion=stopped，必需; 斜坡（ramp）: 恰好1个，必需; 粗糙地面（rough floor）: 1个已声明集合组，必需. 数量和身份保持固定；不创建重复的状态副本。 不存在额外的外部来源、额外副本或未列出的物体。 所有受全局保护的身份、形状、材质、场景和相机属性保持不变。 声明的来源减少与结果增加保持耦合。 [违规关系] 有效的终止状态恢复成与其互斥的较早状态。 [且] 同一逻辑槽位只具有其有效状态；互斥事实 motion=sliding（滑动）与 motion=stopped（停止） 不会共存。
[1] [阶段实体清单] 当前存在： 木块（block）: 恰好1个，状态 location=right_gray_floor, motion=stopped，必需; 斜坡（ramp）: 恰好1个，必需; 粗糙地面（rough floor）: 1个已声明集合组，必需. 数量和身份保持固定；不创建重复的状态副本。 不存在额外的外部来源、额外副本或未列出的物体。 所有受全局保护的身份、形状、材质、场景和相机属性保持不变。 声明的来源减少与结果增加保持耦合。 [违规关系] 最终事实 location=right_gray_floor（右侧灰色地面）、motion=stopped（停止） 在最后几帧持续保持。 [且] 同一逻辑槽位的多个副本同时以互斥状态出现。",
P06,/home/liuzhirui/Project/physGen/code/v3/outputs/trace_writer/trace-v3-m3-phase5/P06/i2v/seed_000042/video.mp4,"The blue-edged closed book leaves the left wooden shelf, falls through the open wall space, and lands open on the wood floor.",蓝边合拢的书离开左侧木架，穿过墙前的开放空间下落，并以打开状态落在木地板上。,setup,准备/初始阶段,the book passes the visible right end of the wooden shelf happens BEFORE book moves right of shelf then downward.,书越过木架可见的右端先于书先移至书架右侧再向下运动发生。,[0] book moves right of shelf then downward is already present BEFORE the book passes the visible right end of the wooden shelf.,[0] 在书越过木架可见的右端发生之前，书先移至书架右侧再向下运动已经出现。,"[STAGE ENTITY INVENTORY] Present now: book: exactly 1, state position=left_shelf, support=wood_shelf_supported, book_state=closed, required; shelf: exactly 1, required; floor: one declared collective group, required. Counts and identities stay fixed; no duplicate state copy is created. No additional external source, extra copy, hand, person, tool, unlisted object exists. All globally protected identity, shape, material, scene, and camera attributes stay unchanged. Declared source loss and result gain remain coupled. [VALID RELATION] the book passes the visible right end of the wooden shelf happens BEFORE book moves right of shelf then downward.","[阶段实体清单] 当前存在： 书（book）: 恰好1个，状态 position=left_shelf, support=wood_shelf_supported, book_state=closed，必需; 书架（shelf）: 恰好1个，必需; 地板（floor）: 1个已声明集合组，必需. 数量和身份保持固定；不创建重复的状态副本。 以下额外对象均不存在：外部来源、额外副本、手、人物、工具、未列出的物体。 所有受全局保护的身份、形状、材质、场景和相机属性保持不变。 声明的来源减少与结果增加保持耦合。 [有效关系] 书越过木架可见的右端先于书先移至书架右侧再向下运动发生。","[0] [STAGE ENTITY INVENTORY] Present now: book: exactly 1, state position=left_shelf, support=wood_shelf_supported, book_state=closed, required; shelf: exactly 1, required; floor: one declared collective group, required. Counts and identities stay fixed; no duplicate state copy is created. No additional external source, extra copy, hand, person, tool, unlisted object exists. All globally protected identity, shape, material, scene, and camera attributes stay unchanged. Declared source loss and result gain remain coupled. [VIOLATED RELATION] book moves right of shelf then downward is already present BEFORE the book passes the visible right end of the wooden shelf.","[0] [阶段实体清单] 当前存在： 书（book）: 恰好1个，状态 position=left_shelf, support=wood_shelf_supported, book_state=closed，必需; 书架（shelf）: 恰好1个，必需; 地板（floor）: 1个已声明集合组，必需. 数量和身份保持固定；不创建重复的状态副本。 以下额外对象均不存在：外部来源、额外副本、手、人物、工具、未列出的物体。 所有受全局保护的身份、形状、材质、场景和相机属性保持不变。 声明的来源减少与结果增加保持耦合。 [违规关系] 在书越过木架可见的右端发生之前，书先移至书架右侧再向下运动已经出现。",
P06,/home/liuzhirui/Project/physGen/code/v3/outputs/trace_writer/trace-v3-m3-phase5/P06/i2v/seed_000042/video.mp4,"The blue-edged closed book leaves the left wooden shelf, falls through the open wall space, and lands open on the wood floor.",蓝边合拢的书离开左侧木架，穿过墙前的开放空间下落，并以打开状态落在木地板上。,onset,起始/触发阶段,the book passes the visible right end of the wooden shelf happens BEFORE book moves right of shelf then downward.,书越过木架可见的右端先于书先移至书架右侧再向下运动发生。,[0] book moves right of shelf then downward happens BEFORE the book passes the visible right end of the wooden shelf.,[0] 书先移至书架右侧再向下运动先于书越过木架可见的右端发生。,"[STAGE ENTITY INVENTORY] Present now: book: exactly 1, state position=left_shelf, support=wood_shelf_supported, book_state=closed, transitioning; shelf: exactly 1, transitioning; floor: one declared collective group, required. Counts and identities stay fixed; no duplicate state copy is created. No additional external source, extra copy, hand, person, tool, unlisted object exists. All globally protected identity, shape, material, scene, and camera attributes stay unchanged. Declared source loss and result gain remain coupled. [VALID RELATION] the book passes the visible right end of the wooden shelf happens BEFORE book moves right of shelf then downward.","[阶段实体清单] 当前存在： 书（book）: 恰好1个，状态 position=left_shelf, support=wood_shelf_supported, book_state=closed，正在过渡; 书架（shelf）: 恰好1个，正在过渡; 地板（floor）: 1个已声明集合组，必需. 数量和身份保持固定；不创建重复的状态副本。 以下额外对象均不存在：外部来源、额外副本、手、人物、工具、未列出的物体。 所有受全局保护的身份、形状、材质、场景和相机属性保持不变。 声明的来源减少与结果增加保持耦合。 [有效关系] 书越过木架可见的右端先于书先移至书架右侧再向下运动发生。","[0] [STAGE ENTITY INVENTORY] Present now: book: exactly 1, state position=left_shelf, support=wood_shelf_supported, book_state=closed, transitioning; shelf: exactly 1, transitioning; floor: one declared collective group, required. Counts and identities stay fixed; no duplicate state copy is created. No additional external source, extra copy, hand, person, tool, unlisted object exists. All globally protected identity, shape, material, scene, and camera attributes stay unchanged. Declared source loss and result gain remain coupled. [VIOLATED RELATION] book moves right of shelf then downward happens BEFORE the book passes the visible right end of the wooden shelf.","[0] [阶段实体清单] 当前存在： 书（book）: 恰好1个，状态 position=left_shelf, support=wood_shelf_supported, book_state=closed，正在过渡; 书架（shelf）: 恰好1个，正在过渡; 地板（floor）: 1个已声明集合组，必需. 数量和身份保持固定；不创建重复的状态副本。 以下额外对象均不存在：外部来源、额外副本、手、人物、工具、未列出的物体。 所有受全局保护的身份、形状、材质、场景和相机属性保持不变。 声明的来源减少与结果增加保持耦合。 [违规关系] 书先移至书架右侧再向下运动先于书越过木架可见的右端发生。",
P06,/home/liuzhirui/Project/physGen/code/v3/outputs/trace_writer/trace-v3-m3-phase5/P06/i2v/seed_000042/video.mp4,"The blue-edged closed book leaves the left wooden shelf, falls through the open wall space, and lands open on the wood floor.",蓝边合拢的书离开左侧木架，穿过墙前的开放空间下落，并以打开状态落在木地板上。,evolution,演化阶段,The declared change book moves right of shelf then downward occurs in its stated direction.,已声明的变化“书先移至书架右侧再向下运动”按规定方向发生。,[0] The declared cause occurs BUT the required target change does not become visible.,[0] 声明的原因已经发生，但所要求的目标变化没有变得可见。,"[STAGE ENTITY INVENTORY] Present now: book: exactly 1, state position=airborne, support=unsupported, book_state=closed, required; shelf: exactly 1, required; floor: one declared collective group, required. Counts and identities stay fixed; no duplicate state copy is created. No additional external source, extra copy, hand, person, tool, unlisted object exists. All globally protected identity, shape, material, scene, and camera attributes stay unchanged. Declared source loss and result gain remain coupled. [VALID RELATION] The declared change book moves right of shelf then downward occurs in its stated direction.","[阶段实体清单] 当前存在： 书（book）: 恰好1个，状态 position=airborne, support=unsupported, book_state=closed，必需; 书架（shelf）: 恰好1个，必需; 地板（floor）: 1个已声明集合组，必需. 数量和身份保持固定；不创建重复的状态副本。 以下额外对象均不存在：外部来源、额外副本、手、人物、工具、未列出的物体。 所有受全局保护的身份、形状、材质、场景和相机属性保持不变。 声明的来源减少与结果增加保持耦合。 [有效关系] 已声明的变化“书先移至书架右侧再向下运动”按规定方向发生。","[0] [STAGE ENTITY INVENTORY] Present now: book: exactly 1, state position=airborne, support=unsupported, book_state=closed, required; shelf: exactly 1, required; floor: one declared collective group, required. Counts and identities stay fixed; no duplicate state copy is created. No additional external source, extra copy, hand, person, tool, unlisted object exists. All globally protected identity, shape, material, scene, and camera attributes stay unchanged. Declared source loss and result gain remain coupled. [VIOLATED RELATION] The declared cause occurs BUT the required target change does not become visible.","[0] [阶段实体清单] 当前存在： 书（book）: 恰好1个，状态 position=airborne, support=unsupported, book_state=closed，必需; 书架（shelf）: 恰好1个，必需; 地板（floor）: 1个已声明集合组，必需. 数量和身份保持固定；不创建重复的状态副本。 以下额外对象均不存在：外部来源、额外副本、手、人物、工具、未列出的物体。 所有受全局保护的身份、形状、材质、场景和相机属性保持不变。 声明的来源减少与结果增加保持耦合。 [违规关系] 声明的原因已经发生，但所要求的目标变化没有变得可见。",
P06,/home/liuzhirui/Project/physGen/code/v3/outputs/trace_writer/trace-v3-m3-phase5/P06/i2v/seed_000042/video.mp4,"The blue-edged closed book leaves the left wooden shelf, falls through the open wall space, and lands open on the wood floor.",蓝边合拢的书离开左侧木架，穿过墙前的开放空间下落，并以打开状态落在木地板上。,completion,完成阶段,The declared change blue-edged covers separate occurs in its stated direction.,已声明的变化“蓝边书封分开”按规定方向发生。,[0] The declared cause occurs BUT the required target change does not become visible.,[0] 声明的原因已经发生，但所要求的目标变化没有变得可见。,"[STAGE ENTITY INVENTORY] Present now: book: exactly 1, state position=wood_floor, support=floor_supported, book_state=open, transitioning; shelf: exactly 1, required; floor: one declared collective group, transitioning. Counts and identities stay fixed; no duplicate state copy is created. No additional external source, extra copy, hand, person, tool, unlisted object exists. All globally protected identity, shape, material, scene, and camera attributes stay unchanged. Declared source loss and result gain remain coupled. [VALID RELATION] The declared change blue-edged covers separate occurs in its stated direction.","[阶段实体清单] 当前存在： 书（book）: 恰好1个，状态 position=wood_floor, support=floor_supported, book_state=open，正在过渡; 书架（shelf）: 恰好1个，必需; 地板（floor）: 1个已声明集合组，正在过渡. 数量和身份保持固定；不创建重复的状态副本。 以下额外对象均不存在：外部来源、额外副本、手、人物、工具、未列出的物体。 所有受全局保护的身份、形状、材质、场景和相机属性保持不变。 声明的来源减少与结果增加保持耦合。 [有效关系] 已声明的变化“蓝边书封分开”按规定方向发生。","[0] [STAGE ENTITY INVENTORY] Present now: book: exactly 1, state position=wood_floor, support=floor_supported, book_state=open, transitioning; shelf: exactly 1, required; floor: one declared collective group, transitioning. Counts and identities stay fixed; no duplicate state copy is created. No additional external source, extra copy, hand, person, tool, unlisted object exists. All globally protected identity, shape, material, scene, and camera attributes stay unchanged. Declared source loss and result gain remain coupled. [VIOLATED RELATION] The declared cause occurs BUT the required target change does not become visible.","[0] [阶段实体清单] 当前存在： 书（book）: 恰好1个，状态 position=wood_floor, support=floor_supported, book_state=open，正在过渡; 书架（shelf）: 恰好1个，必需; 地板（floor）: 1个已声明集合组，正在过渡. 数量和身份保持固定；不创建重复的状态副本。 以下额外对象均不存在：外部来源、额外副本、手、人物、工具、未列出的物体。 所有受全局保护的身份、形状、材质、场景和相机属性保持不变。 声明的来源减少与结果增加保持耦合。 [违规关系] 声明的原因已经发生，但所要求的目标变化没有变得可见。",
P06,/home/liuzhirui/Project/physGen/code/v3/outputs/trace_writer/trace-v3-m3-phase5/P06/i2v/seed_000042/video.mp4,"The blue-edged closed book leaves the left wooden shelf, falls through the open wall space, and lands open on the wood floor.",蓝边合拢的书离开左侧木架，穿过墙前的开放空间下落，并以打开状态落在木地板上。,terminal,终止/保持阶段,"The terminal facts position=wood_floor, book_state=open REMAIN through the final frames. [AND] The same logical slot has only its valid state; mutually exclusive facts book_state=closed, book_state=open do not coexist.",最终事实 position=wood_floor（木地板）、book_state=open（打开） 在最后几帧持续保持。 [且] 同一逻辑槽位只具有其有效状态；互斥事实 book_state=closed（合拢）与 book_state=open（打开） 不会共存。,"[0] The valid terminal state returns to its mutually exclusive earlier state. [AND] The same logical slot has only its valid state; mutually exclusive facts book_state=closed, book_state=open do not coexist.
[1] The terminal facts position=wood_floor, book_state=open REMAIN through the final frames. [AND] Copies of the same logical slot appear in mutually exclusive states at the same time.","[0] 有效的终止状态恢复成与其互斥的较早状态。 [且] 同一逻辑槽位只具有其有效状态；互斥事实 book_state=closed（合拢）与 book_state=open（打开） 不会共存。
[1] 最终事实 position=wood_floor（木地板）、book_state=open（打开） 在最后几帧持续保持。 [且] 同一逻辑槽位的多个副本同时以互斥状态出现。","[STAGE ENTITY INVENTORY] Present now: book: exactly 1, state position=wood_floor, support=floor_supported, book_state=open, required; shelf: exactly 1, required; floor: one declared collective group, required. Counts and identities stay fixed; no duplicate state copy is created. No additional external source, extra copy, hand, person, tool, unlisted object exists. All globally protected identity, shape, material, scene, and camera attributes stay unchanged. Declared source loss and result gain remain coupled. [VALID RELATION] The terminal facts position=wood_floor, book_state=open REMAIN through the final frames. [AND] The same logical slot has only its valid state; mutually exclusive facts book_state=closed, book_state=open do not coexist.","[阶段实体清单] 当前存在： 书（book）: 恰好1个，状态 position=wood_floor, support=floor_supported, book_state=open，必需; 书架（shelf）: 恰好1个，必需; 地板（floor）: 1个已声明集合组，必需. 数量和身份保持固定；不创建重复的状态副本。 以下额外对象均不存在：外部来源、额外副本、手、人物、工具、未列出的物体。 所有受全局保护的身份、形状、材质、场景和相机属性保持不变。 声明的来源减少与结果增加保持耦合。 [有效关系] 最终事实 position=wood_floor（木地板）、book_state=open（打开） 在最后几帧持续保持。 [且] 同一逻辑槽位只具有其有效状态；互斥事实 book_state=closed（合拢）与 book_state=open（打开） 不会共存。","[0] [STAGE ENTITY INVENTORY] Present now: book: exactly 1, state position=wood_floor, support=floor_supported, book_state=open, required; shelf: exactly 1, required; floor: one declared collective group, required. Counts and identities stay fixed; no duplicate state copy is created. No additional external source, extra copy, hand, person, tool, unlisted object exists. All globally protected identity, shape, material, scene, and camera attributes stay unchanged. Declared source loss and result gain remain coupled. [VIOLATED RELATION] The valid terminal state returns to its mutually exclusive earlier state. [AND] The same logical slot has only its valid state; mutually exclusive facts book_state=closed, book_state=open do not coexist.
[1] [STAGE ENTITY INVENTORY] Present now: book: exactly 1, state position=wood_floor, support=floor_supported, book_state=open, required; shelf: exactly 1, required; floor: one declared collective group, required. Counts and identities stay fixed; no duplicate state copy is created. No additional external source, extra copy, hand, person, tool, unlisted object exists. All globally protected identity, shape, material, scene, and camera attributes stay unchanged. Declared source loss and result gain remain coupled. [VIOLATED RELATION] The terminal facts position=wood_floor, book_state=open REMAIN through the final frames. [AND] Copies of the same logical slot appear in mutually exclusive states at the same time.","[0] [阶段实体清单] 当前存在： 书（book）: 恰好1个，状态 position=wood_floor, support=floor_supported, book_state=open，必需; 书架（shelf）: 恰好1个，必需; 地板（floor）: 1个已声明集合组，必需. 数量和身份保持固定；不创建重复的状态副本。 以下额外对象均不存在：外部来源、额外副本、手、人物、工具、未列出的物体。 所有受全局保护的身份、形状、材质、场景和相机属性保持不变。 声明的来源减少与结果增加保持耦合。 [违规关系] 有效的终止状态恢复成与其互斥的较早状态。 [且] 同一逻辑槽位只具有其有效状态；互斥事实 book_state=closed（合拢）与 book_state=open（打开） 不会共存。
[1] [阶段实体清单] 当前存在： 书（book）: 恰好1个，状态 position=wood_floor, support=floor_supported, book_state=open，必需; 书架（shelf）: 恰好1个，必需; 地板（floor）: 1个已声明集合组，必需. 数量和身份保持固定；不创建重复的状态副本。 以下额外对象均不存在：外部来源、额外副本、手、人物、工具、未列出的物体。 所有受全局保护的身份、形状、材质、场景和相机属性保持不变。 声明的来源减少与结果增加保持耦合。 [违规关系] 最终事实 position=wood_floor（木地板）、book_state=open（打开） 在最后几帧持续保持。 [且] 同一逻辑槽位的多个副本同时以互斥状态出现。",
P07,/home/liuzhirui/Project/physGen/code/v3/outputs/trace_writer/trace-v3-m3-phase5/P07/i2v/seed_000042/video.mp4,"The centered tall tan cardboard box shifts at one lower corner, tips across the gray floor, and remains on its side.",居中的高大棕褐色纸箱从一个底角开始偏移，在灰色地面上倾倒，并保持侧躺。,setup,准备/初始阶段,one visible bottom corner of the tan box moves sideways happens BEFORE tall silhouette rotates toward gray floor.,棕褐色纸箱的一个可见底角向侧面移动先于高大轮廓朝灰色地面旋转发生。,[0] tall silhouette rotates toward gray floor is already present BEFORE one visible bottom corner of the tan box moves sideways.,[0] 在棕褐色纸箱的一个可见底角向侧面移动发生之前，高大轮廓朝灰色地面旋转已经出现。,"[STAGE ENTITY INVENTORY] Present now: box: exactly 1, state corner_state=centered_support, pose=vertical, required; floor: one declared collective group, required. Counts and identities stay fixed; no duplicate state copy is created. No additional external source, extra copy, unlisted object exists. All globally protected identity, shape, material, scene, and camera attributes stay unchanged. Declared source loss and result gain remain coupled. [VALID RELATION] one visible bottom corner of the tan box moves sideways happens BEFORE tall silhouette rotates toward gray floor.","[阶段实体清单] 当前存在： 纸箱（box）: 恰好1个，状态 corner_state=centered_support, pose=vertical，必需; 地面（floor）: 1个已声明集合组，必需. 数量和身份保持固定；不创建重复的状态副本。 不存在额外的外部来源、额外副本或未列出的物体。 所有受全局保护的身份、形状、材质、场景和相机属性保持不变。 声明的来源减少与结果增加保持耦合。 [有效关系] 棕褐色纸箱的一个可见底角向侧面移动先于高大轮廓朝灰色地面旋转发生。","[0] [STAGE ENTITY INVENTORY] Present now: box: exactly 1, state corner_state=centered_support, pose=vertical, required; floor: one declared collective group, required. Counts and identities stay fixed; no duplicate state copy is created. No additional external source, extra copy, unlisted object exists. All globally protected identity, shape, material, scene, and camera attributes stay unchanged. Declared source loss and result gain remain coupled. [VIOLATED RELATION] tall silhouette rotates toward gray floor is already present BEFORE one visible bottom corner of the tan box moves sideways.","[0] [阶段实体清单] 当前存在： 纸箱（box）: 恰好1个，状态 corner_state=centered_support, pose=vertical，必需; 地面（floor）: 1个已声明集合组，必需. 数量和身份保持固定；不创建重复的状态副本。 不存在额外的外部来源、额外副本或未列出的物体。 所有受全局保护的身份、形状、材质、场景和相机属性保持不变。 声明的来源减少与结果增加保持耦合。 [违规关系] 在棕褐色纸箱的一个可见底角向侧面移动发生之前，高大轮廓朝灰色地面旋转已经出现。",
P07,/home/liuzhirui/Project/physGen/code/v3/outputs/trace_writer/trace-v3-m3-phase5/P07/i2v/seed_000042/video.mp4,"The centered tall tan cardboard box shifts at one lower corner, tips across the gray floor, and remains on its side.",居中的高大棕褐色纸箱从一个底角开始偏移，在灰色地面上倾倒，并保持侧躺。,onset,起始/触发阶段,one visible bottom corner of the tan box moves sideways happens BEFORE tall silhouette rotates toward gray floor.,棕褐色纸箱的一个可见底角向侧面移动先于高大轮廓朝灰色地面旋转发生。,[0] tall silhouette rotates toward gray floor happens BEFORE one visible bottom corner of the tan box moves sideways.,[0] 高大轮廓朝灰色地面旋转先于棕褐色纸箱的一个可见底角向侧面移动发生。,"[STAGE ENTITY INVENTORY] Present now: box: exactly 1, state corner_state=centered_support, pose=vertical, transitioning; floor: one declared collective group, transitioning. Counts and identities stay fixed; no duplicate state copy is created. No additional external source, extra copy, unlisted object exists. All globally protected identity, shape, material, scene, and camera attributes stay unchanged. Declared source loss and result gain remain coupled. [VALID RELATION] one visible bottom corner of the tan box moves sideways happens BEFORE tall silhouette rotates toward gray floor.","[阶段实体清单] 当前存在： 纸箱（box）: 恰好1个，状态 corner_state=centered_support, pose=vertical，正在过渡; 地面（floor）: 1个已声明集合组，正在过渡. 数量和身份保持固定；不创建重复的状态副本。 不存在额外的外部来源、额外副本或未列出的物体。 所有受全局保护的身份、形状、材质、场景和相机属性保持不变。 声明的来源减少与结果增加保持耦合。 [有效关系] 棕褐色纸箱的一个可见底角向侧面移动先于高大轮廓朝灰色地面旋转发生。","[0] [STAGE ENTITY INVENTORY] Present now: box: exactly 1, state corner_state=centered_support, pose=vertical, transitioning; floor: one declared collective group, transitioning. Counts and identities stay fixed; no duplicate state copy is created. No additional external source, extra copy, unlisted object exists. All globally protected identity, shape, material, scene, and camera attributes stay unchanged. Declared source loss and result gain remain coupled. [VIOLATED RELATION] tall silhouette rotates toward gray floor happens BEFORE one visible bottom corner of the tan box moves sideways.","[0] [阶段实体清单] 当前存在： 纸箱（box）: 恰好1个，状态 corner_state=centered_support, pose=vertical，正在过渡; 地面（floor）: 1个已声明集合组，正在过渡. 数量和身份保持固定；不创建重复的状态副本。 不存在额外的外部来源、额外副本或未列出的物体。 所有受全局保护的身份、形状、材质、场景和相机属性保持不变。 声明的来源减少与结果增加保持耦合。 [违规关系] 高大轮廓朝灰色地面旋转先于棕褐色纸箱的一个可见底角向侧面移动发生。",
P07,/home/liuzhirui/Project/physGen/code/v3/outputs/trace_writer/trace-v3-m3-phase5/P07/i2v/seed_000042/video.mp4,"The centered tall tan cardboard box shifts at one lower corner, tips across the gray floor, and remains on its side.",居中的高大棕褐色纸箱从一个底角开始偏移，在灰色地面上倾倒，并保持侧躺。,evolution,演化阶段,The coupled changes occur together: bottom support moves laterally WHILE tall silhouette rotates toward gray floor.,耦合变化同时发生：底部支撑横向移动，同时高大轮廓朝灰色地面旋转。,[0] Only one coupled change occurs while the other remains unchanged: bottom support moves laterally; tall silhouette rotates toward gray floor.,[0] 只有一个耦合变化发生，另一个保持不变：底部支撑横向移动；高大轮廓朝灰色地面旋转。,"[STAGE ENTITY INVENTORY] Present now: box: exactly 1, state corner_state=shifted_sideways, pose=horizontal_side_supported, required; floor: one declared collective group, required. Counts and identities stay fixed; no duplicate state copy is created. No additional external source, extra copy, unlisted object exists. All globally protected identity, shape, material, scene, and camera attributes stay unchanged. Declared source loss and result gain remain coupled. [VALID RELATION] The coupled changes occur together: bottom support moves laterally WHILE tall silhouette rotates toward gray floor.","[阶段实体清单] 当前存在： 纸箱（box）: 恰好1个，状态 corner_state=shifted_sideways, pose=horizontal_side_supported，必需; 地面（floor）: 1个已声明集合组，必需. 数量和身份保持固定；不创建重复的状态副本。 不存在额外的外部来源、额外副本或未列出的物体。 所有受全局保护的身份、形状、材质、场景和相机属性保持不变。 声明的来源减少与结果增加保持耦合。 [有效关系] 耦合变化同时发生：底部支撑横向移动，同时高大轮廓朝灰色地面旋转。","[0] [STAGE ENTITY INVENTORY] Present now: box: exactly 1, state corner_state=shifted_sideways, pose=horizontal_side_supported, required; floor: one declared collective group, required. Counts and identities stay fixed; no duplicate state copy is created. No additional external source, extra copy, unlisted object exists. All globally protected identity, shape, material, scene, and camera attributes stay unchanged. Declared source loss and result gain remain coupled. [VIOLATED RELATION] Only one coupled change occurs while the other remains unchanged: bottom support moves laterally; tall silhouette rotates toward gray floor.","[0] [阶段实体清单] 当前存在： 纸箱（box）: 恰好1个，状态 corner_state=shifted_sideways, pose=horizontal_side_supported，必需; 地面（floor）: 1个已声明集合组，必需. 数量和身份保持固定；不创建重复的状态副本。 不存在额外的外部来源、额外副本或未列出的物体。 所有受全局保护的身份、形状、材质、场景和相机属性保持不变。 声明的来源减少与结果增加保持耦合。 [违规关系] 只有一个耦合变化发生，另一个保持不变：底部支撑横向移动；高大轮廓朝灰色地面旋转。",
P07,/home/liuzhirui/Project/physGen/code/v3/outputs/trace_writer/trace-v3-m3-phase5/P07/i2v/seed_000042/video.mp4,"The centered tall tan cardboard box shifts at one lower corner, tips across the gray floor, and remains on its side.",居中的高大棕褐色纸箱从一个底角开始偏移，在灰色地面上倾倒，并保持侧躺。,completion,完成阶段,The coupled changes occur together: bottom support moves laterally WHILE tall silhouette rotates toward gray floor.,耦合变化同时发生：底部支撑横向移动，同时高大轮廓朝灰色地面旋转。,[0] The declared cause occurs BUT the required target change does not become visible.,[0] 声明的原因已经发生，但所要求的目标变化没有变得可见。,"[STAGE ENTITY INVENTORY] Present now: box: exactly 1, state corner_state=shifted_sideways, pose=horizontal_side_supported, transitioning; floor: one declared collective group, transitioning. Counts and identities stay fixed; no duplicate state copy is created. No additional external source, extra copy, unlisted object exists. All globally protected identity, shape, material, scene, and camera attributes stay unchanged. Declared source loss and result gain remain coupled. [VALID RELATION] The coupled changes occur together: bottom support moves laterally WHILE tall silhouette rotates toward gray floor.","[阶段实体清单] 当前存在： 纸箱（box）: 恰好1个，状态 corner_state=shifted_sideways, pose=horizontal_side_supported，正在过渡; 地面（floor）: 1个已声明集合组，正在过渡. 数量和身份保持固定；不创建重复的状态副本。 不存在额外的外部来源、额外副本或未列出的物体。 所有受全局保护的身份、形状、材质、场景和相机属性保持不变。 声明的来源减少与结果增加保持耦合。 [有效关系] 耦合变化同时发生：底部支撑横向移动，同时高大轮廓朝灰色地面旋转。","[0] [STAGE ENTITY INVENTORY] Present now: box: exactly 1, state corner_state=shifted_sideways, pose=horizontal_side_supported, transitioning; floor: one declared collective group, transitioning. Counts and identities stay fixed; no duplicate state copy is created. No additional external source, extra copy, unlisted object exists. All globally protected identity, shape, material, scene, and camera attributes stay unchanged. Declared source loss and result gain remain coupled. [VIOLATED RELATION] The declared cause occurs BUT the required target change does not become visible.","[0] [阶段实体清单] 当前存在： 纸箱（box）: 恰好1个，状态 corner_state=shifted_sideways, pose=horizontal_side_supported，正在过渡; 地面（floor）: 1个已声明集合组，正在过渡. 数量和身份保持固定；不创建重复的状态副本。 不存在额外的外部来源、额外副本或未列出的物体。 所有受全局保护的身份、形状、材质、场景和相机属性保持不变。 声明的来源减少与结果增加保持耦合。 [违规关系] 声明的原因已经发生，但所要求的目标变化没有变得可见。",
P07,/home/liuzhirui/Project/physGen/code/v3/outputs/trace_writer/trace-v3-m3-phase5/P07/i2v/seed_000042/video.mp4,"The centered tall tan cardboard box shifts at one lower corner, tips across the gray floor, and remains on its side.",居中的高大棕褐色纸箱从一个底角开始偏移，在灰色地面上倾倒，并保持侧躺。,terminal,终止/保持阶段,"The terminal facts pose=horizontal_side_supported REMAIN through the final frames. [AND] The same logical slot has only its valid state; mutually exclusive facts pose=vertical, pose=horizontal_side_supported do not coexist.",最终事实 pose=horizontal_side_supported（水平侧躺支撑） 在最后几帧持续保持。 [且] 同一逻辑槽位只具有其有效状态；互斥事实 pose=vertical（竖直）与 pose=horizontal_side_supported（水平侧躺支撑） 不会共存。,"[0] The valid terminal state returns to its mutually exclusive earlier state. [AND] The same logical slot has only its valid state; mutually exclusive facts pose=vertical, pose=horizontal_side_supported do not coexist.
[1] The terminal facts pose=horizontal_side_supported REMAIN through the final frames. [AND] Copies of the same logical slot appear in mutually exclusive states at the same time.","[0] 有效的终止状态恢复成与其互斥的较早状态。 [且] 同一逻辑槽位只具有其有效状态；互斥事实 pose=vertical（竖直）与 pose=horizontal_side_supported（水平侧躺支撑） 不会共存。
[1] 最终事实 pose=horizontal_side_supported（水平侧躺支撑） 在最后几帧持续保持。 [且] 同一逻辑槽位的多个副本同时以互斥状态出现。","[STAGE ENTITY INVENTORY] Present now: box: exactly 1, state corner_state=shifted_sideways, pose=horizontal_side_supported, required; floor: one declared collective group, required. Counts and identities stay fixed; no duplicate state copy is created. No additional external source, extra copy, unlisted object exists. All globally protected identity, shape, material, scene, and camera attributes stay unchanged. Declared source loss and result gain remain coupled. [VALID RELATION] The terminal facts pose=horizontal_side_supported REMAIN through the final frames. [AND] The same logical slot has only its valid state; mutually exclusive facts pose=vertical, pose=horizontal_side_supported do not coexist.","[阶段实体清单] 当前存在： 纸箱（box）: 恰好1个，状态 corner_state=shifted_sideways, pose=horizontal_side_supported，必需; 地面（floor）: 1个已声明集合组，必需. 数量和身份保持固定；不创建重复的状态副本。 不存在额外的外部来源、额外副本或未列出的物体。 所有受全局保护的身份、形状、材质、场景和相机属性保持不变。 声明的来源减少与结果增加保持耦合。 [有效关系] 最终事实 pose=horizontal_side_supported（水平侧躺支撑） 在最后几帧持续保持。 [且] 同一逻辑槽位只具有其有效状态；互斥事实 pose=vertical（竖直）与 pose=horizontal_side_supported（水平侧躺支撑） 不会共存。","[0] [STAGE ENTITY INVENTORY] Present now: box: exactly 1, state corner_state=shifted_sideways, pose=horizontal_side_supported, required; floor: one declared collective group, required. Counts and identities stay fixed; no duplicate state copy is created. No additional external source, extra copy, unlisted object exists. All globally protected identity, shape, material, scene, and camera attributes stay unchanged. Declared source loss and result gain remain coupled. [VIOLATED RELATION] The valid terminal state returns to its mutually exclusive earlier state. [AND] The same logical slot has only its valid state; mutually exclusive facts pose=vertical, pose=horizontal_side_supported do not coexist.
[1] [STAGE ENTITY INVENTORY] Present now: box: exactly 1, state corner_state=shifted_sideways, pose=horizontal_side_supported, required; floor: one declared collective group, required. Counts and identities stay fixed; no duplicate state copy is created. No additional external source, extra copy, unlisted object exists. All globally protected identity, shape, material, scene, and camera attributes stay unchanged. Declared source loss and result gain remain coupled. [VIOLATED RELATION] The terminal facts pose=horizontal_side_supported REMAIN through the final frames. [AND] Copies of the same logical slot appear in mutually exclusive states at the same time.","[0] [阶段实体清单] 当前存在： 纸箱（box）: 恰好1个，状态 corner_state=shifted_sideways, pose=horizontal_side_supported，必需; 地面（floor）: 1个已声明集合组，必需. 数量和身份保持固定；不创建重复的状态副本。 不存在额外的外部来源、额外副本或未列出的物体。 所有受全局保护的身份、形状、材质、场景和相机属性保持不变。 声明的来源减少与结果增加保持耦合。 [违规关系] 有效的终止状态恢复成与其互斥的较早状态。 [且] 同一逻辑槽位只具有其有效状态；互斥事实 pose=vertical（竖直）与 pose=horizontal_side_supported（水平侧躺支撑） 不会共存。
[1] [阶段实体清单] 当前存在： 纸箱（box）: 恰好1个，状态 corner_state=shifted_sideways, pose=horizontal_side_supported，必需; 地面（floor）: 1个已声明集合组，必需. 数量和身份保持固定；不创建重复的状态副本。 不存在额外的外部来源、额外副本或未列出的物体。 所有受全局保护的身份、形状、材质、场景和相机属性保持不变。 声明的来源减少与结果增加保持耦合。 [违规关系] 最终事实 pose=horizontal_side_supported（水平侧躺支撑） 在最后几帧持续保持。 [且] 同一逻辑槽位的多个副本同时以互斥状态出现。",
P08,/home/liuzhirui/Project/physGen/code/v3/outputs/trace_writer/trace-v3-m3-phase5/P08/i2v/seed_000042/video.mp4,The single clear cubic ice piece centered on the large white plate shrinks as a transparent puddle spreads around it.,大白盘中央的单个透明立方体冰块缩小，同时其周围的透明水洼扩散。,setup,准备/初始阶段,first visible cube-edge recession and wet rim happens BEFORE transparent footprint expands over white plate.,首次看见立方体边缘退缩并出现湿润边缘先于透明覆盖区在白盘上扩大发生。,[0] transparent footprint expands over white plate is already present BEFORE first visible cube-edge recession and wet rim.,[0] 在首次看见立方体边缘退缩并出现湿润边缘发生之前，透明覆盖区在白盘上扩大已经出现。,"[STAGE ENTITY INVENTORY] Present now: ice: exactly 1, state ice_size=large_sharp_cube, required; meltwater: exactly 0, forbidden; plate: exactly 1, state water_area=absent_or_tiny, required. Counts and identities stay fixed; no duplicate state copy is created. No additional dropper, external liquid stream, external source, extra copy, hand, person, pipette, tool, unlisted object exists. All globally protected identity, shape, material, scene, and camera attributes stay unchanged. Declared source loss and result gain remain coupled. [VALID RELATION] first visible cube-edge recession and wet rim happens BEFORE transparent footprint expands over white plate.",[阶段实体清单] 当前存在： 冰块（ice）: 恰好1个，状态 ice_size=large_sharp_cube，必需; 融水（meltwater）: 恰好0个，禁止出现; 盘子（plate）: 恰好1个，状态 water_area=absent_or_tiny，必需. 数量和身份保持固定；不创建重复的状态副本。 以下额外对象均不存在：滴管、外部液流、外部来源、额外副本、手、人物、移液管、工具、未列出的物体。 所有受全局保护的身份、形状、材质、场景和相机属性保持不变。 声明的来源减少与结果增加保持耦合。 [有效关系] 首次看见立方体边缘退缩并出现湿润边缘先于透明覆盖区在白盘上扩大发生。,"[0] [STAGE ENTITY INVENTORY] Present now: ice: exactly 1, state ice_size=large_sharp_cube, required; meltwater: exactly 0, forbidden; plate: exactly 1, state water_area=absent_or_tiny, required. Counts and identities stay fixed; no duplicate state copy is created. No additional dropper, external liquid stream, external source, extra copy, hand, person, pipette, tool, unlisted object exists. All globally protected identity, shape, material, scene, and camera attributes stay unchanged. Declared source loss and result gain remain coupled. [VIOLATED RELATION] transparent footprint expands over white plate is already present BEFORE first visible cube-edge recession and wet rim.",[0] [阶段实体清单] 当前存在： 冰块（ice）: 恰好1个，状态 ice_size=large_sharp_cube，必需; 融水（meltwater）: 恰好0个，禁止出现; 盘子（plate）: 恰好1个，状态 water_area=absent_or_tiny，必需. 数量和身份保持固定；不创建重复的状态副本。 以下额外对象均不存在：滴管、外部液流、外部来源、额外副本、手、人物、移液管、工具、未列出的物体。 所有受全局保护的身份、形状、材质、场景和相机属性保持不变。 声明的来源减少与结果增加保持耦合。 [违规关系] 在首次看见立方体边缘退缩并出现湿润边缘发生之前，透明覆盖区在白盘上扩大已经出现。,
P08,/home/liuzhirui/Project/physGen/code/v3/outputs/trace_writer/trace-v3-m3-phase5/P08/i2v/seed_000042/video.mp4,The single clear cubic ice piece centered on the large white plate shrinks as a transparent puddle spreads around it.,大白盘中央的单个透明立方体冰块缩小，同时其周围的透明水洼扩散。,onset,起始/触发阶段,first visible cube-edge recession and wet rim happens BEFORE transparent footprint expands over white plate.,首次看见立方体边缘退缩并出现湿润边缘先于透明覆盖区在白盘上扩大发生。,[0] transparent footprint expands over white plate is already present BEFORE first visible cube-edge recession and wet rim.,[0] 在首次看见立方体边缘退缩并出现湿润边缘发生之前，透明覆盖区在白盘上扩大已经出现。,"[STAGE ENTITY INVENTORY] Present now: ice: exactly 1, state ice_size=large_sharp_cube, transitioning; meltwater: exactly 1, transitioning; plate: exactly 1, state water_area=absent_or_tiny, transitioning. Counts and identities stay fixed; no duplicate state copy is created. No additional dropper, external liquid stream, external source, extra copy, hand, person, pipette, tool, unlisted object exists. All globally protected identity, shape, material, scene, and camera attributes stay unchanged. Declared source loss and result gain remain coupled. [VALID RELATION] first visible cube-edge recession and wet rim happens BEFORE transparent footprint expands over white plate.",[阶段实体清单] 当前存在： 冰块（ice）: 恰好1个，状态 ice_size=large_sharp_cube，正在过渡; 融水（meltwater）: 恰好1个，正在过渡; 盘子（plate）: 恰好1个，状态 water_area=absent_or_tiny，正在过渡. 数量和身份保持固定；不创建重复的状态副本。 以下额外对象均不存在：滴管、外部液流、外部来源、额外副本、手、人物、移液管、工具、未列出的物体。 所有受全局保护的身份、形状、材质、场景和相机属性保持不变。 声明的来源减少与结果增加保持耦合。 [有效关系] 首次看见立方体边缘退缩并出现湿润边缘先于透明覆盖区在白盘上扩大发生。,"[0] [STAGE ENTITY INVENTORY] Present now: ice: exactly 1, state ice_size=large_sharp_cube, transitioning; meltwater: exactly 1, transitioning; plate: exactly 1, state water_area=absent_or_tiny, transitioning. Counts and identities stay fixed; no duplicate state copy is created. No additional dropper, external liquid stream, external source, extra copy, hand, person, pipette, tool, unlisted object exists. All globally protected identity, shape, material, scene, and camera attributes stay unchanged. Declared source loss and result gain remain coupled. [VIOLATED RELATION] transparent footprint expands over white plate is already present BEFORE first visible cube-edge recession and wet rim.",[0] [阶段实体清单] 当前存在： 冰块（ice）: 恰好1个，状态 ice_size=large_sharp_cube，正在过渡; 融水（meltwater）: 恰好1个，正在过渡; 盘子（plate）: 恰好1个，状态 water_area=absent_or_tiny，正在过渡. 数量和身份保持固定；不创建重复的状态副本。 以下额外对象均不存在：滴管、外部液流、外部来源、额外副本、手、人物、移液管、工具、未列出的物体。 所有受全局保护的身份、形状、材质、场景和相机属性保持不变。 声明的来源减少与结果增加保持耦合。 [违规关系] 在首次看见立方体边缘退缩并出现湿润边缘发生之前，透明覆盖区在白盘上扩大已经出现。,
P08,/home/liuzhirui/Project/physGen/code/v3/outputs/trace_writer/trace-v3-m3-phase5/P08/i2v/seed_000042/video.mp4,The single clear cubic ice piece centered on the large white plate shrinks as a transparent puddle spreads around it.,大白盘中央的单个透明立方体冰块缩小，同时其周围的透明水洼扩散。,evolution,演化阶段,The declared change clear solid boundary contracts inward occurs in its stated direction.,已声明的变化“透明固体边界向内收缩”按规定方向发生。,[0] Only one coupled change occurs while the other remains unchanged: .,[0] 只有一个耦合变化发生，而另一个保持不变：（源编译文本此处为空）。,"[STAGE ENTITY INVENTORY] Present now: ice: exactly 1, state ice_size=smaller_receded_ice, required; meltwater: exactly 1, required; plate: exactly 1, state water_area=wide_puddle, required. Counts and identities stay fixed; no duplicate state copy is created. No additional dropper, external liquid stream, external source, extra copy, hand, person, pipette, tool, unlisted object exists. All globally protected identity, shape, material, scene, and camera attributes stay unchanged. Declared source loss and result gain remain coupled. [VALID RELATION] The declared change clear solid boundary contracts inward occurs in its stated direction.",[阶段实体清单] 当前存在： 冰块（ice）: 恰好1个，状态 ice_size=smaller_receded_ice，必需; 融水（meltwater）: 恰好1个，必需; 盘子（plate）: 恰好1个，状态 water_area=wide_puddle，必需. 数量和身份保持固定；不创建重复的状态副本。 以下额外对象均不存在：滴管、外部液流、外部来源、额外副本、手、人物、移液管、工具、未列出的物体。 所有受全局保护的身份、形状、材质、场景和相机属性保持不变。 声明的来源减少与结果增加保持耦合。 [有效关系] 已声明的变化“透明固体边界向内收缩”按规定方向发生。,"[0] [STAGE ENTITY INVENTORY] Present now: ice: exactly 1, state ice_size=smaller_receded_ice, required; meltwater: exactly 1, required; plate: exactly 1, state water_area=wide_puddle, required. Counts and identities stay fixed; no duplicate state copy is created. No additional dropper, external liquid stream, external source, extra copy, hand, person, pipette, tool, unlisted object exists. All globally protected identity, shape, material, scene, and camera attributes stay unchanged. Declared source loss and result gain remain coupled. [VIOLATED RELATION] Only one coupled change occurs while the other remains unchanged: .",[0] [阶段实体清单] 当前存在： 冰块（ice）: 恰好1个，状态 ice_size=smaller_receded_ice，必需; 融水（meltwater）: 恰好1个，必需; 盘子（plate）: 恰好1个，状态 water_area=wide_puddle，必需. 数量和身份保持固定；不创建重复的状态副本。 以下额外对象均不存在：滴管、外部液流、外部来源、额外副本、手、人物、移液管、工具、未列出的物体。 所有受全局保护的身份、形状、材质、场景和相机属性保持不变。 声明的来源减少与结果增加保持耦合。 [违规关系] 只有一个耦合变化发生，而另一个保持不变：（源编译文本此处为空）。,源编译负向关系末尾为空（原文为 ': .'），已原样保留英文并在中文中注明。
P08,/home/liuzhirui/Project/physGen/code/v3/outputs/trace_writer/trace-v3-m3-phase5/P08/i2v/seed_000042/video.mp4,The single clear cubic ice piece centered on the large white plate shrinks as a transparent puddle spreads around it.,大白盘中央的单个透明立方体冰块缩小，同时其周围的透明水洼扩散。,completion,完成阶段,The declared change clear solid boundary contracts inward occurs in its stated direction.,已声明的变化“透明固体边界向内收缩”按规定方向发生。,[0] The declared cause occurs BUT the required target change does not become visible.,[0] 声明的原因已经发生，但所要求的目标变化没有变得可见。,"[STAGE ENTITY INVENTORY] Present now: ice: exactly 1, state ice_size=smaller_receded_ice, transitioning; meltwater: exactly 1, transitioning; plate: exactly 1, state water_area=wide_puddle, transitioning. Counts and identities stay fixed; no duplicate state copy is created. No additional dropper, external liquid stream, external source, extra copy, hand, person, pipette, tool, unlisted object exists. All globally protected identity, shape, material, scene, and camera attributes stay unchanged. Declared source loss and result gain remain coupled. [VALID RELATION] The declared change clear solid boundary contracts inward occurs in its stated direction.",[阶段实体清单] 当前存在： 冰块（ice）: 恰好1个，状态 ice_size=smaller_receded_ice，正在过渡; 融水（meltwater）: 恰好1个，正在过渡; 盘子（plate）: 恰好1个，状态 water_area=wide_puddle，正在过渡. 数量和身份保持固定；不创建重复的状态副本。 以下额外对象均不存在：滴管、外部液流、外部来源、额外副本、手、人物、移液管、工具、未列出的物体。 所有受全局保护的身份、形状、材质、场景和相机属性保持不变。 声明的来源减少与结果增加保持耦合。 [有效关系] 已声明的变化“透明固体边界向内收缩”按规定方向发生。,"[0] [STAGE ENTITY INVENTORY] Present now: ice: exactly 1, state ice_size=smaller_receded_ice, transitioning; meltwater: exactly 1, transitioning; plate: exactly 1, state water_area=wide_puddle, transitioning. Counts and identities stay fixed; no duplicate state copy is created. No additional dropper, external liquid stream, external source, extra copy, hand, person, pipette, tool, unlisted object exists. All globally protected identity, shape, material, scene, and camera attributes stay unchanged. Declared source loss and result gain remain coupled. [VIOLATED RELATION] The declared cause occurs BUT the required target change does not become visible.",[0] [阶段实体清单] 当前存在： 冰块（ice）: 恰好1个，状态 ice_size=smaller_receded_ice，正在过渡; 融水（meltwater）: 恰好1个，正在过渡; 盘子（plate）: 恰好1个，状态 water_area=wide_puddle，正在过渡. 数量和身份保持固定；不创建重复的状态副本。 以下额外对象均不存在：滴管、外部液流、外部来源、额外副本、手、人物、移液管、工具、未列出的物体。 所有受全局保护的身份、形状、材质、场景和相机属性保持不变。 声明的来源减少与结果增加保持耦合。 [违规关系] 声明的原因已经发生，但所要求的目标变化没有变得可见。,
P08,/home/liuzhirui/Project/physGen/code/v3/outputs/trace_writer/trace-v3-m3-phase5/P08/i2v/seed_000042/video.mp4,The single clear cubic ice piece centered on the large white plate shrinks as a transparent puddle spreads around it.,大白盘中央的单个透明立方体冰块缩小，同时其周围的透明水洼扩散。,terminal,终止/保持阶段,"The terminal facts ice_size=smaller_receded_ice, water_area=wide_puddle REMAIN through the final frames. [AND] The same logical slot has only its valid state; mutually exclusive facts ice_size=large_sharp_cube, ice_size=smaller_receded_ice do not coexist.",最终事实 ice_size=smaller_receded_ice（缩小退缩的冰）、water_area=wide_puddle（宽水洼） 在最后几帧持续保持。 [且] 同一逻辑槽位只具有其有效状态；互斥事实 ice_size=large_sharp_cube（大而棱角分明的立方体）与 ice_size=smaller_receded_ice（缩小退缩的冰） 不会共存。,"[0] The valid terminal state returns to its mutually exclusive earlier state. [AND] The same logical slot has only its valid state; mutually exclusive facts ice_size=large_sharp_cube, ice_size=smaller_receded_ice do not coexist.
[1] The terminal facts ice_size=smaller_receded_ice, water_area=wide_puddle REMAIN through the final frames. [AND] Copies of the same logical slot appear in mutually exclusive states at the same time.","[0] 有效的终止状态恢复成与其互斥的较早状态。 [且] 同一逻辑槽位只具有其有效状态；互斥事实 ice_size=large_sharp_cube（大而棱角分明的立方体）与 ice_size=smaller_receded_ice（缩小退缩的冰） 不会共存。
[1] 最终事实 ice_size=smaller_receded_ice（缩小退缩的冰）、water_area=wide_puddle（宽水洼） 在最后几帧持续保持。 [且] 同一逻辑槽位的多个副本同时以互斥状态出现。","[STAGE ENTITY INVENTORY] Present now: ice: exactly 1, state ice_size=smaller_receded_ice, required; meltwater: exactly 1, required; plate: exactly 1, state water_area=wide_puddle, required. Counts and identities stay fixed; no duplicate state copy is created. No additional dropper, external liquid stream, external source, extra copy, hand, person, pipette, tool, unlisted object exists. All globally protected identity, shape, material, scene, and camera attributes stay unchanged. Declared source loss and result gain remain coupled. [VALID RELATION] The terminal facts ice_size=smaller_receded_ice, water_area=wide_puddle REMAIN through the final frames. [AND] The same logical slot has only its valid state; mutually exclusive facts ice_size=large_sharp_cube, ice_size=smaller_receded_ice do not coexist.",[阶段实体清单] 当前存在： 冰块（ice）: 恰好1个，状态 ice_size=smaller_receded_ice，必需; 融水（meltwater）: 恰好1个，必需; 盘子（plate）: 恰好1个，状态 water_area=wide_puddle，必需. 数量和身份保持固定；不创建重复的状态副本。 以下额外对象均不存在：滴管、外部液流、外部来源、额外副本、手、人物、移液管、工具、未列出的物体。 所有受全局保护的身份、形状、材质、场景和相机属性保持不变。 声明的来源减少与结果增加保持耦合。 [有效关系] 最终事实 ice_size=smaller_receded_ice（缩小退缩的冰）、water_area=wide_puddle（宽水洼） 在最后几帧持续保持。 [且] 同一逻辑槽位只具有其有效状态；互斥事实 ice_size=large_sharp_cube（大而棱角分明的立方体）与 ice_size=smaller_receded_ice（缩小退缩的冰） 不会共存。,"[0] [STAGE ENTITY INVENTORY] Present now: ice: exactly 1, state ice_size=smaller_receded_ice, required; meltwater: exactly 1, required; plate: exactly 1, state water_area=wide_puddle, required. Counts and identities stay fixed; no duplicate state copy is created. No additional dropper, external liquid stream, external source, extra copy, hand, person, pipette, tool, unlisted object exists. All globally protected identity, shape, material, scene, and camera attributes stay unchanged. Declared source loss and result gain remain coupled. [VIOLATED RELATION] The valid terminal state returns to its mutually exclusive earlier state. [AND] The same logical slot has only its valid state; mutually exclusive facts ice_size=large_sharp_cube, ice_size=smaller_receded_ice do not coexist.
[1] [STAGE ENTITY INVENTORY] Present now: ice: exactly 1, state ice_size=smaller_receded_ice, required; meltwater: exactly 1, required; plate: exactly 1, state water_area=wide_puddle, required. Counts and identities stay fixed; no duplicate state copy is created. No additional dropper, external liquid stream, external source, extra copy, hand, person, pipette, tool, unlisted object exists. All globally protected identity, shape, material, scene, and camera attributes stay unchanged. Declared source loss and result gain remain coupled. [VIOLATED RELATION] The terminal facts ice_size=smaller_receded_ice, water_area=wide_puddle REMAIN through the final frames. [AND] Copies of the same logical slot appear in mutually exclusive states at the same time.","[0] [阶段实体清单] 当前存在： 冰块（ice）: 恰好1个，状态 ice_size=smaller_receded_ice，必需; 融水（meltwater）: 恰好1个，必需; 盘子（plate）: 恰好1个，状态 water_area=wide_puddle，必需. 数量和身份保持固定；不创建重复的状态副本。 以下额外对象均不存在：滴管、外部液流、外部来源、额外副本、手、人物、移液管、工具、未列出的物体。 所有受全局保护的身份、形状、材质、场景和相机属性保持不变。 声明的来源减少与结果增加保持耦合。 [违规关系] 有效的终止状态恢复成与其互斥的较早状态。 [且] 同一逻辑槽位只具有其有效状态；互斥事实 ice_size=large_sharp_cube（大而棱角分明的立方体）与 ice_size=smaller_receded_ice（缩小退缩的冰） 不会共存。
[1] [阶段实体清单] 当前存在： 冰块（ice）: 恰好1个，状态 ice_size=smaller_receded_ice，必需; 融水（meltwater）: 恰好1个，必需; 盘子（plate）: 恰好1个，状态 water_area=wide_puddle，必需. 数量和身份保持固定；不创建重复的状态副本。 以下额外对象均不存在：滴管、外部液流、外部来源、额外副本、手、人物、移液管、工具、未列出的物体。 所有受全局保护的身份、形状、材质、场景和相机属性保持不变。 声明的来源减少与结果增加保持耦合。 [违规关系] 最终事实 ice_size=smaller_receded_ice（缩小退缩的冰）、water_area=wide_puddle（宽水洼） 在最后几帧持续保持。 [且] 同一逻辑槽位的多个副本同时以互斥状态出现。",
P09,/home/liuzhirui/Project/physGen/code/v3/outputs/trace_writer/trace-v3-m3-phase5/P09/i2v/seed_000042/video.mp4,"The pale-yellow rectangular butter pat near the center of the stainless pan rounds, recedes, and spreads into a yellow liquid pool.",不锈钢平底锅中央附近的浅黄色长方形黄油块逐渐变圆、退缩，并摊开成黄色液体池。,setup,准备/初始阶段,first visible rounding of a pale-yellow butter corner happens BEFORE yellow footprint expands over stainless base.,浅黄色黄油块的一个角首次明显变圆先于黄色覆盖区在不锈钢锅底上扩大发生。,[0] yellow footprint expands over stainless base is already present BEFORE first visible rounding of a pale-yellow butter corner.,[0] 在浅黄色黄油块的一个角首次明显变圆发生之前，黄色覆盖区在不锈钢锅底上扩大已经出现。,"[STAGE ENTITY INVENTORY] Present now: butter: exactly 1, state edge_shape=sharp_rectangular, required; liquid butter: exactly 0, forbidden; pan: exactly 1, state footprint=small_rectangle, required. Counts and identities stay fixed; no duplicate state copy is created. No additional dropper, external liquid stream, external source, extra copy, pipette, unlisted object exists. All globally protected identity, shape, material, scene, and camera attributes stay unchanged. Declared source loss and result gain remain coupled. [VALID RELATION] first visible rounding of a pale-yellow butter corner happens BEFORE yellow footprint expands over stainless base.",[阶段实体清单] 当前存在： 黄油（butter）: 恰好1个，状态 edge_shape=sharp_rectangular，必需; 液态黄油（liquid butter）: 恰好0个，禁止出现; 平底锅（pan）: 恰好1个，状态 footprint=small_rectangle，必需. 数量和身份保持固定；不创建重复的状态副本。 以下额外对象均不存在：滴管、外部液流、外部来源、额外副本、移液管、未列出的物体。 所有受全局保护的身份、形状、材质、场景和相机属性保持不变。 声明的来源减少与结果增加保持耦合。 [有效关系] 浅黄色黄油块的一个角首次明显变圆先于黄色覆盖区在不锈钢锅底上扩大发生。,"[0] [STAGE ENTITY INVENTORY] Present now: butter: exactly 1, state edge_shape=sharp_rectangular, required; liquid butter: exactly 0, forbidden; pan: exactly 1, state footprint=small_rectangle, required. Counts and identities stay fixed; no duplicate state copy is created. No additional dropper, external liquid stream, external source, extra copy, pipette, unlisted object exists. All globally protected identity, shape, material, scene, and camera attributes stay unchanged. Declared source loss and result gain remain coupled. [VIOLATED RELATION] yellow footprint expands over stainless base is already present BEFORE first visible rounding of a pale-yellow butter corner.",[0] [阶段实体清单] 当前存在： 黄油（butter）: 恰好1个，状态 edge_shape=sharp_rectangular，必需; 液态黄油（liquid butter）: 恰好0个，禁止出现; 平底锅（pan）: 恰好1个，状态 footprint=small_rectangle，必需. 数量和身份保持固定；不创建重复的状态副本。 以下额外对象均不存在：滴管、外部液流、外部来源、额外副本、移液管、未列出的物体。 所有受全局保护的身份、形状、材质、场景和相机属性保持不变。 声明的来源减少与结果增加保持耦合。 [违规关系] 在浅黄色黄油块的一个角首次明显变圆发生之前，黄色覆盖区在不锈钢锅底上扩大已经出现。,
P09,/home/liuzhirui/Project/physGen/code/v3/outputs/trace_writer/trace-v3-m3-phase5/P09/i2v/seed_000042/video.mp4,"The pale-yellow rectangular butter pat near the center of the stainless pan rounds, recedes, and spreads into a yellow liquid pool.",不锈钢平底锅中央附近的浅黄色长方形黄油块逐渐变圆、退缩，并摊开成黄色液体池。,onset,起始/触发阶段,first visible rounding of a pale-yellow butter corner happens BEFORE yellow footprint expands over stainless base.,浅黄色黄油块的一个角首次明显变圆先于黄色覆盖区在不锈钢锅底上扩大发生。,[0] yellow footprint expands over stainless base is already present BEFORE first visible rounding of a pale-yellow butter corner.,[0] 在浅黄色黄油块的一个角首次明显变圆发生之前，黄色覆盖区在不锈钢锅底上扩大已经出现。,"[STAGE ENTITY INVENTORY] Present now: butter: exactly 1, state edge_shape=sharp_rectangular, transitioning; liquid butter: one declared collective group, transitioning; pan: exactly 1, state footprint=small_rectangle, transitioning. Counts and identities stay fixed; no duplicate state copy is created. No additional dropper, external liquid stream, external source, extra copy, pipette, unlisted object exists. All globally protected identity, shape, material, scene, and camera attributes stay unchanged. Declared source loss and result gain remain coupled. [VALID RELATION] first visible rounding of a pale-yellow butter corner happens BEFORE yellow footprint expands over stainless base.",[阶段实体清单] 当前存在： 黄油（butter）: 恰好1个，状态 edge_shape=sharp_rectangular，正在过渡; 液态黄油（liquid butter）: 1个已声明集合组，正在过渡; 平底锅（pan）: 恰好1个，状态 footprint=small_rectangle，正在过渡. 数量和身份保持固定；不创建重复的状态副本。 以下额外对象均不存在：滴管、外部液流、外部来源、额外副本、移液管、未列出的物体。 所有受全局保护的身份、形状、材质、场景和相机属性保持不变。 声明的来源减少与结果增加保持耦合。 [有效关系] 浅黄色黄油块的一个角首次明显变圆先于黄色覆盖区在不锈钢锅底上扩大发生。,"[0] [STAGE ENTITY INVENTORY] Present now: butter: exactly 1, state edge_shape=sharp_rectangular, transitioning; liquid butter: one declared collective group, transitioning; pan: exactly 1, state footprint=small_rectangle, transitioning. Counts and identities stay fixed; no duplicate state copy is created. No additional dropper, external liquid stream, external source, extra copy, pipette, unlisted object exists. All globally protected identity, shape, material, scene, and camera attributes stay unchanged. Declared source loss and result gain remain coupled. [VIOLATED RELATION] yellow footprint expands over stainless base is already present BEFORE first visible rounding of a pale-yellow butter corner.",[0] [阶段实体清单] 当前存在： 黄油（butter）: 恰好1个，状态 edge_shape=sharp_rectangular，正在过渡; 液态黄油（liquid butter）: 1个已声明集合组，正在过渡; 平底锅（pan）: 恰好1个，状态 footprint=small_rectangle，正在过渡. 数量和身份保持固定；不创建重复的状态副本。 以下额外对象均不存在：滴管、外部液流、外部来源、额外副本、移液管、未列出的物体。 所有受全局保护的身份、形状、材质、场景和相机属性保持不变。 声明的来源减少与结果增加保持耦合。 [违规关系] 在浅黄色黄油块的一个角首次明显变圆发生之前，黄色覆盖区在不锈钢锅底上扩大已经出现。,
P09,/home/liuzhirui/Project/physGen/code/v3/outputs/trace_writer/trace-v3-m3-phase5/P09/i2v/seed_000042/video.mp4,"The pale-yellow rectangular butter pat near the center of the stainless pan rounds, recedes, and spreads into a yellow liquid pool.",不锈钢平底锅中央附近的浅黄色长方形黄油块逐渐变圆、退缩，并摊开成黄色液体池。,evolution,演化阶段,The declared change pale-yellow corners round and solid height lowers occurs in its stated direction.,已声明的变化“浅黄色边角变圆且固体高度降低”按规定方向发生。,[0] Only one coupled change occurs while the other remains unchanged: .,[0] 只有一个耦合变化发生，而另一个保持不变：（源编译文本此处为空）。,"[STAGE ENTITY INVENTORY] Present now: butter: exactly 1, state edge_shape=rounded_receded, required; liquid butter: one declared collective group, required; pan: exactly 1, state footprint=broad_liquid_pool, required. Counts and identities stay fixed; no duplicate state copy is created. No additional dropper, external liquid stream, external source, extra copy, pipette, unlisted object exists. All globally protected identity, shape, material, scene, and camera attributes stay unchanged. Declared source loss and result gain remain coupled. [VALID RELATION] The declared change pale-yellow corners round and solid height lowers occurs in its stated direction.",[阶段实体清单] 当前存在： 黄油（butter）: 恰好1个，状态 edge_shape=rounded_receded，必需; 液态黄油（liquid butter）: 1个已声明集合组，必需; 平底锅（pan）: 恰好1个，状态 footprint=broad_liquid_pool，必需. 数量和身份保持固定；不创建重复的状态副本。 以下额外对象均不存在：滴管、外部液流、外部来源、额外副本、移液管、未列出的物体。 所有受全局保护的身份、形状、材质、场景和相机属性保持不变。 声明的来源减少与结果增加保持耦合。 [有效关系] 已声明的变化“浅黄色边角变圆且固体高度降低”按规定方向发生。,"[0] [STAGE ENTITY INVENTORY] Present now: butter: exactly 1, state edge_shape=rounded_receded, required; liquid butter: one declared collective group, required; pan: exactly 1, state footprint=broad_liquid_pool, required. Counts and identities stay fixed; no duplicate state copy is created. No additional dropper, external liquid stream, external source, extra copy, pipette, unlisted object exists. All globally protected identity, shape, material, scene, and camera attributes stay unchanged. Declared source loss and result gain remain coupled. [VIOLATED RELATION] Only one coupled change occurs while the other remains unchanged: .",[0] [阶段实体清单] 当前存在： 黄油（butter）: 恰好1个，状态 edge_shape=rounded_receded，必需; 液态黄油（liquid butter）: 1个已声明集合组，必需; 平底锅（pan）: 恰好1个，状态 footprint=broad_liquid_pool，必需. 数量和身份保持固定；不创建重复的状态副本。 以下额外对象均不存在：滴管、外部液流、外部来源、额外副本、移液管、未列出的物体。 所有受全局保护的身份、形状、材质、场景和相机属性保持不变。 声明的来源减少与结果增加保持耦合。 [违规关系] 只有一个耦合变化发生，而另一个保持不变：（源编译文本此处为空）。,源编译负向关系末尾为空（原文为 ': .'），已原样保留英文并在中文中注明。
P09,/home/liuzhirui/Project/physGen/code/v3/outputs/trace_writer/trace-v3-m3-phase5/P09/i2v/seed_000042/video.mp4,"The pale-yellow rectangular butter pat near the center of the stainless pan rounds, recedes, and spreads into a yellow liquid pool.",不锈钢平底锅中央附近的浅黄色长方形黄油块逐渐变圆、退缩，并摊开成黄色液体池。,completion,完成阶段,The declared change pale-yellow corners round and solid height lowers occurs in its stated direction.,已声明的变化“浅黄色边角变圆且固体高度降低”按规定方向发生。,[0] The declared cause occurs BUT the required target change does not become visible.,[0] 声明的原因已经发生，但所要求的目标变化没有变得可见。,"[STAGE ENTITY INVENTORY] Present now: butter: exactly 1, state edge_shape=rounded_receded, transitioning; liquid butter: one declared collective group, transitioning; pan: exactly 1, state footprint=broad_liquid_pool, transitioning. Counts and identities stay fixed; no duplicate state copy is created. No additional dropper, external liquid stream, external source, extra copy, pipette, unlisted object exists. All globally protected identity, shape, material, scene, and camera attributes stay unchanged. Declared source loss and result gain remain coupled. [VALID RELATION] The declared change pale-yellow corners round and solid height lowers occurs in its stated direction.",[阶段实体清单] 当前存在： 黄油（butter）: 恰好1个，状态 edge_shape=rounded_receded，正在过渡; 液态黄油（liquid butter）: 1个已声明集合组，正在过渡; 平底锅（pan）: 恰好1个，状态 footprint=broad_liquid_pool，正在过渡. 数量和身份保持固定；不创建重复的状态副本。 以下额外对象均不存在：滴管、外部液流、外部来源、额外副本、移液管、未列出的物体。 所有受全局保护的身份、形状、材质、场景和相机属性保持不变。 声明的来源减少与结果增加保持耦合。 [有效关系] 已声明的变化“浅黄色边角变圆且固体高度降低”按规定方向发生。,"[0] [STAGE ENTITY INVENTORY] Present now: butter: exactly 1, state edge_shape=rounded_receded, transitioning; liquid butter: one declared collective group, transitioning; pan: exactly 1, state footprint=broad_liquid_pool, transitioning. Counts and identities stay fixed; no duplicate state copy is created. No additional dropper, external liquid stream, external source, extra copy, pipette, unlisted object exists. All globally protected identity, shape, material, scene, and camera attributes stay unchanged. Declared source loss and result gain remain coupled. [VIOLATED RELATION] The declared cause occurs BUT the required target change does not become visible.",[0] [阶段实体清单] 当前存在： 黄油（butter）: 恰好1个，状态 edge_shape=rounded_receded，正在过渡; 液态黄油（liquid butter）: 1个已声明集合组，正在过渡; 平底锅（pan）: 恰好1个，状态 footprint=broad_liquid_pool，正在过渡. 数量和身份保持固定；不创建重复的状态副本。 以下额外对象均不存在：滴管、外部液流、外部来源、额外副本、移液管、未列出的物体。 所有受全局保护的身份、形状、材质、场景和相机属性保持不变。 声明的来源减少与结果增加保持耦合。 [违规关系] 声明的原因已经发生，但所要求的目标变化没有变得可见。,
P09,/home/liuzhirui/Project/physGen/code/v3/outputs/trace_writer/trace-v3-m3-phase5/P09/i2v/seed_000042/video.mp4,"The pale-yellow rectangular butter pat near the center of the stainless pan rounds, recedes, and spreads into a yellow liquid pool.",不锈钢平底锅中央附近的浅黄色长方形黄油块逐渐变圆、退缩，并摊开成黄色液体池。,terminal,终止/保持阶段,"The terminal facts edge_shape=rounded_receded, footprint=broad_liquid_pool REMAIN through the final frames. [AND] The same logical slot has only its valid state; mutually exclusive facts footprint=small_rectangle, footprint=broad_liquid_pool do not coexist.",最终事实 edge_shape=rounded_receded（圆化退缩）、footprint=broad_liquid_pool（宽阔液体池） 在最后几帧持续保持。 [且] 同一逻辑槽位只具有其有效状态；互斥事实 footprint=small_rectangle（小长方形）与 footprint=broad_liquid_pool（宽阔液体池） 不会共存。,"[0] The valid terminal state returns to its mutually exclusive earlier state. [AND] The same logical slot has only its valid state; mutually exclusive facts footprint=small_rectangle, footprint=broad_liquid_pool do not coexist.
[1] The terminal facts edge_shape=rounded_receded, footprint=broad_liquid_pool REMAIN through the final frames. [AND] Copies of the same logical slot appear in mutually exclusive states at the same time.","[0] 有效的终止状态恢复成与其互斥的较早状态。 [且] 同一逻辑槽位只具有其有效状态；互斥事实 footprint=small_rectangle（小长方形）与 footprint=broad_liquid_pool（宽阔液体池） 不会共存。
[1] 最终事实 edge_shape=rounded_receded（圆化退缩）、footprint=broad_liquid_pool（宽阔液体池） 在最后几帧持续保持。 [且] 同一逻辑槽位的多个副本同时以互斥状态出现。","[STAGE ENTITY INVENTORY] Present now: butter: exactly 1, state edge_shape=rounded_receded, required; liquid butter: one declared collective group, required; pan: exactly 1, state footprint=broad_liquid_pool, required. Counts and identities stay fixed; no duplicate state copy is created. No additional dropper, external liquid stream, external source, extra copy, pipette, unlisted object exists. All globally protected identity, shape, material, scene, and camera attributes stay unchanged. Declared source loss and result gain remain coupled. [VALID RELATION] The terminal facts edge_shape=rounded_receded, footprint=broad_liquid_pool REMAIN through the final frames. [AND] The same logical slot has only its valid state; mutually exclusive facts footprint=small_rectangle, footprint=broad_liquid_pool do not coexist.",[阶段实体清单] 当前存在： 黄油（butter）: 恰好1个，状态 edge_shape=rounded_receded，必需; 液态黄油（liquid butter）: 1个已声明集合组，必需; 平底锅（pan）: 恰好1个，状态 footprint=broad_liquid_pool，必需. 数量和身份保持固定；不创建重复的状态副本。 以下额外对象均不存在：滴管、外部液流、外部来源、额外副本、移液管、未列出的物体。 所有受全局保护的身份、形状、材质、场景和相机属性保持不变。 声明的来源减少与结果增加保持耦合。 [有效关系] 最终事实 edge_shape=rounded_receded（圆化退缩）、footprint=broad_liquid_pool（宽阔液体池） 在最后几帧持续保持。 [且] 同一逻辑槽位只具有其有效状态；互斥事实 footprint=small_rectangle（小长方形）与 footprint=broad_liquid_pool（宽阔液体池） 不会共存。,"[0] [STAGE ENTITY INVENTORY] Present now: butter: exactly 1, state edge_shape=rounded_receded, required; liquid butter: one declared collective group, required; pan: exactly 1, state footprint=broad_liquid_pool, required. Counts and identities stay fixed; no duplicate state copy is created. No additional dropper, external liquid stream, external source, extra copy, pipette, unlisted object exists. All globally protected identity, shape, material, scene, and camera attributes stay unchanged. Declared source loss and result gain remain coupled. [VIOLATED RELATION] The valid terminal state returns to its mutually exclusive earlier state. [AND] The same logical slot has only its valid state; mutually exclusive facts footprint=small_rectangle, footprint=broad_liquid_pool do not coexist.
[1] [STAGE ENTITY INVENTORY] Present now: butter: exactly 1, state edge_shape=rounded_receded, required; liquid butter: one declared collective group, required; pan: exactly 1, state footprint=broad_liquid_pool, required. Counts and identities stay fixed; no duplicate state copy is created. No additional dropper, external liquid stream, external source, extra copy, pipette, unlisted object exists. All globally protected identity, shape, material, scene, and camera attributes stay unchanged. Declared source loss and result gain remain coupled. [VIOLATED RELATION] The terminal facts edge_shape=rounded_receded, footprint=broad_liquid_pool REMAIN through the final frames. [AND] Copies of the same logical slot appear in mutually exclusive states at the same time.","[0] [阶段实体清单] 当前存在： 黄油（butter）: 恰好1个，状态 edge_shape=rounded_receded，必需; 液态黄油（liquid butter）: 1个已声明集合组，必需; 平底锅（pan）: 恰好1个，状态 footprint=broad_liquid_pool，必需. 数量和身份保持固定；不创建重复的状态副本。 以下额外对象均不存在：滴管、外部液流、外部来源、额外副本、移液管、未列出的物体。 所有受全局保护的身份、形状、材质、场景和相机属性保持不变。 声明的来源减少与结果增加保持耦合。 [违规关系] 有效的终止状态恢复成与其互斥的较早状态。 [且] 同一逻辑槽位只具有其有效状态；互斥事实 footprint=small_rectangle（小长方形）与 footprint=broad_liquid_pool（宽阔液体池） 不会共存。
[1] [阶段实体清单] 当前存在： 黄油（butter）: 恰好1个，状态 edge_shape=rounded_receded，必需; 液态黄油（liquid butter）: 1个已声明集合组，必需; 平底锅（pan）: 恰好1个，状态 footprint=broad_liquid_pool，必需. 数量和身份保持固定；不创建重复的状态副本。 以下额外对象均不存在：滴管、外部液流、外部来源、额外副本、移液管、未列出的物体。 所有受全局保护的身份、形状、材质、场景和相机属性保持不变。 声明的来源减少与结果增加保持耦合。 [违规关系] 最终事实 edge_shape=rounded_receded（圆化退缩）、footprint=broad_liquid_pool（宽阔液体池） 在最后几帧持续保持。 [且] 同一逻辑槽位的多个副本同时以互斥状态出现。",
P10,/home/liuzhirui/Project/physGen/code/v3/outputs/trace_writer/trace-v3-m3-phase5/P10/i2v/seed_000042/video.mp4,"The single small tied green rubber balloon centered on the plain background inflates, bursts, and leaves green collapsed fragments in place.",纯色背景中央的单个小型系结绿色橡胶气球膨胀、爆裂，并在原处留下瘪塌的绿色碎片。,setup,准备/初始阶段,first visible expansion of the small green silhouette happens BEFORE centered green outline expands.,小型绿色轮廓首次明显扩张先于居中的绿色外轮廓扩大发生。,[0] centered green outline expands is already present BEFORE first visible expansion of the small green silhouette.,[0] 在小型绿色轮廓首次明显扩张发生之前，居中的绿色外轮廓扩大已经出现。,"[STAGE ENTITY INVENTORY] Present now: balloon: exactly 1, state size=small_pear_shape, surface=wrinkled_loose, integrity=intact, required. Counts and identities stay fixed; no duplicate state copy is created. No additional external source, extra copy, hand, person, tool, unlisted object exists. All globally protected identity, shape, material, scene, and camera attributes stay unchanged. Declared source loss and result gain remain coupled. [VALID RELATION] first visible expansion of the small green silhouette happens BEFORE centered green outline expands.","[阶段实体清单] 当前存在： 气球（balloon）: 恰好1个，状态 size=small_pear_shape, surface=wrinkled_loose, integrity=intact，必需. 数量和身份保持固定；不创建重复的状态副本。 以下额外对象均不存在：外部来源、额外副本、手、人物、工具、未列出的物体。 所有受全局保护的身份、形状、材质、场景和相机属性保持不变。 声明的来源减少与结果增加保持耦合。 [有效关系] 小型绿色轮廓首次明显扩张先于居中的绿色外轮廓扩大发生。","[0] [STAGE ENTITY INVENTORY] Present now: balloon: exactly 1, state size=small_pear_shape, surface=wrinkled_loose, integrity=intact, required. Counts and identities stay fixed; no duplicate state copy is created. No additional external source, extra copy, hand, person, tool, unlisted object exists. All globally protected identity, shape, material, scene, and camera attributes stay unchanged. Declared source loss and result gain remain coupled. [VIOLATED RELATION] centered green outline expands is already present BEFORE first visible expansion of the small green silhouette.","[0] [阶段实体清单] 当前存在： 气球（balloon）: 恰好1个，状态 size=small_pear_shape, surface=wrinkled_loose, integrity=intact，必需. 数量和身份保持固定；不创建重复的状态副本。 以下额外对象均不存在：外部来源、额外副本、手、人物、工具、未列出的物体。 所有受全局保护的身份、形状、材质、场景和相机属性保持不变。 声明的来源减少与结果增加保持耦合。 [违规关系] 在小型绿色轮廓首次明显扩张发生之前，居中的绿色外轮廓扩大已经出现。",
P10,/home/liuzhirui/Project/physGen/code/v3/outputs/trace_writer/trace-v3-m3-phase5/P10/i2v/seed_000042/video.mp4,"The single small tied green rubber balloon centered on the plain background inflates, bursts, and leaves green collapsed fragments in place.",纯色背景中央的单个小型系结绿色橡胶气球膨胀、爆裂，并在原处留下瘪塌的绿色碎片。,onset,起始/触发阶段,first visible expansion of the small green silhouette happens BEFORE centered green outline expands.,小型绿色轮廓首次明显扩张先于居中的绿色外轮廓扩大发生。,[0] centered green outline expands happens BEFORE first visible expansion of the small green silhouette.,[0] 居中的绿色外轮廓扩大先于小型绿色轮廓首次明显扩张发生。,"[STAGE ENTITY INVENTORY] Present now: balloon: exactly 1, state size=small_pear_shape, surface=wrinkled_loose, integrity=intact, transitioning. Counts and identities stay fixed; no duplicate state copy is created. No additional external source, extra copy, hand, person, tool, unlisted object exists. All globally protected identity, shape, material, scene, and camera attributes stay unchanged. Declared source loss and result gain remain coupled. [VALID RELATION] first visible expansion of the small green silhouette happens BEFORE centered green outline expands.","[阶段实体清单] 当前存在： 气球（balloon）: 恰好1个，状态 size=small_pear_shape, surface=wrinkled_loose, integrity=intact，正在过渡. 数量和身份保持固定；不创建重复的状态副本。 以下额外对象均不存在：外部来源、额外副本、手、人物、工具、未列出的物体。 所有受全局保护的身份、形状、材质、场景和相机属性保持不变。 声明的来源减少与结果增加保持耦合。 [有效关系] 小型绿色轮廓首次明显扩张先于居中的绿色外轮廓扩大发生。","[0] [STAGE ENTITY INVENTORY] Present now: balloon: exactly 1, state size=small_pear_shape, surface=wrinkled_loose, integrity=intact, transitioning. Counts and identities stay fixed; no duplicate state copy is created. No additional external source, extra copy, hand, person, tool, unlisted object exists. All globally protected identity, shape, material, scene, and camera attributes stay unchanged. Declared source loss and result gain remain coupled. [VIOLATED RELATION] centered green outline expands happens BEFORE first visible expansion of the small green silhouette.","[0] [阶段实体清单] 当前存在： 气球（balloon）: 恰好1个，状态 size=small_pear_shape, surface=wrinkled_loose, integrity=intact，正在过渡. 数量和身份保持固定；不创建重复的状态副本。 以下额外对象均不存在：外部来源、额外副本、手、人物、工具、未列出的物体。 所有受全局保护的身份、形状、材质、场景和相机属性保持不变。 声明的来源减少与结果增加保持耦合。 [违规关系] 居中的绿色外轮廓扩大先于小型绿色轮廓首次明显扩张发生。",
P10,/home/liuzhirui/Project/physGen/code/v3/outputs/trace_writer/trace-v3-m3-phase5/P10/i2v/seed_000042/video.mp4,"The single small tied green rubber balloon centered on the plain background inflates, bursts, and leaves green collapsed fragments in place.",纯色背景中央的单个小型系结绿色橡胶气球膨胀、爆裂，并在原处留下瘪塌的绿色碎片。,evolution,演化阶段,The declared change centered green outline expands occurs in its stated direction.,已声明的变化“居中的绿色外轮廓扩大”按规定方向发生。,[0] The same declared property changes in the opposite or out-of-range direction.,[0] 同一项已声明属性朝相反方向变化，或变化超出规定范围。,"[STAGE ENTITY INVENTORY] Present now: balloon: exactly 1, state size=large_taut_shape, surface=smooth_taut, integrity=intact, required. Counts and identities stay fixed; no duplicate state copy is created. No additional external source, extra copy, hand, person, tool, unlisted object exists. All globally protected identity, shape, material, scene, and camera attributes stay unchanged. Declared source loss and result gain remain coupled. [VALID RELATION] The declared change centered green outline expands occurs in its stated direction.","[阶段实体清单] 当前存在： 气球（balloon）: 恰好1个，状态 size=large_taut_shape, surface=smooth_taut, integrity=intact，必需. 数量和身份保持固定；不创建重复的状态副本。 以下额外对象均不存在：外部来源、额外副本、手、人物、工具、未列出的物体。 所有受全局保护的身份、形状、材质、场景和相机属性保持不变。 声明的来源减少与结果增加保持耦合。 [有效关系] 已声明的变化“居中的绿色外轮廓扩大”按规定方向发生。","[0] [STAGE ENTITY INVENTORY] Present now: balloon: exactly 1, state size=large_taut_shape, surface=smooth_taut, integrity=intact, required. Counts and identities stay fixed; no duplicate state copy is created. No additional external source, extra copy, hand, person, tool, unlisted object exists. All globally protected identity, shape, material, scene, and camera attributes stay unchanged. Declared source loss and result gain remain coupled. [VIOLATED RELATION] The same declared property changes in the opposite or out-of-range direction.","[0] [阶段实体清单] 当前存在： 气球（balloon）: 恰好1个，状态 size=large_taut_shape, surface=smooth_taut, integrity=intact，必需. 数量和身份保持固定；不创建重复的状态副本。 以下额外对象均不存在：外部来源、额外副本、手、人物、工具、未列出的物体。 所有受全局保护的身份、形状、材质、场景和相机属性保持不变。 声明的来源减少与结果增加保持耦合。 [违规关系] 同一项已声明属性朝相反方向变化，或变化超出规定范围。",
P10,/home/liuzhirui/Project/physGen/code/v3/outputs/trace_writer/trace-v3-m3-phase5/P10/i2v/seed_000042/video.mp4,"The single small tied green rubber balloon centered on the plain background inflates, bursts, and leaves green collapsed fragments in place.",纯色背景中央的单个小型系结绿色橡胶气球膨胀、爆裂，并在原处留下瘪塌的绿色碎片。,completion,完成阶段,The declared change green envelope separates into fragments occurs in its stated direction.,已声明的变化“绿色外包络分裂成碎片”按规定方向发生。,[0] The declared cause occurs BUT the required target change does not become visible.,[0] 声明的原因已经发生，但所要求的目标变化没有变得可见。,"[STAGE ENTITY INVENTORY] Present now: balloon: exactly 1, state size=collapsed_green_pieces, surface=deflated, integrity=ruptured_fragments, transitioning. Counts and identities stay fixed; no duplicate state copy is created. No additional external source, extra copy, hand, person, tool, unlisted object exists. All globally protected identity, shape, material, scene, and camera attributes stay unchanged. Declared source loss and result gain remain coupled. [VALID RELATION] The declared change green envelope separates into fragments occurs in its stated direction.","[阶段实体清单] 当前存在： 气球（balloon）: 恰好1个，状态 size=collapsed_green_pieces, surface=deflated, integrity=ruptured_fragments，正在过渡. 数量和身份保持固定；不创建重复的状态副本。 以下额外对象均不存在：外部来源、额外副本、手、人物、工具、未列出的物体。 所有受全局保护的身份、形状、材质、场景和相机属性保持不变。 声明的来源减少与结果增加保持耦合。 [有效关系] 已声明的变化“绿色外包络分裂成碎片”按规定方向发生。","[0] [STAGE ENTITY INVENTORY] Present now: balloon: exactly 1, state size=collapsed_green_pieces, surface=deflated, integrity=ruptured_fragments, transitioning. Counts and identities stay fixed; no duplicate state copy is created. No additional external source, extra copy, hand, person, tool, unlisted object exists. All globally protected identity, shape, material, scene, and camera attributes stay unchanged. Declared source loss and result gain remain coupled. [VIOLATED RELATION] The declared cause occurs BUT the required target change does not become visible.","[0] [阶段实体清单] 当前存在： 气球（balloon）: 恰好1个，状态 size=collapsed_green_pieces, surface=deflated, integrity=ruptured_fragments，正在过渡. 数量和身份保持固定；不创建重复的状态副本。 以下额外对象均不存在：外部来源、额外副本、手、人物、工具、未列出的物体。 所有受全局保护的身份、形状、材质、场景和相机属性保持不变。 声明的来源减少与结果增加保持耦合。 [违规关系] 声明的原因已经发生，但所要求的目标变化没有变得可见。",
P10,/home/liuzhirui/Project/physGen/code/v3/outputs/trace_writer/trace-v3-m3-phase5/P10/i2v/seed_000042/video.mp4,"The single small tied green rubber balloon centered on the plain background inflates, bursts, and leaves green collapsed fragments in place.",纯色背景中央的单个小型系结绿色橡胶气球膨胀、爆裂，并在原处留下瘪塌的绿色碎片。,terminal,终止/保持阶段,"The terminal facts size=collapsed_green_pieces, integrity=ruptured_fragments REMAIN through the final frames. [AND] The same logical slot has only its valid state; mutually exclusive facts integrity=intact, integrity=ruptured_fragments do not coexist.",最终事实 size=collapsed_green_pieces（瘪塌绿色碎片）、integrity=ruptured_fragments（破裂碎片） 在最后几帧持续保持。 [且] 同一逻辑槽位只具有其有效状态；互斥事实 integrity=intact（完整）与 integrity=ruptured_fragments（破裂碎片） 不会共存。,"[0] The valid terminal state returns to its mutually exclusive earlier state. [AND] The same logical slot has only its valid state; mutually exclusive facts integrity=intact, integrity=ruptured_fragments do not coexist.
[1] The terminal facts size=collapsed_green_pieces, integrity=ruptured_fragments REMAIN through the final frames. [AND] Copies of the same logical slot appear in mutually exclusive states at the same time.","[0] 有效的终止状态恢复成与其互斥的较早状态。 [且] 同一逻辑槽位只具有其有效状态；互斥事实 integrity=intact（完整）与 integrity=ruptured_fragments（破裂碎片） 不会共存。
[1] 最终事实 size=collapsed_green_pieces（瘪塌绿色碎片）、integrity=ruptured_fragments（破裂碎片） 在最后几帧持续保持。 [且] 同一逻辑槽位的多个副本同时以互斥状态出现。","[STAGE ENTITY INVENTORY] Present now: balloon: exactly 1, state size=collapsed_green_pieces, surface=deflated, integrity=ruptured_fragments, required. Counts and identities stay fixed; no duplicate state copy is created. No additional external source, extra copy, hand, person, tool, unlisted object exists. All globally protected identity, shape, material, scene, and camera attributes stay unchanged. Declared source loss and result gain remain coupled. [VALID RELATION] The terminal facts size=collapsed_green_pieces, integrity=ruptured_fragments REMAIN through the final frames. [AND] The same logical slot has only its valid state; mutually exclusive facts integrity=intact, integrity=ruptured_fragments do not coexist.","[阶段实体清单] 当前存在： 气球（balloon）: 恰好1个，状态 size=collapsed_green_pieces, surface=deflated, integrity=ruptured_fragments，必需. 数量和身份保持固定；不创建重复的状态副本。 以下额外对象均不存在：外部来源、额外副本、手、人物、工具、未列出的物体。 所有受全局保护的身份、形状、材质、场景和相机属性保持不变。 声明的来源减少与结果增加保持耦合。 [有效关系] 最终事实 size=collapsed_green_pieces（瘪塌绿色碎片）、integrity=ruptured_fragments（破裂碎片） 在最后几帧持续保持。 [且] 同一逻辑槽位只具有其有效状态；互斥事实 integrity=intact（完整）与 integrity=ruptured_fragments（破裂碎片） 不会共存。","[0] [STAGE ENTITY INVENTORY] Present now: balloon: exactly 1, state size=collapsed_green_pieces, surface=deflated, integrity=ruptured_fragments, required. Counts and identities stay fixed; no duplicate state copy is created. No additional external source, extra copy, hand, person, tool, unlisted object exists. All globally protected identity, shape, material, scene, and camera attributes stay unchanged. Declared source loss and result gain remain coupled. [VIOLATED RELATION] The valid terminal state returns to its mutually exclusive earlier state. [AND] The same logical slot has only its valid state; mutually exclusive facts integrity=intact, integrity=ruptured_fragments do not coexist.
[1] [STAGE ENTITY INVENTORY] Present now: balloon: exactly 1, state size=collapsed_green_pieces, surface=deflated, integrity=ruptured_fragments, required. Counts and identities stay fixed; no duplicate state copy is created. No additional external source, extra copy, hand, person, tool, unlisted object exists. All globally protected identity, shape, material, scene, and camera attributes stay unchanged. Declared source loss and result gain remain coupled. [VIOLATED RELATION] The terminal facts size=collapsed_green_pieces, integrity=ruptured_fragments REMAIN through the final frames. [AND] Copies of the same logical slot appear in mutually exclusive states at the same time.","[0] [阶段实体清单] 当前存在： 气球（balloon）: 恰好1个，状态 size=collapsed_green_pieces, surface=deflated, integrity=ruptured_fragments，必需. 数量和身份保持固定；不创建重复的状态副本。 以下额外对象均不存在：外部来源、额外副本、手、人物、工具、未列出的物体。 所有受全局保护的身份、形状、材质、场景和相机属性保持不变。 声明的来源减少与结果增加保持耦合。 [违规关系] 有效的终止状态恢复成与其互斥的较早状态。 [且] 同一逻辑槽位只具有其有效状态；互斥事实 integrity=intact（完整）与 integrity=ruptured_fragments（破裂碎片） 不会共存。
[1] [阶段实体清单] 当前存在： 气球（balloon）: 恰好1个，状态 size=collapsed_green_pieces, surface=deflated, integrity=ruptured_fragments，必需. 数量和身份保持固定；不创建重复的状态副本。 以下额外对象均不存在：外部来源、额外副本、手、人物、工具、未列出的物体。 所有受全局保护的身份、形状、材质、场景和相机属性保持不变。 声明的来源减少与结果增加保持耦合。 [违规关系] 最终事实 size=collapsed_green_pieces（瘪塌绿色碎片）、integrity=ruptured_fragments（破裂碎片） 在最后几帧持续保持。 [且] 同一逻辑槽位的多个副本同时以互斥状态出现。",
P11,/home/liuzhirui/Project/physGen/code/v3/outputs/trace_writer/trace-v3-m3-phase5/P11/i2v/seed_000042/video.mp4,"The clear horizontal bottle leaves the upper-left beige support, falls across the pale wall, and shatters on the beige tile floor.",水平放置的透明瓶子离开左上方米色支撑，沿浅色墙面前方下落，并在米色瓷砖地面上摔碎。,setup,准备/初始阶段,the clear bottle reaches the beige tile surface happens BEFORE transparent bottle body breaks.,透明瓶子抵达米色瓷砖表面先于透明瓶身破裂发生。,[0] transparent bottle body breaks is already present BEFORE the clear bottle reaches the beige tile surface.,[0] 在透明瓶子抵达米色瓷砖表面发生之前，透明瓶身破裂已经出现。,"[STAGE ENTITY INVENTORY] Present now: bottle: exactly 1, state position=upper_left_support, integrity=intact_horizontal_bottle, configuration=single_bottle, required; tile floor: one declared collective group, required. Counts and identities stay fixed; no duplicate state copy is created. No additional external source, extra copy, hand, person, tool, unlisted object exists. All globally protected identity, shape, material, scene, and camera attributes stay unchanged. Declared source loss and result gain remain coupled. [VALID RELATION] the clear bottle reaches the beige tile surface happens BEFORE transparent bottle body breaks.","[阶段实体清单] 当前存在： 瓶子（bottle）: 恰好1个，状态 position=upper_left_support, integrity=intact_horizontal_bottle, configuration=single_bottle，必需; 瓷砖地面（tile floor）: 1个已声明集合组，必需. 数量和身份保持固定；不创建重复的状态副本。 以下额外对象均不存在：外部来源、额外副本、手、人物、工具、未列出的物体。 所有受全局保护的身份、形状、材质、场景和相机属性保持不变。 声明的来源减少与结果增加保持耦合。 [有效关系] 透明瓶子抵达米色瓷砖表面先于透明瓶身破裂发生。","[0] [STAGE ENTITY INVENTORY] Present now: bottle: exactly 1, state position=upper_left_support, integrity=intact_horizontal_bottle, configuration=single_bottle, required; tile floor: one declared collective group, required. Counts and identities stay fixed; no duplicate state copy is created. No additional external source, extra copy, hand, person, tool, unlisted object exists. All globally protected identity, shape, material, scene, and camera attributes stay unchanged. Declared source loss and result gain remain coupled. [VIOLATED RELATION] transparent bottle body breaks is already present BEFORE the clear bottle reaches the beige tile surface.","[0] [阶段实体清单] 当前存在： 瓶子（bottle）: 恰好1个，状态 position=upper_left_support, integrity=intact_horizontal_bottle, configuration=single_bottle，必需; 瓷砖地面（tile floor）: 1个已声明集合组，必需. 数量和身份保持固定；不创建重复的状态副本。 以下额外对象均不存在：外部来源、额外副本、手、人物、工具、未列出的物体。 所有受全局保护的身份、形状、材质、场景和相机属性保持不变。 声明的来源减少与结果增加保持耦合。 [违规关系] 在透明瓶子抵达米色瓷砖表面发生之前，透明瓶身破裂已经出现。",
P11,/home/liuzhirui/Project/physGen/code/v3/outputs/trace_writer/trace-v3-m3-phase5/P11/i2v/seed_000042/video.mp4,"The clear horizontal bottle leaves the upper-left beige support, falls across the pale wall, and shatters on the beige tile floor.",水平放置的透明瓶子离开左上方米色支撑，沿浅色墙面前方下落，并在米色瓷砖地面上摔碎。,onset,起始/触发阶段,the clear bottle reaches the beige tile surface happens BEFORE transparent bottle body breaks.,透明瓶子抵达米色瓷砖表面先于透明瓶身破裂发生。,[0] transparent bottle body breaks happens BEFORE the clear bottle reaches the beige tile surface.,[0] 透明瓶身破裂先于透明瓶子抵达米色瓷砖表面发生。,"[STAGE ENTITY INVENTORY] Present now: bottle: exactly 1, state position=upper_left_support, integrity=intact_horizontal_bottle, configuration=single_bottle, transitioning; tile floor: one declared collective group, transitioning. Counts and identities stay fixed; no duplicate state copy is created. No additional external source, extra copy, hand, person, tool, unlisted object exists. All globally protected identity, shape, material, scene, and camera attributes stay unchanged. Declared source loss and result gain remain coupled. [VALID RELATION] the clear bottle reaches the beige tile surface happens BEFORE transparent bottle body breaks.","[阶段实体清单] 当前存在： 瓶子（bottle）: 恰好1个，状态 position=upper_left_support, integrity=intact_horizontal_bottle, configuration=single_bottle，正在过渡; 瓷砖地面（tile floor）: 1个已声明集合组，正在过渡. 数量和身份保持固定；不创建重复的状态副本。 以下额外对象均不存在：外部来源、额外副本、手、人物、工具、未列出的物体。 所有受全局保护的身份、形状、材质、场景和相机属性保持不变。 声明的来源减少与结果增加保持耦合。 [有效关系] 透明瓶子抵达米色瓷砖表面先于透明瓶身破裂发生。","[0] [STAGE ENTITY INVENTORY] Present now: bottle: exactly 1, state position=upper_left_support, integrity=intact_horizontal_bottle, configuration=single_bottle, transitioning; tile floor: one declared collective group, transitioning. Counts and identities stay fixed; no duplicate state copy is created. No additional external source, extra copy, hand, person, tool, unlisted object exists. All globally protected identity, shape, material, scene, and camera attributes stay unchanged. Declared source loss and result gain remain coupled. [VIOLATED RELATION] transparent bottle body breaks happens BEFORE the clear bottle reaches the beige tile surface.","[0] [阶段实体清单] 当前存在： 瓶子（bottle）: 恰好1个，状态 position=upper_left_support, integrity=intact_horizontal_bottle, configuration=single_bottle，正在过渡; 瓷砖地面（tile floor）: 1个已声明集合组，正在过渡. 数量和身份保持固定；不创建重复的状态副本。 以下额外对象均不存在：外部来源、额外副本、手、人物、工具、未列出的物体。 所有受全局保护的身份、形状、材质、场景和相机属性保持不变。 声明的来源减少与结果增加保持耦合。 [违规关系] 透明瓶身破裂先于透明瓶子抵达米色瓷砖表面发生。",
P11,/home/liuzhirui/Project/physGen/code/v3/outputs/trace_writer/trace-v3-m3-phase5/P11/i2v/seed_000042/video.mp4,"The clear horizontal bottle leaves the upper-left beige support, falls across the pale wall, and shatters on the beige tile floor.",水平放置的透明瓶子离开左上方米色支撑，沿浅色墙面前方下落，并在米色瓷砖地面上摔碎。,evolution,演化阶段,The coupled changes occur together: clear bottle descends through open wall corridor WHILE transparent bottle body breaks WHILE clear pieces spread over beige tile.,耦合变化同时发生：透明瓶子沿墙前开放通道下降，同时透明瓶身破裂，透明碎片散布到米色瓷砖上。,[0] Only one coupled change occurs while the other remains unchanged: clear bottle descends through open wall corridor; transparent bottle body breaks; clear pieces spread over beige tile.,[0] 只有一个耦合变化发生，另一个保持不变：透明瓶子沿墙前开放通道下降；透明瓶身破裂；透明碎片散布到米色瓷砖上。,"[STAGE ENTITY INVENTORY] Present now: bottle: exactly 1, state position=beige_tile, integrity=fractured_clear_glass, configuration=scattered_floor_fragments, required; tile floor: one declared collective group, required. Counts and identities stay fixed; no duplicate state copy is created. No additional external source, extra copy, hand, person, tool, unlisted object exists. All globally protected identity, shape, material, scene, and camera attributes stay unchanged. Declared source loss and result gain remain coupled. [VALID RELATION] The coupled changes occur together: clear bottle descends through open wall corridor WHILE transparent bottle body breaks WHILE clear pieces spread over beige tile.","[阶段实体清单] 当前存在： 瓶子（bottle）: 恰好1个，状态 position=beige_tile, integrity=fractured_clear_glass, configuration=scattered_floor_fragments，必需; 瓷砖地面（tile floor）: 1个已声明集合组，必需. 数量和身份保持固定；不创建重复的状态副本。 以下额外对象均不存在：外部来源、额外副本、手、人物、工具、未列出的物体。 所有受全局保护的身份、形状、材质、场景和相机属性保持不变。 声明的来源减少与结果增加保持耦合。 [有效关系] 耦合变化同时发生：透明瓶子沿墙前开放通道下降，同时透明瓶身破裂，透明碎片散布到米色瓷砖上。","[0] [STAGE ENTITY INVENTORY] Present now: bottle: exactly 1, state position=beige_tile, integrity=fractured_clear_glass, configuration=scattered_floor_fragments, required; tile floor: one declared collective group, required. Counts and identities stay fixed; no duplicate state copy is created. No additional external source, extra copy, hand, person, tool, unlisted object exists. All globally protected identity, shape, material, scene, and camera attributes stay unchanged. Declared source loss and result gain remain coupled. [VIOLATED RELATION] Only one coupled change occurs while the other remains unchanged: clear bottle descends through open wall corridor; transparent bottle body breaks; clear pieces spread over beige tile.","[0] [阶段实体清单] 当前存在： 瓶子（bottle）: 恰好1个，状态 position=beige_tile, integrity=fractured_clear_glass, configuration=scattered_floor_fragments，必需; 瓷砖地面（tile floor）: 1个已声明集合组，必需. 数量和身份保持固定；不创建重复的状态副本。 以下额外对象均不存在：外部来源、额外副本、手、人物、工具、未列出的物体。 所有受全局保护的身份、形状、材质、场景和相机属性保持不变。 声明的来源减少与结果增加保持耦合。 [违规关系] 只有一个耦合变化发生，另一个保持不变：透明瓶子沿墙前开放通道下降；透明瓶身破裂；透明碎片散布到米色瓷砖上。",
P11,/home/liuzhirui/Project/physGen/code/v3/outputs/trace_writer/trace-v3-m3-phase5/P11/i2v/seed_000042/video.mp4,"The clear horizontal bottle leaves the upper-left beige support, falls across the pale wall, and shatters on the beige tile floor.",水平放置的透明瓶子离开左上方米色支撑，沿浅色墙面前方下落，并在米色瓷砖地面上摔碎。,completion,完成阶段,The coupled changes occur together: clear bottle descends through open wall corridor WHILE transparent bottle body breaks WHILE clear pieces spread over beige tile.,耦合变化同时发生：透明瓶子沿墙前开放通道下降，同时透明瓶身破裂，透明碎片散布到米色瓷砖上。,[0] The declared cause occurs BUT the required target change does not become visible.,[0] 声明的原因已经发生，但所要求的目标变化没有变得可见。,"[STAGE ENTITY INVENTORY] Present now: bottle: exactly 1, state position=beige_tile, integrity=fractured_clear_glass, configuration=scattered_floor_fragments, transitioning; tile floor: one declared collective group, transitioning. Counts and identities stay fixed; no duplicate state copy is created. No additional external source, extra copy, hand, person, tool, unlisted object exists. All globally protected identity, shape, material, scene, and camera attributes stay unchanged. Declared source loss and result gain remain coupled. [VALID RELATION] The coupled changes occur together: clear bottle descends through open wall corridor WHILE transparent bottle body breaks WHILE clear pieces spread over beige tile.","[阶段实体清单] 当前存在： 瓶子（bottle）: 恰好1个，状态 position=beige_tile, integrity=fractured_clear_glass, configuration=scattered_floor_fragments，正在过渡; 瓷砖地面（tile floor）: 1个已声明集合组，正在过渡. 数量和身份保持固定；不创建重复的状态副本。 以下额外对象均不存在：外部来源、额外副本、手、人物、工具、未列出的物体。 所有受全局保护的身份、形状、材质、场景和相机属性保持不变。 声明的来源减少与结果增加保持耦合。 [有效关系] 耦合变化同时发生：透明瓶子沿墙前开放通道下降，同时透明瓶身破裂，透明碎片散布到米色瓷砖上。","[0] [STAGE ENTITY INVENTORY] Present now: bottle: exactly 1, state position=beige_tile, integrity=fractured_clear_glass, configuration=scattered_floor_fragments, transitioning; tile floor: one declared collective group, transitioning. Counts and identities stay fixed; no duplicate state copy is created. No additional external source, extra copy, hand, person, tool, unlisted object exists. All globally protected identity, shape, material, scene, and camera attributes stay unchanged. Declared source loss and result gain remain coupled. [VIOLATED RELATION] The declared cause occurs BUT the required target change does not become visible.","[0] [阶段实体清单] 当前存在： 瓶子（bottle）: 恰好1个，状态 position=beige_tile, integrity=fractured_clear_glass, configuration=scattered_floor_fragments，正在过渡; 瓷砖地面（tile floor）: 1个已声明集合组，正在过渡. 数量和身份保持固定；不创建重复的状态副本。 以下额外对象均不存在：外部来源、额外副本、手、人物、工具、未列出的物体。 所有受全局保护的身份、形状、材质、场景和相机属性保持不变。 声明的来源减少与结果增加保持耦合。 [违规关系] 声明的原因已经发生，但所要求的目标变化没有变得可见。",
P11,/home/liuzhirui/Project/physGen/code/v3/outputs/trace_writer/trace-v3-m3-phase5/P11/i2v/seed_000042/video.mp4,"The clear horizontal bottle leaves the upper-left beige support, falls across the pale wall, and shatters on the beige tile floor.",水平放置的透明瓶子离开左上方米色支撑，沿浅色墙面前方下落，并在米色瓷砖地面上摔碎。,terminal,终止/保持阶段,"The terminal facts integrity=fractured_clear_glass, configuration=scattered_floor_fragments REMAIN through the final frames. [AND] The same logical slot has only its valid state; mutually exclusive facts integrity=intact_horizontal_bottle, integrity=fractured_clear_glass do not coexist.",最终事实 integrity=fractured_clear_glass（破碎透明玻璃）、configuration=scattered_floor_fragments（地面散落碎片） 在最后几帧持续保持。 [且] 同一逻辑槽位只具有其有效状态；互斥事实 integrity=intact_horizontal_bottle（完整水平瓶）与 integrity=fractured_clear_glass（破碎透明玻璃） 不会共存。,"[0] The valid terminal state returns to its mutually exclusive earlier state. [AND] The same logical slot has only its valid state; mutually exclusive facts integrity=intact_horizontal_bottle, integrity=fractured_clear_glass do not coexist.
[1] The terminal facts integrity=fractured_clear_glass, configuration=scattered_floor_fragments REMAIN through the final frames. [AND] Copies of the same logical slot appear in mutually exclusive states at the same time.","[0] 有效的终止状态恢复成与其互斥的较早状态。 [且] 同一逻辑槽位只具有其有效状态；互斥事实 integrity=intact_horizontal_bottle（完整水平瓶）与 integrity=fractured_clear_glass（破碎透明玻璃） 不会共存。
[1] 最终事实 integrity=fractured_clear_glass（破碎透明玻璃）、configuration=scattered_floor_fragments（地面散落碎片） 在最后几帧持续保持。 [且] 同一逻辑槽位的多个副本同时以互斥状态出现。","[STAGE ENTITY INVENTORY] Present now: bottle: exactly 1, state position=beige_tile, integrity=fractured_clear_glass, configuration=scattered_floor_fragments, required; tile floor: one declared collective group, required. Counts and identities stay fixed; no duplicate state copy is created. No additional external source, extra copy, hand, person, tool, unlisted object exists. All globally protected identity, shape, material, scene, and camera attributes stay unchanged. Declared source loss and result gain remain coupled. [VALID RELATION] The terminal facts integrity=fractured_clear_glass, configuration=scattered_floor_fragments REMAIN through the final frames. [AND] The same logical slot has only its valid state; mutually exclusive facts integrity=intact_horizontal_bottle, integrity=fractured_clear_glass do not coexist.","[阶段实体清单] 当前存在： 瓶子（bottle）: 恰好1个，状态 position=beige_tile, integrity=fractured_clear_glass, configuration=scattered_floor_fragments，必需; 瓷砖地面（tile floor）: 1个已声明集合组，必需. 数量和身份保持固定；不创建重复的状态副本。 以下额外对象均不存在：外部来源、额外副本、手、人物、工具、未列出的物体。 所有受全局保护的身份、形状、材质、场景和相机属性保持不变。 声明的来源减少与结果增加保持耦合。 [有效关系] 最终事实 integrity=fractured_clear_glass（破碎透明玻璃）、configuration=scattered_floor_fragments（地面散落碎片） 在最后几帧持续保持。 [且] 同一逻辑槽位只具有其有效状态；互斥事实 integrity=intact_horizontal_bottle（完整水平瓶）与 integrity=fractured_clear_glass（破碎透明玻璃） 不会共存。","[0] [STAGE ENTITY INVENTORY] Present now: bottle: exactly 1, state position=beige_tile, integrity=fractured_clear_glass, configuration=scattered_floor_fragments, required; tile floor: one declared collective group, required. Counts and identities stay fixed; no duplicate state copy is created. No additional external source, extra copy, hand, person, tool, unlisted object exists. All globally protected identity, shape, material, scene, and camera attributes stay unchanged. Declared source loss and result gain remain coupled. [VIOLATED RELATION] The valid terminal state returns to its mutually exclusive earlier state. [AND] The same logical slot has only its valid state; mutually exclusive facts integrity=intact_horizontal_bottle, integrity=fractured_clear_glass do not coexist.
[1] [STAGE ENTITY INVENTORY] Present now: bottle: exactly 1, state position=beige_tile, integrity=fractured_clear_glass, configuration=scattered_floor_fragments, required; tile floor: one declared collective group, required. Counts and identities stay fixed; no duplicate state copy is created. No additional external source, extra copy, hand, person, tool, unlisted object exists. All globally protected identity, shape, material, scene, and camera attributes stay unchanged. Declared source loss and result gain remain coupled. [VIOLATED RELATION] The terminal facts integrity=fractured_clear_glass, configuration=scattered_floor_fragments REMAIN through the final frames. [AND] Copies of the same logical slot appear in mutually exclusive states at the same time.","[0] [阶段实体清单] 当前存在： 瓶子（bottle）: 恰好1个，状态 position=beige_tile, integrity=fractured_clear_glass, configuration=scattered_floor_fragments，必需; 瓷砖地面（tile floor）: 1个已声明集合组，必需. 数量和身份保持固定；不创建重复的状态副本。 以下额外对象均不存在：外部来源、额外副本、手、人物、工具、未列出的物体。 所有受全局保护的身份、形状、材质、场景和相机属性保持不变。 声明的来源减少与结果增加保持耦合。 [违规关系] 有效的终止状态恢复成与其互斥的较早状态。 [且] 同一逻辑槽位只具有其有效状态；互斥事实 integrity=intact_horizontal_bottle（完整水平瓶）与 integrity=fractured_clear_glass（破碎透明玻璃） 不会共存。
[1] [阶段实体清单] 当前存在： 瓶子（bottle）: 恰好1个，状态 position=beige_tile, integrity=fractured_clear_glass, configuration=scattered_floor_fragments，必需; 瓷砖地面（tile floor）: 1个已声明集合组，必需. 数量和身份保持固定；不创建重复的状态副本。 以下额外对象均不存在：外部来源、额外副本、手、人物、工具、未列出的物体。 所有受全局保护的身份、形状、材质、场景和相机属性保持不变。 声明的来源减少与结果增加保持耦合。 [违规关系] 最终事实 integrity=fractured_clear_glass（破碎透明玻璃）、configuration=scattered_floor_fragments（地面散落碎片） 在最后几帧持续保持。 [且] 同一逻辑槽位的多个副本同时以互斥状态出现。",
P12,/home/liuzhirui/Project/physGen/code/v3/outputs/trace_writer/trace-v3-m3-phase5/P12/i2v/seed_000042/video.mp4,Seeds detach from the full white dandelion at left and drift rightward across the blue-sky background as the head depletes.,种子从左侧饱满的白色蒲公英上脱离，沿蓝天背景向右飘移，同时花头逐渐稀疏。,setup,准备/初始阶段,first white seeds leave the left-side head happens BEFORE white seeds travel right across blue sky.,第一批白色种子离开左侧花头先于白色种子横穿蓝天向右移动发生。,[0] white seeds travel right across blue sky is already present BEFORE first white seeds leave the left-side head.,[0] 在第一批白色种子离开左侧花头发生之前，白色种子横穿蓝天向右移动已经出现。,"[STAGE ENTITY INVENTORY] Present now: dandelion: exactly 1, state fullness=full_round_head, required; seeds: one declared collective group, state attachment=densely_attached, seed_position=on_left_head, required; drift region: one declared collective group, required. Counts and identities stay fixed; no duplicate state copy is created. No additional external source, extra copy, unlisted object exists. All globally protected identity, shape, material, scene, and camera attributes stay unchanged. Declared source loss and result gain remain coupled. [VALID RELATION] first white seeds leave the left-side head happens BEFORE white seeds travel right across blue sky.","[阶段实体清单] 当前存在： 蒲公英（dandelion）: 恰好1个，状态 fullness=full_round_head，必需; 种子（seeds）: 1个已声明集合组，状态 attachment=densely_attached, seed_position=on_left_head，必需; 飘移区域（drift region）: 1个已声明集合组，必需. 数量和身份保持固定；不创建重复的状态副本。 不存在额外的外部来源、额外副本或未列出的物体。 所有受全局保护的身份、形状、材质、场景和相机属性保持不变。 声明的来源减少与结果增加保持耦合。 [有效关系] 第一批白色种子离开左侧花头先于白色种子横穿蓝天向右移动发生。","[0] [STAGE ENTITY INVENTORY] Present now: dandelion: exactly 1, state fullness=full_round_head, required; seeds: one declared collective group, state attachment=densely_attached, seed_position=on_left_head, required; drift region: one declared collective group, required. Counts and identities stay fixed; no duplicate state copy is created. No additional external source, extra copy, unlisted object exists. All globally protected identity, shape, material, scene, and camera attributes stay unchanged. Declared source loss and result gain remain coupled. [VIOLATED RELATION] white seeds travel right across blue sky is already present BEFORE first white seeds leave the left-side head.","[0] [阶段实体清单] 当前存在： 蒲公英（dandelion）: 恰好1个，状态 fullness=full_round_head，必需; 种子（seeds）: 1个已声明集合组，状态 attachment=densely_attached, seed_position=on_left_head，必需; 飘移区域（drift region）: 1个已声明集合组，必需. 数量和身份保持固定；不创建重复的状态副本。 不存在额外的外部来源、额外副本或未列出的物体。 所有受全局保护的身份、形状、材质、场景和相机属性保持不变。 声明的来源减少与结果增加保持耦合。 [违规关系] 在第一批白色种子离开左侧花头发生之前，白色种子横穿蓝天向右移动已经出现。",
P12,/home/liuzhirui/Project/physGen/code/v3/outputs/trace_writer/trace-v3-m3-phase5/P12/i2v/seed_000042/video.mp4,Seeds detach from the full white dandelion at left and drift rightward across the blue-sky background as the head depletes.,种子从左侧饱满的白色蒲公英上脱离，沿蓝天背景向右飘移，同时花头逐渐稀疏。,onset,起始/触发阶段,first white seeds leave the left-side head happens BEFORE white seeds travel right across blue sky.,第一批白色种子离开左侧花头先于白色种子横穿蓝天向右移动发生。,[0] white seeds travel right across blue sky happens BEFORE first white seeds leave the left-side head.,[0] 白色种子横穿蓝天向右移动先于第一批白色种子离开左侧花头发生。,"[STAGE ENTITY INVENTORY] Present now: dandelion: exactly 1, state fullness=full_round_head, transitioning; seeds: one declared collective group, state attachment=densely_attached, seed_position=on_left_head, transitioning; drift region: one declared collective group, transitioning. Counts and identities stay fixed; no duplicate state copy is created. No additional external source, extra copy, unlisted object exists. All globally protected identity, shape, material, scene, and camera attributes stay unchanged. Declared source loss and result gain remain coupled. [VALID RELATION] first white seeds leave the left-side head happens BEFORE white seeds travel right across blue sky.","[阶段实体清单] 当前存在： 蒲公英（dandelion）: 恰好1个，状态 fullness=full_round_head，正在过渡; 种子（seeds）: 1个已声明集合组，状态 attachment=densely_attached, seed_position=on_left_head，正在过渡; 飘移区域（drift region）: 1个已声明集合组，正在过渡. 数量和身份保持固定；不创建重复的状态副本。 不存在额外的外部来源、额外副本或未列出的物体。 所有受全局保护的身份、形状、材质、场景和相机属性保持不变。 声明的来源减少与结果增加保持耦合。 [有效关系] 第一批白色种子离开左侧花头先于白色种子横穿蓝天向右移动发生。","[0] [STAGE ENTITY INVENTORY] Present now: dandelion: exactly 1, state fullness=full_round_head, transitioning; seeds: one declared collective group, state attachment=densely_attached, seed_position=on_left_head, transitioning; drift region: one declared collective group, transitioning. Counts and identities stay fixed; no duplicate state copy is created. No additional external source, extra copy, unlisted object exists. All globally protected identity, shape, material, scene, and camera attributes stay unchanged. Declared source loss and result gain remain coupled. [VIOLATED RELATION] white seeds travel right across blue sky happens BEFORE first white seeds leave the left-side head.","[0] [阶段实体清单] 当前存在： 蒲公英（dandelion）: 恰好1个，状态 fullness=full_round_head，正在过渡; 种子（seeds）: 1个已声明集合组，状态 attachment=densely_attached, seed_position=on_left_head，正在过渡; 飘移区域（drift region）: 1个已声明集合组，正在过渡. 数量和身份保持固定；不创建重复的状态副本。 不存在额外的外部来源、额外副本或未列出的物体。 所有受全局保护的身份、形状、材质、场景和相机属性保持不变。 声明的来源减少与结果增加保持耦合。 [违规关系] 白色种子横穿蓝天向右移动先于第一批白色种子离开左侧花头发生。",
P12,/home/liuzhirui/Project/physGen/code/v3/outputs/trace_writer/trace-v3-m3-phase5/P12/i2v/seed_000042/video.mp4,Seeds detach from the full white dandelion at left and drift rightward across the blue-sky background as the head depletes.,种子从左侧饱满的白色蒲公英上脱离，沿蓝天背景向右飘移，同时花头逐渐稀疏。,evolution,演化阶段,The declared change white seed connections release occurs in its stated direction.,已声明的变化“白色种子的连接解除”按规定方向发生。,[0] Only one coupled change occurs while the other remains unchanged: .,[0] 只有一个耦合变化发生，而另一个保持不变：（源编译文本此处为空）。,"[STAGE ENTITY INVENTORY] Present now: dandelion: exactly 1, state fullness=sparse_depleted_head, required; seeds: one declared collective group, state attachment=detached, seed_position=rightward_airborne, required; drift region: one declared collective group, required. Counts and identities stay fixed; no duplicate state copy is created. No additional external source, extra copy, unlisted object exists. All globally protected identity, shape, material, scene, and camera attributes stay unchanged. Declared source loss and result gain remain coupled. [VALID RELATION] The declared change white seed connections release occurs in its stated direction.","[阶段实体清单] 当前存在： 蒲公英（dandelion）: 恰好1个，状态 fullness=sparse_depleted_head，必需; 种子（seeds）: 1个已声明集合组，状态 attachment=detached, seed_position=rightward_airborne，必需; 飘移区域（drift region）: 1个已声明集合组，必需. 数量和身份保持固定；不创建重复的状态副本。 不存在额外的外部来源、额外副本或未列出的物体。 所有受全局保护的身份、形状、材质、场景和相机属性保持不变。 声明的来源减少与结果增加保持耦合。 [有效关系] 已声明的变化“白色种子的连接解除”按规定方向发生。","[0] [STAGE ENTITY INVENTORY] Present now: dandelion: exactly 1, state fullness=sparse_depleted_head, required; seeds: one declared collective group, state attachment=detached, seed_position=rightward_airborne, required; drift region: one declared collective group, required. Counts and identities stay fixed; no duplicate state copy is created. No additional external source, extra copy, unlisted object exists. All globally protected identity, shape, material, scene, and camera attributes stay unchanged. Declared source loss and result gain remain coupled. [VIOLATED RELATION] Only one coupled change occurs while the other remains unchanged: .","[0] [阶段实体清单] 当前存在： 蒲公英（dandelion）: 恰好1个，状态 fullness=sparse_depleted_head，必需; 种子（seeds）: 1个已声明集合组，状态 attachment=detached, seed_position=rightward_airborne，必需; 飘移区域（drift region）: 1个已声明集合组，必需. 数量和身份保持固定；不创建重复的状态副本。 不存在额外的外部来源、额外副本或未列出的物体。 所有受全局保护的身份、形状、材质、场景和相机属性保持不变。 声明的来源减少与结果增加保持耦合。 [违规关系] 只有一个耦合变化发生，而另一个保持不变：（源编译文本此处为空）。",源编译负向关系末尾为空（原文为 ': .'），已原样保留英文并在中文中注明。
P12,/home/liuzhirui/Project/physGen/code/v3/outputs/trace_writer/trace-v3-m3-phase5/P12/i2v/seed_000042/video.mp4,Seeds detach from the full white dandelion at left and drift rightward across the blue-sky background as the head depletes.,种子从左侧饱满的白色蒲公英上脱离，沿蓝天背景向右飘移，同时花头逐渐稀疏。,completion,完成阶段,The declared change white seed connections release occurs in its stated direction.,已声明的变化“白色种子的连接解除”按规定方向发生。,[0] The declared cause occurs BUT the required target change does not become visible.,[0] 声明的原因已经发生，但所要求的目标变化没有变得可见。,"[STAGE ENTITY INVENTORY] Present now: dandelion: exactly 1, state fullness=sparse_depleted_head, transitioning; seeds: one declared collective group, state attachment=detached, seed_position=rightward_airborne, transitioning; drift region: one declared collective group, transitioning. Counts and identities stay fixed; no duplicate state copy is created. No additional external source, extra copy, unlisted object exists. All globally protected identity, shape, material, scene, and camera attributes stay unchanged. Declared source loss and result gain remain coupled. [VALID RELATION] The declared change white seed connections release occurs in its stated direction.","[阶段实体清单] 当前存在： 蒲公英（dandelion）: 恰好1个，状态 fullness=sparse_depleted_head，正在过渡; 种子（seeds）: 1个已声明集合组，状态 attachment=detached, seed_position=rightward_airborne，正在过渡; 飘移区域（drift region）: 1个已声明集合组，正在过渡. 数量和身份保持固定；不创建重复的状态副本。 不存在额外的外部来源、额外副本或未列出的物体。 所有受全局保护的身份、形状、材质、场景和相机属性保持不变。 声明的来源减少与结果增加保持耦合。 [有效关系] 已声明的变化“白色种子的连接解除”按规定方向发生。","[0] [STAGE ENTITY INVENTORY] Present now: dandelion: exactly 1, state fullness=sparse_depleted_head, transitioning; seeds: one declared collective group, state attachment=detached, seed_position=rightward_airborne, transitioning; drift region: one declared collective group, transitioning. Counts and identities stay fixed; no duplicate state copy is created. No additional external source, extra copy, unlisted object exists. All globally protected identity, shape, material, scene, and camera attributes stay unchanged. Declared source loss and result gain remain coupled. [VIOLATED RELATION] The declared cause occurs BUT the required target change does not become visible.","[0] [阶段实体清单] 当前存在： 蒲公英（dandelion）: 恰好1个，状态 fullness=sparse_depleted_head，正在过渡; 种子（seeds）: 1个已声明集合组，状态 attachment=detached, seed_position=rightward_airborne，正在过渡; 飘移区域（drift region）: 1个已声明集合组，正在过渡. 数量和身份保持固定；不创建重复的状态副本。 不存在额外的外部来源、额外副本或未列出的物体。 所有受全局保护的身份、形状、材质、场景和相机属性保持不变。 声明的来源减少与结果增加保持耦合。 [违规关系] 声明的原因已经发生，但所要求的目标变化没有变得可见。",
P12,/home/liuzhirui/Project/physGen/code/v3/outputs/trace_writer/trace-v3-m3-phase5/P12/i2v/seed_000042/video.mp4,Seeds detach from the full white dandelion at left and drift rightward across the blue-sky background as the head depletes.,种子从左侧饱满的白色蒲公英上脱离，沿蓝天背景向右飘移，同时花头逐渐稀疏。,terminal,终止/保持阶段,"The terminal facts attachment=detached, fullness=sparse_depleted_head REMAIN through the final frames. [AND] The same logical slot has only its valid state; mutually exclusive facts attachment=densely_attached, attachment=detached do not coexist.",最终事实 attachment=detached（已脱离）、fullness=sparse_depleted_head（稀疏耗尽的花头） 在最后几帧持续保持。 [且] 同一逻辑槽位只具有其有效状态；互斥事实 attachment=densely_attached（密集附着）与 attachment=detached（已脱离） 不会共存。,"[0] The valid terminal state returns to its mutually exclusive earlier state. [AND] The same logical slot has only its valid state; mutually exclusive facts attachment=densely_attached, attachment=detached do not coexist.
[1] The terminal facts attachment=detached, fullness=sparse_depleted_head REMAIN through the final frames. [AND] Copies of the same logical slot appear in mutually exclusive states at the same time.","[0] 有效的终止状态恢复成与其互斥的较早状态。 [且] 同一逻辑槽位只具有其有效状态；互斥事实 attachment=densely_attached（密集附着）与 attachment=detached（已脱离） 不会共存。
[1] 最终事实 attachment=detached（已脱离）、fullness=sparse_depleted_head（稀疏耗尽的花头） 在最后几帧持续保持。 [且] 同一逻辑槽位的多个副本同时以互斥状态出现。","[STAGE ENTITY INVENTORY] Present now: dandelion: exactly 1, state fullness=sparse_depleted_head, required; seeds: one declared collective group, state attachment=detached, seed_position=rightward_airborne, required; drift region: one declared collective group, required. Counts and identities stay fixed; no duplicate state copy is created. No additional external source, extra copy, unlisted object exists. All globally protected identity, shape, material, scene, and camera attributes stay unchanged. Declared source loss and result gain remain coupled. [VALID RELATION] The terminal facts attachment=detached, fullness=sparse_depleted_head REMAIN through the final frames. [AND] The same logical slot has only its valid state; mutually exclusive facts attachment=densely_attached, attachment=detached do not coexist.","[阶段实体清单] 当前存在： 蒲公英（dandelion）: 恰好1个，状态 fullness=sparse_depleted_head，必需; 种子（seeds）: 1个已声明集合组，状态 attachment=detached, seed_position=rightward_airborne，必需; 飘移区域（drift region）: 1个已声明集合组，必需. 数量和身份保持固定；不创建重复的状态副本。 不存在额外的外部来源、额外副本或未列出的物体。 所有受全局保护的身份、形状、材质、场景和相机属性保持不变。 声明的来源减少与结果增加保持耦合。 [有效关系] 最终事实 attachment=detached（已脱离）、fullness=sparse_depleted_head（稀疏耗尽的花头） 在最后几帧持续保持。 [且] 同一逻辑槽位只具有其有效状态；互斥事实 attachment=densely_attached（密集附着）与 attachment=detached（已脱离） 不会共存。","[0] [STAGE ENTITY INVENTORY] Present now: dandelion: exactly 1, state fullness=sparse_depleted_head, required; seeds: one declared collective group, state attachment=detached, seed_position=rightward_airborne, required; drift region: one declared collective group, required. Counts and identities stay fixed; no duplicate state copy is created. No additional external source, extra copy, unlisted object exists. All globally protected identity, shape, material, scene, and camera attributes stay unchanged. Declared source loss and result gain remain coupled. [VIOLATED RELATION] The valid terminal state returns to its mutually exclusive earlier state. [AND] The same logical slot has only its valid state; mutually exclusive facts attachment=densely_attached, attachment=detached do not coexist.
[1] [STAGE ENTITY INVENTORY] Present now: dandelion: exactly 1, state fullness=sparse_depleted_head, required; seeds: one declared collective group, state attachment=detached, seed_position=rightward_airborne, required; drift region: one declared collective group, required. Counts and identities stay fixed; no duplicate state copy is created. No additional external source, extra copy, unlisted object exists. All globally protected identity, shape, material, scene, and camera attributes stay unchanged. Declared source loss and result gain remain coupled. [VIOLATED RELATION] The terminal facts attachment=detached, fullness=sparse_depleted_head REMAIN through the final frames. [AND] Copies of the same logical slot appear in mutually exclusive states at the same time.","[0] [阶段实体清单] 当前存在： 蒲公英（dandelion）: 恰好1个，状态 fullness=sparse_depleted_head，必需; 种子（seeds）: 1个已声明集合组，状态 attachment=detached, seed_position=rightward_airborne，必需; 飘移区域（drift region）: 1个已声明集合组，必需. 数量和身份保持固定；不创建重复的状态副本。 不存在额外的外部来源、额外副本或未列出的物体。 所有受全局保护的身份、形状、材质、场景和相机属性保持不变。 声明的来源减少与结果增加保持耦合。 [违规关系] 有效的终止状态恢复成与其互斥的较早状态。 [且] 同一逻辑槽位只具有其有效状态；互斥事实 attachment=densely_attached（密集附着）与 attachment=detached（已脱离） 不会共存。
[1] [阶段实体清单] 当前存在： 蒲公英（dandelion）: 恰好1个，状态 fullness=sparse_depleted_head，必需; 种子（seeds）: 1个已声明集合组，状态 attachment=detached, seed_position=rightward_airborne，必需; 飘移区域（drift region）: 1个已声明集合组，必需. 数量和身份保持固定；不创建重复的状态副本。 不存在额外的外部来源、额外副本或未列出的物体。 所有受全局保护的身份、形状、材质、场景和相机属性保持不变。 声明的来源减少与结果增加保持耦合。 [违规关系] 最终事实 attachment=detached（已脱离）、fullness=sparse_depleted_head（稀疏耗尽的花头） 在最后几帧持续保持。 [且] 同一逻辑槽位的多个副本同时以互斥状态出现。",
P13,/home/liuzhirui/Project/physGen/code/v3/outputs/trace_writer/trace-v3-m3-phase5/P13/i2v/seed_000042/video.mp4,The large clear half-filled pitcher at left pours water into the empty clear tumbler at right.,左侧大型透明半满水壶向右侧空透明玻璃杯中倒水。,setup,准备/初始阶段,clear water first connects the pitcher spout to the tumbler opening happens BEFORE right tumbler waterline rises.,清水首次从壶嘴连续连接至玻璃杯开口先于右侧玻璃杯的水位上升发生。,[0] right tumbler waterline rises is already present BEFORE clear water first connects the pitcher spout to the tumbler opening.,[0] 在清水首次从壶嘴连续连接至玻璃杯开口发生之前，右侧玻璃杯的水位上升已经出现。,"[STAGE ENTITY INVENTORY] Present now: pitcher: exactly 1, state source_level=about_half_full, required; stream: exactly 0, state stream_state=absent, forbidden; glass: exactly 1, state sink_level=empty, required. Counts and identities stay fixed; no duplicate state copy is created. No additional external source, extra copy, unlisted object exists. All globally protected identity, shape, material, scene, and camera attributes stay unchanged. Declared source loss and result gain remain coupled. [VALID RELATION] clear water first connects the pitcher spout to the tumbler opening happens BEFORE right tumbler waterline rises.",[阶段实体清单] 当前存在： 水壶（pitcher）: 恰好1个，状态 source_level=about_half_full，必需; 水流（stream）: 恰好0个，状态 stream_state=absent，禁止出现; 玻璃杯（glass）: 恰好1个，状态 sink_level=empty，必需. 数量和身份保持固定；不创建重复的状态副本。 不存在额外的外部来源、额外副本或未列出的物体。 所有受全局保护的身份、形状、材质、场景和相机属性保持不变。 声明的来源减少与结果增加保持耦合。 [有效关系] 清水首次从壶嘴连续连接至玻璃杯开口先于右侧玻璃杯的水位上升发生。,"[0] [STAGE ENTITY INVENTORY] Present now: pitcher: exactly 1, state source_level=about_half_full, required; stream: exactly 0, state stream_state=absent, forbidden; glass: exactly 1, state sink_level=empty, required. Counts and identities stay fixed; no duplicate state copy is created. No additional external source, extra copy, unlisted object exists. All globally protected identity, shape, material, scene, and camera attributes stay unchanged. Declared source loss and result gain remain coupled. [VIOLATED RELATION] right tumbler waterline rises is already present BEFORE clear water first connects the pitcher spout to the tumbler opening.",[0] [阶段实体清单] 当前存在： 水壶（pitcher）: 恰好1个，状态 source_level=about_half_full，必需; 水流（stream）: 恰好0个，状态 stream_state=absent，禁止出现; 玻璃杯（glass）: 恰好1个，状态 sink_level=empty，必需. 数量和身份保持固定；不创建重复的状态副本。 不存在额外的外部来源、额外副本或未列出的物体。 所有受全局保护的身份、形状、材质、场景和相机属性保持不变。 声明的来源减少与结果增加保持耦合。 [违规关系] 在清水首次从壶嘴连续连接至玻璃杯开口发生之前，右侧玻璃杯的水位上升已经出现。,
P13,/home/liuzhirui/Project/physGen/code/v3/outputs/trace_writer/trace-v3-m3-phase5/P13/i2v/seed_000042/video.mp4,The large clear half-filled pitcher at left pours water into the empty clear tumbler at right.,左侧大型透明半满水壶向右侧空透明玻璃杯中倒水。,onset,起始/触发阶段,clear water first connects the pitcher spout to the tumbler opening happens BEFORE right tumbler waterline rises.,清水首次从壶嘴连续连接至玻璃杯开口先于右侧玻璃杯的水位上升发生。,[0] right tumbler waterline rises happens BEFORE clear water first connects the pitcher spout to the tumbler opening.,[0] 右侧玻璃杯的水位上升先于清水首次从壶嘴连续连接至玻璃杯开口发生。,"[STAGE ENTITY INVENTORY] Present now: pitcher: exactly 1, state source_level=about_half_full, transitioning; stream: one declared collective group, state stream_state=absent, transitioning; glass: exactly 1, state sink_level=empty, transitioning. Counts and identities stay fixed; no duplicate state copy is created. No additional external source, extra copy, unlisted object exists. All globally protected identity, shape, material, scene, and camera attributes stay unchanged. Declared source loss and result gain remain coupled. [VALID RELATION] clear water first connects the pitcher spout to the tumbler opening happens BEFORE right tumbler waterline rises.",[阶段实体清单] 当前存在： 水壶（pitcher）: 恰好1个，状态 source_level=about_half_full，正在过渡; 水流（stream）: 1个已声明集合组，状态 stream_state=absent，正在过渡; 玻璃杯（glass）: 恰好1个，状态 sink_level=empty，正在过渡. 数量和身份保持固定；不创建重复的状态副本。 不存在额外的外部来源、额外副本或未列出的物体。 所有受全局保护的身份、形状、材质、场景和相机属性保持不变。 声明的来源减少与结果增加保持耦合。 [有效关系] 清水首次从壶嘴连续连接至玻璃杯开口先于右侧玻璃杯的水位上升发生。,"[0] [STAGE ENTITY INVENTORY] Present now: pitcher: exactly 1, state source_level=about_half_full, transitioning; stream: one declared collective group, state stream_state=absent, transitioning; glass: exactly 1, state sink_level=empty, transitioning. Counts and identities stay fixed; no duplicate state copy is created. No additional external source, extra copy, unlisted object exists. All globally protected identity, shape, material, scene, and camera attributes stay unchanged. Declared source loss and result gain remain coupled. [VIOLATED RELATION] right tumbler waterline rises happens BEFORE clear water first connects the pitcher spout to the tumbler opening.",[0] [阶段实体清单] 当前存在： 水壶（pitcher）: 恰好1个，状态 source_level=about_half_full，正在过渡; 水流（stream）: 1个已声明集合组，状态 stream_state=absent，正在过渡; 玻璃杯（glass）: 恰好1个，状态 sink_level=empty，正在过渡. 数量和身份保持固定；不创建重复的状态副本。 不存在额外的外部来源、额外副本或未列出的物体。 所有受全局保护的身份、形状、材质、场景和相机属性保持不变。 声明的来源减少与结果增加保持耦合。 [违规关系] 右侧玻璃杯的水位上升先于清水首次从壶嘴连续连接至玻璃杯开口发生。,
P13,/home/liuzhirui/Project/physGen/code/v3/outputs/trace_writer/trace-v3-m3-phase5/P13/i2v/seed_000042/video.mp4,The large clear half-filled pitcher at left pours water into the empty clear tumbler at right.,左侧大型透明半满水壶向右侧空透明玻璃杯中倒水。,evolution,演化阶段,The declared change left pitcher waterline descends occurs in its stated direction.,已声明的变化“左侧水壶的水位下降”按规定方向发生。,[0] Only one coupled change occurs while the other remains unchanged: .,[0] 只有一个耦合变化发生，而另一个保持不变：（源编译文本此处为空）。,"[STAGE ENTITY INVENTORY] Present now: pitcher: exactly 1, state source_level=visibly_lower, required; stream: one declared collective group, state stream_state=continuous_clear_stream, required; glass: exactly 1, state sink_level=visibly_higher, required. Counts and identities stay fixed; no duplicate state copy is created. No additional external source, extra copy, unlisted object exists. All globally protected identity, shape, material, scene, and camera attributes stay unchanged. Declared source loss and result gain remain coupled. [VALID RELATION] The declared change left pitcher waterline descends occurs in its stated direction.",[阶段实体清单] 当前存在： 水壶（pitcher）: 恰好1个，状态 source_level=visibly_lower，必需; 水流（stream）: 1个已声明集合组，状态 stream_state=continuous_clear_stream，必需; 玻璃杯（glass）: 恰好1个，状态 sink_level=visibly_higher，必需. 数量和身份保持固定；不创建重复的状态副本。 不存在额外的外部来源、额外副本或未列出的物体。 所有受全局保护的身份、形状、材质、场景和相机属性保持不变。 声明的来源减少与结果增加保持耦合。 [有效关系] 已声明的变化“左侧水壶的水位下降”按规定方向发生。,"[0] [STAGE ENTITY INVENTORY] Present now: pitcher: exactly 1, state source_level=visibly_lower, required; stream: one declared collective group, state stream_state=continuous_clear_stream, required; glass: exactly 1, state sink_level=visibly_higher, required. Counts and identities stay fixed; no duplicate state copy is created. No additional external source, extra copy, unlisted object exists. All globally protected identity, shape, material, scene, and camera attributes stay unchanged. Declared source loss and result gain remain coupled. [VIOLATED RELATION] Only one coupled change occurs while the other remains unchanged: .",[0] [阶段实体清单] 当前存在： 水壶（pitcher）: 恰好1个，状态 source_level=visibly_lower，必需; 水流（stream）: 1个已声明集合组，状态 stream_state=continuous_clear_stream，必需; 玻璃杯（glass）: 恰好1个，状态 sink_level=visibly_higher，必需. 数量和身份保持固定；不创建重复的状态副本。 不存在额外的外部来源、额外副本或未列出的物体。 所有受全局保护的身份、形状、材质、场景和相机属性保持不变。 声明的来源减少与结果增加保持耦合。 [违规关系] 只有一个耦合变化发生，而另一个保持不变：（源编译文本此处为空）。,源编译负向关系末尾为空（原文为 ': .'），已原样保留英文并在中文中注明。
P13,/home/liuzhirui/Project/physGen/code/v3/outputs/trace_writer/trace-v3-m3-phase5/P13/i2v/seed_000042/video.mp4,The large clear half-filled pitcher at left pours water into the empty clear tumbler at right.,左侧大型透明半满水壶向右侧空透明玻璃杯中倒水。,completion,完成阶段,The declared change left pitcher waterline descends occurs in its stated direction.,已声明的变化“左侧水壶的水位下降”按规定方向发生。,[0] The declared cause occurs BUT the required target change does not become visible.,[0] 声明的原因已经发生，但所要求的目标变化没有变得可见。,"[STAGE ENTITY INVENTORY] Present now: pitcher: exactly 1, state source_level=visibly_lower, transitioning; stream: one declared collective group, state stream_state=continuous_clear_stream, transitioning; glass: exactly 1, state sink_level=visibly_higher, transitioning. Counts and identities stay fixed; no duplicate state copy is created. No additional external source, extra copy, unlisted object exists. All globally protected identity, shape, material, scene, and camera attributes stay unchanged. Declared source loss and result gain remain coupled. [VALID RELATION] The declared change left pitcher waterline descends occurs in its stated direction.",[阶段实体清单] 当前存在： 水壶（pitcher）: 恰好1个，状态 source_level=visibly_lower，正在过渡; 水流（stream）: 1个已声明集合组，状态 stream_state=continuous_clear_stream，正在过渡; 玻璃杯（glass）: 恰好1个，状态 sink_level=visibly_higher，正在过渡. 数量和身份保持固定；不创建重复的状态副本。 不存在额外的外部来源、额外副本或未列出的物体。 所有受全局保护的身份、形状、材质、场景和相机属性保持不变。 声明的来源减少与结果增加保持耦合。 [有效关系] 已声明的变化“左侧水壶的水位下降”按规定方向发生。,"[0] [STAGE ENTITY INVENTORY] Present now: pitcher: exactly 1, state source_level=visibly_lower, transitioning; stream: one declared collective group, state stream_state=continuous_clear_stream, transitioning; glass: exactly 1, state sink_level=visibly_higher, transitioning. Counts and identities stay fixed; no duplicate state copy is created. No additional external source, extra copy, unlisted object exists. All globally protected identity, shape, material, scene, and camera attributes stay unchanged. Declared source loss and result gain remain coupled. [VIOLATED RELATION] The declared cause occurs BUT the required target change does not become visible.",[0] [阶段实体清单] 当前存在： 水壶（pitcher）: 恰好1个，状态 source_level=visibly_lower，正在过渡; 水流（stream）: 1个已声明集合组，状态 stream_state=continuous_clear_stream，正在过渡; 玻璃杯（glass）: 恰好1个，状态 sink_level=visibly_higher，正在过渡. 数量和身份保持固定；不创建重复的状态副本。 不存在额外的外部来源、额外副本或未列出的物体。 所有受全局保护的身份、形状、材质、场景和相机属性保持不变。 声明的来源减少与结果增加保持耦合。 [违规关系] 声明的原因已经发生，但所要求的目标变化没有变得可见。,
P13,/home/liuzhirui/Project/physGen/code/v3/outputs/trace_writer/trace-v3-m3-phase5/P13/i2v/seed_000042/video.mp4,The large clear half-filled pitcher at left pours water into the empty clear tumbler at right.,左侧大型透明半满水壶向右侧空透明玻璃杯中倒水。,terminal,终止/保持阶段,"The terminal facts source_level=visibly_lower, sink_level=visibly_higher REMAIN through the final frames. [AND] The same logical slot has only its valid state; mutually exclusive facts sink_level=empty, sink_level=visibly_higher do not coexist.",最终事实 source_level=visibly_lower（源水位明显降低）、sink_level=visibly_higher（目标水位明显升高） 在最后几帧持续保持。 [且] 同一逻辑槽位只具有其有效状态；互斥事实 sink_level=empty（空）与 sink_level=visibly_higher（明显升高） 不会共存。,"[0] The valid terminal state returns to its mutually exclusive earlier state. [AND] The same logical slot has only its valid state; mutually exclusive facts sink_level=empty, sink_level=visibly_higher do not coexist.
[1] The terminal facts source_level=visibly_lower, sink_level=visibly_higher REMAIN through the final frames. [AND] Copies of the same logical slot appear in mutually exclusive states at the same time.","[0] 有效的终止状态恢复成与其互斥的较早状态。 [且] 同一逻辑槽位只具有其有效状态；互斥事实 sink_level=empty（空）与 sink_level=visibly_higher（明显升高） 不会共存。
[1] 最终事实 source_level=visibly_lower（源水位明显降低）、sink_level=visibly_higher（目标水位明显升高） 在最后几帧持续保持。 [且] 同一逻辑槽位的多个副本同时以互斥状态出现。","[STAGE ENTITY INVENTORY] Present now: pitcher: exactly 1, state source_level=visibly_lower, required; stream: exactly 0, state stream_state=continuous_clear_stream, forbidden; glass: exactly 1, state sink_level=visibly_higher, required. Counts and identities stay fixed; no duplicate state copy is created. No additional external source, extra copy, unlisted object exists. All globally protected identity, shape, material, scene, and camera attributes stay unchanged. Declared source loss and result gain remain coupled. [VALID RELATION] The terminal facts source_level=visibly_lower, sink_level=visibly_higher REMAIN through the final frames. [AND] The same logical slot has only its valid state; mutually exclusive facts sink_level=empty, sink_level=visibly_higher do not coexist.",[阶段实体清单] 当前存在： 水壶（pitcher）: 恰好1个，状态 source_level=visibly_lower，必需; 水流（stream）: 恰好0个，状态 stream_state=continuous_clear_stream，禁止出现; 玻璃杯（glass）: 恰好1个，状态 sink_level=visibly_higher，必需. 数量和身份保持固定；不创建重复的状态副本。 不存在额外的外部来源、额外副本或未列出的物体。 所有受全局保护的身份、形状、材质、场景和相机属性保持不变。 声明的来源减少与结果增加保持耦合。 [有效关系] 最终事实 source_level=visibly_lower（源水位明显降低）、sink_level=visibly_higher（目标水位明显升高） 在最后几帧持续保持。 [且] 同一逻辑槽位只具有其有效状态；互斥事实 sink_level=empty（空）与 sink_level=visibly_higher（明显升高） 不会共存。,"[0] [STAGE ENTITY INVENTORY] Present now: pitcher: exactly 1, state source_level=visibly_lower, required; stream: exactly 0, state stream_state=continuous_clear_stream, forbidden; glass: exactly 1, state sink_level=visibly_higher, required. Counts and identities stay fixed; no duplicate state copy is created. No additional external source, extra copy, unlisted object exists. All globally protected identity, shape, material, scene, and camera attributes stay unchanged. Declared source loss and result gain remain coupled. [VIOLATED RELATION] The valid terminal state returns to its mutually exclusive earlier state. [AND] The same logical slot has only its valid state; mutually exclusive facts sink_level=empty, sink_level=visibly_higher do not coexist.
[1] [STAGE ENTITY INVENTORY] Present now: pitcher: exactly 1, state source_level=visibly_lower, required; stream: exactly 0, state stream_state=continuous_clear_stream, forbidden; glass: exactly 1, state sink_level=visibly_higher, required. Counts and identities stay fixed; no duplicate state copy is created. No additional external source, extra copy, unlisted object exists. All globally protected identity, shape, material, scene, and camera attributes stay unchanged. Declared source loss and result gain remain coupled. [VIOLATED RELATION] The terminal facts source_level=visibly_lower, sink_level=visibly_higher REMAIN through the final frames. [AND] Copies of the same logical slot appear in mutually exclusive states at the same time.","[0] [阶段实体清单] 当前存在： 水壶（pitcher）: 恰好1个，状态 source_level=visibly_lower，必需; 水流（stream）: 恰好0个，状态 stream_state=continuous_clear_stream，禁止出现; 玻璃杯（glass）: 恰好1个，状态 sink_level=visibly_higher，必需. 数量和身份保持固定；不创建重复的状态副本。 不存在额外的外部来源、额外副本或未列出的物体。 所有受全局保护的身份、形状、材质、场景和相机属性保持不变。 声明的来源减少与结果增加保持耦合。 [违规关系] 有效的终止状态恢复成与其互斥的较早状态。 [且] 同一逻辑槽位只具有其有效状态；互斥事实 sink_level=empty（空）与 sink_level=visibly_higher（明显升高） 不会共存。
[1] [阶段实体清单] 当前存在： 水壶（pitcher）: 恰好1个，状态 source_level=visibly_lower，必需; 水流（stream）: 恰好0个，状态 stream_state=continuous_clear_stream，禁止出现; 玻璃杯（glass）: 恰好1个，状态 sink_level=visibly_higher，必需. 数量和身份保持固定；不创建重复的状态副本。 不存在额外的外部来源、额外副本或未列出的物体。 所有受全局保护的身份、形状、材质、场景和相机属性保持不变。 声明的来源减少与结果增加保持耦合。 [违规关系] 最终事实 source_level=visibly_lower（源水位明显降低）、sink_level=visibly_higher（目标水位明显升高） 在最后几帧持续保持。 [且] 同一逻辑槽位的多个副本同时以互斥状态出现。",
P14,/home/liuzhirui/Project/physGen/code/v3/outputs/trace_writer/trace-v3-m3-phase5/P14/i2v/seed_000042/video.mp4,The tall clear bottle of bright orange juice at left pours into the empty clear tumbler at right.,左侧装有亮橙色果汁的高透明瓶向右侧空透明玻璃杯中倾倒果汁。,setup,准备/初始阶段,orange juice first connects the bottle mouth to the glass rim happens BEFORE orange line rises in tumbler.,橙汁首次从瓶口连续连接至玻璃杯杯沿先于玻璃杯中的橙色液面上升发生。,[0] orange line rises in tumbler is already present BEFORE orange juice first connects the bottle mouth to the glass rim.,[0] 在橙汁首次从瓶口连续连接至玻璃杯杯沿发生之前，玻璃杯中的橙色液面上升已经出现。,"[STAGE ENTITY INVENTORY] Present now: bottle: one declared collective group, state source_level=high, required; stream: exactly 0, state stream_state=absent, forbidden; glass: exactly 1, state sink_level=empty, required. Counts and identities stay fixed; no duplicate state copy is created. No additional dropper, external liquid stream, external source, extra copy, hand, person, pipette, tool, unlisted object exists. All globally protected identity, shape, material, scene, and camera attributes stay unchanged. Declared source loss and result gain remain coupled. [VALID RELATION] orange juice first connects the bottle mouth to the glass rim happens BEFORE orange line rises in tumbler.",[阶段实体清单] 当前存在： 瓶子（bottle）: 1个已声明集合组，状态 source_level=high，必需; 液流（stream）: 恰好0个，状态 stream_state=absent，禁止出现; 玻璃杯（glass）: 恰好1个，状态 sink_level=empty，必需. 数量和身份保持固定；不创建重复的状态副本。 以下额外对象均不存在：滴管、外部液流、外部来源、额外副本、手、人物、移液管、工具、未列出的物体。 所有受全局保护的身份、形状、材质、场景和相机属性保持不变。 声明的来源减少与结果增加保持耦合。 [有效关系] 橙汁首次从瓶口连续连接至玻璃杯杯沿先于玻璃杯中的橙色液面上升发生。,"[0] [STAGE ENTITY INVENTORY] Present now: bottle: one declared collective group, state source_level=high, required; stream: exactly 0, state stream_state=absent, forbidden; glass: exactly 1, state sink_level=empty, required. Counts and identities stay fixed; no duplicate state copy is created. No additional dropper, external liquid stream, external source, extra copy, hand, person, pipette, tool, unlisted object exists. All globally protected identity, shape, material, scene, and camera attributes stay unchanged. Declared source loss and result gain remain coupled. [VIOLATED RELATION] orange line rises in tumbler is already present BEFORE orange juice first connects the bottle mouth to the glass rim.",[0] [阶段实体清单] 当前存在： 瓶子（bottle）: 1个已声明集合组，状态 source_level=high，必需; 液流（stream）: 恰好0个，状态 stream_state=absent，禁止出现; 玻璃杯（glass）: 恰好1个，状态 sink_level=empty，必需. 数量和身份保持固定；不创建重复的状态副本。 以下额外对象均不存在：滴管、外部液流、外部来源、额外副本、手、人物、移液管、工具、未列出的物体。 所有受全局保护的身份、形状、材质、场景和相机属性保持不变。 声明的来源减少与结果增加保持耦合。 [违规关系] 在橙汁首次从瓶口连续连接至玻璃杯杯沿发生之前，玻璃杯中的橙色液面上升已经出现。,
P14,/home/liuzhirui/Project/physGen/code/v3/outputs/trace_writer/trace-v3-m3-phase5/P14/i2v/seed_000042/video.mp4,The tall clear bottle of bright orange juice at left pours into the empty clear tumbler at right.,左侧装有亮橙色果汁的高透明瓶向右侧空透明玻璃杯中倾倒果汁。,onset,起始/触发阶段,orange juice first connects the bottle mouth to the glass rim happens BEFORE orange line rises in tumbler.,橙汁首次从瓶口连续连接至玻璃杯杯沿先于玻璃杯中的橙色液面上升发生。,[0] orange line rises in tumbler happens BEFORE orange juice first connects the bottle mouth to the glass rim.,[0] 玻璃杯中的橙色液面上升先于橙汁首次从瓶口连续连接至玻璃杯杯沿发生。,"[STAGE ENTITY INVENTORY] Present now: bottle: one declared collective group, state source_level=high, transitioning; stream: one declared collective group, state stream_state=absent, transitioning; glass: exactly 1, state sink_level=empty, transitioning. Counts and identities stay fixed; no duplicate state copy is created. No additional dropper, external liquid stream, external source, extra copy, hand, person, pipette, tool, unlisted object exists. All globally protected identity, shape, material, scene, and camera attributes stay unchanged. Declared source loss and result gain remain coupled. [VALID RELATION] orange juice first connects the bottle mouth to the glass rim happens BEFORE orange line rises in tumbler.",[阶段实体清单] 当前存在： 瓶子（bottle）: 1个已声明集合组，状态 source_level=high，正在过渡; 液流（stream）: 1个已声明集合组，状态 stream_state=absent，正在过渡; 玻璃杯（glass）: 恰好1个，状态 sink_level=empty，正在过渡. 数量和身份保持固定；不创建重复的状态副本。 以下额外对象均不存在：滴管、外部液流、外部来源、额外副本、手、人物、移液管、工具、未列出的物体。 所有受全局保护的身份、形状、材质、场景和相机属性保持不变。 声明的来源减少与结果增加保持耦合。 [有效关系] 橙汁首次从瓶口连续连接至玻璃杯杯沿先于玻璃杯中的橙色液面上升发生。,"[0] [STAGE ENTITY INVENTORY] Present now: bottle: one declared collective group, state source_level=high, transitioning; stream: one declared collective group, state stream_state=absent, transitioning; glass: exactly 1, state sink_level=empty, transitioning. Counts and identities stay fixed; no duplicate state copy is created. No additional dropper, external liquid stream, external source, extra copy, hand, person, pipette, tool, unlisted object exists. All globally protected identity, shape, material, scene, and camera attributes stay unchanged. Declared source loss and result gain remain coupled. [VIOLATED RELATION] orange line rises in tumbler happens BEFORE orange juice first connects the bottle mouth to the glass rim.",[0] [阶段实体清单] 当前存在： 瓶子（bottle）: 1个已声明集合组，状态 source_level=high，正在过渡; 液流（stream）: 1个已声明集合组，状态 stream_state=absent，正在过渡; 玻璃杯（glass）: 恰好1个，状态 sink_level=empty，正在过渡. 数量和身份保持固定；不创建重复的状态副本。 以下额外对象均不存在：滴管、外部液流、外部来源、额外副本、手、人物、移液管、工具、未列出的物体。 所有受全局保护的身份、形状、材质、场景和相机属性保持不变。 声明的来源减少与结果增加保持耦合。 [违规关系] 玻璃杯中的橙色液面上升先于橙汁首次从瓶口连续连接至玻璃杯杯沿发生。,
P14,/home/liuzhirui/Project/physGen/code/v3/outputs/trace_writer/trace-v3-m3-phase5/P14/i2v/seed_000042/video.mp4,The tall clear bottle of bright orange juice at left pours into the empty clear tumbler at right.,左侧装有亮橙色果汁的高透明瓶向右侧空透明玻璃杯中倾倒果汁。,evolution,演化阶段,The declared change bright orange line descends in bottle occurs in its stated direction.,已声明的变化“瓶内亮橙色液面下降”按规定方向发生。,[0] Only one coupled change occurs while the other remains unchanged: .,[0] 只有一个耦合变化发生，而另一个保持不变：（源编译文本此处为空）。,"[STAGE ENTITY INVENTORY] Present now: bottle: one declared collective group, state source_level=visibly_lower, required; stream: one declared collective group, state stream_state=continuous_orange, required; glass: exactly 1, state sink_level=visibly_higher, required. Counts and identities stay fixed; no duplicate state copy is created. No additional dropper, external liquid stream, external source, extra copy, hand, person, pipette, tool, unlisted object exists. All globally protected identity, shape, material, scene, and camera attributes stay unchanged. Declared source loss and result gain remain coupled. [VALID RELATION] The declared change bright orange line descends in bottle occurs in its stated direction.",[阶段实体清单] 当前存在： 瓶子（bottle）: 1个已声明集合组，状态 source_level=visibly_lower，必需; 液流（stream）: 1个已声明集合组，状态 stream_state=continuous_orange，必需; 玻璃杯（glass）: 恰好1个，状态 sink_level=visibly_higher，必需. 数量和身份保持固定；不创建重复的状态副本。 以下额外对象均不存在：滴管、外部液流、外部来源、额外副本、手、人物、移液管、工具、未列出的物体。 所有受全局保护的身份、形状、材质、场景和相机属性保持不变。 声明的来源减少与结果增加保持耦合。 [有效关系] 已声明的变化“瓶内亮橙色液面下降”按规定方向发生。,"[0] [STAGE ENTITY INVENTORY] Present now: bottle: one declared collective group, state source_level=visibly_lower, required; stream: one declared collective group, state stream_state=continuous_orange, required; glass: exactly 1, state sink_level=visibly_higher, required. Counts and identities stay fixed; no duplicate state copy is created. No additional dropper, external liquid stream, external source, extra copy, hand, person, pipette, tool, unlisted object exists. All globally protected identity, shape, material, scene, and camera attributes stay unchanged. Declared source loss and result gain remain coupled. [VIOLATED RELATION] Only one coupled change occurs while the other remains unchanged: .",[0] [阶段实体清单] 当前存在： 瓶子（bottle）: 1个已声明集合组，状态 source_level=visibly_lower，必需; 液流（stream）: 1个已声明集合组，状态 stream_state=continuous_orange，必需; 玻璃杯（glass）: 恰好1个，状态 sink_level=visibly_higher，必需. 数量和身份保持固定；不创建重复的状态副本。 以下额外对象均不存在：滴管、外部液流、外部来源、额外副本、手、人物、移液管、工具、未列出的物体。 所有受全局保护的身份、形状、材质、场景和相机属性保持不变。 声明的来源减少与结果增加保持耦合。 [违规关系] 只有一个耦合变化发生，而另一个保持不变：（源编译文本此处为空）。,源编译负向关系末尾为空（原文为 ': .'），已原样保留英文并在中文中注明。
P14,/home/liuzhirui/Project/physGen/code/v3/outputs/trace_writer/trace-v3-m3-phase5/P14/i2v/seed_000042/video.mp4,The tall clear bottle of bright orange juice at left pours into the empty clear tumbler at right.,左侧装有亮橙色果汁的高透明瓶向右侧空透明玻璃杯中倾倒果汁。,completion,完成阶段,The declared change bright orange line descends in bottle occurs in its stated direction.,已声明的变化“瓶内亮橙色液面下降”按规定方向发生。,[0] The declared cause occurs BUT the required target change does not become visible.,[0] 声明的原因已经发生，但所要求的目标变化没有变得可见。,"[STAGE ENTITY INVENTORY] Present now: bottle: one declared collective group, state source_level=visibly_lower, transitioning; stream: one declared collective group, state stream_state=continuous_orange, transitioning; glass: exactly 1, state sink_level=visibly_higher, transitioning. Counts and identities stay fixed; no duplicate state copy is created. No additional dropper, external liquid stream, external source, extra copy, hand, person, pipette, tool, unlisted object exists. All globally protected identity, shape, material, scene, and camera attributes stay unchanged. Declared source loss and result gain remain coupled. [VALID RELATION] The declared change bright orange line descends in bottle occurs in its stated direction.",[阶段实体清单] 当前存在： 瓶子（bottle）: 1个已声明集合组，状态 source_level=visibly_lower，正在过渡; 液流（stream）: 1个已声明集合组，状态 stream_state=continuous_orange，正在过渡; 玻璃杯（glass）: 恰好1个，状态 sink_level=visibly_higher，正在过渡. 数量和身份保持固定；不创建重复的状态副本。 以下额外对象均不存在：滴管、外部液流、外部来源、额外副本、手、人物、移液管、工具、未列出的物体。 所有受全局保护的身份、形状、材质、场景和相机属性保持不变。 声明的来源减少与结果增加保持耦合。 [有效关系] 已声明的变化“瓶内亮橙色液面下降”按规定方向发生。,"[0] [STAGE ENTITY INVENTORY] Present now: bottle: one declared collective group, state source_level=visibly_lower, transitioning; stream: one declared collective group, state stream_state=continuous_orange, transitioning; glass: exactly 1, state sink_level=visibly_higher, transitioning. Counts and identities stay fixed; no duplicate state copy is created. No additional dropper, external liquid stream, external source, extra copy, hand, person, pipette, tool, unlisted object exists. All globally protected identity, shape, material, scene, and camera attributes stay unchanged. Declared source loss and result gain remain coupled. [VIOLATED RELATION] The declared cause occurs BUT the required target change does not become visible.",[0] [阶段实体清单] 当前存在： 瓶子（bottle）: 1个已声明集合组，状态 source_level=visibly_lower，正在过渡; 液流（stream）: 1个已声明集合组，状态 stream_state=continuous_orange，正在过渡; 玻璃杯（glass）: 恰好1个，状态 sink_level=visibly_higher，正在过渡. 数量和身份保持固定；不创建重复的状态副本。 以下额外对象均不存在：滴管、外部液流、外部来源、额外副本、手、人物、移液管、工具、未列出的物体。 所有受全局保护的身份、形状、材质、场景和相机属性保持不变。 声明的来源减少与结果增加保持耦合。 [违规关系] 声明的原因已经发生，但所要求的目标变化没有变得可见。,
P14,/home/liuzhirui/Project/physGen/code/v3/outputs/trace_writer/trace-v3-m3-phase5/P14/i2v/seed_000042/video.mp4,The tall clear bottle of bright orange juice at left pours into the empty clear tumbler at right.,左侧装有亮橙色果汁的高透明瓶向右侧空透明玻璃杯中倾倒果汁。,terminal,终止/保持阶段,"The terminal facts source_level=visibly_lower, sink_level=visibly_higher REMAIN through the final frames. [AND] The same logical slot has only its valid state; mutually exclusive facts sink_level=empty, sink_level=visibly_higher do not coexist.",最终事实 source_level=visibly_lower（源液位明显降低）、sink_level=visibly_higher（目标液位明显升高） 在最后几帧持续保持。 [且] 同一逻辑槽位只具有其有效状态；互斥事实 sink_level=empty（空）与 sink_level=visibly_higher（明显升高） 不会共存。,"[0] The valid terminal state returns to its mutually exclusive earlier state. [AND] The same logical slot has only its valid state; mutually exclusive facts sink_level=empty, sink_level=visibly_higher do not coexist.
[1] The terminal facts source_level=visibly_lower, sink_level=visibly_higher REMAIN through the final frames. [AND] Copies of the same logical slot appear in mutually exclusive states at the same time.","[0] 有效的终止状态恢复成与其互斥的较早状态。 [且] 同一逻辑槽位只具有其有效状态；互斥事实 sink_level=empty（空）与 sink_level=visibly_higher（明显升高） 不会共存。
[1] 最终事实 source_level=visibly_lower（源液位明显降低）、sink_level=visibly_higher（目标液位明显升高） 在最后几帧持续保持。 [且] 同一逻辑槽位的多个副本同时以互斥状态出现。","[STAGE ENTITY INVENTORY] Present now: bottle: one declared collective group, state source_level=visibly_lower, required; stream: exactly 0, state stream_state=continuous_orange, forbidden; glass: exactly 1, state sink_level=visibly_higher, required. Counts and identities stay fixed; no duplicate state copy is created. No additional dropper, external liquid stream, external source, extra copy, hand, person, pipette, tool, unlisted object exists. All globally protected identity, shape, material, scene, and camera attributes stay unchanged. Declared source loss and result gain remain coupled. [VALID RELATION] The terminal facts source_level=visibly_lower, sink_level=visibly_higher REMAIN through the final frames. [AND] The same logical slot has only its valid state; mutually exclusive facts sink_level=empty, sink_level=visibly_higher do not coexist.",[阶段实体清单] 当前存在： 瓶子（bottle）: 1个已声明集合组，状态 source_level=visibly_lower，必需; 液流（stream）: 恰好0个，状态 stream_state=continuous_orange，禁止出现; 玻璃杯（glass）: 恰好1个，状态 sink_level=visibly_higher，必需. 数量和身份保持固定；不创建重复的状态副本。 以下额外对象均不存在：滴管、外部液流、外部来源、额外副本、手、人物、移液管、工具、未列出的物体。 所有受全局保护的身份、形状、材质、场景和相机属性保持不变。 声明的来源减少与结果增加保持耦合。 [有效关系] 最终事实 source_level=visibly_lower（源液位明显降低）、sink_level=visibly_higher（目标液位明显升高） 在最后几帧持续保持。 [且] 同一逻辑槽位只具有其有效状态；互斥事实 sink_level=empty（空）与 sink_level=visibly_higher（明显升高） 不会共存。,"[0] [STAGE ENTITY INVENTORY] Present now: bottle: one declared collective group, state source_level=visibly_lower, required; stream: exactly 0, state stream_state=continuous_orange, forbidden; glass: exactly 1, state sink_level=visibly_higher, required. Counts and identities stay fixed; no duplicate state copy is created. No additional dropper, external liquid stream, external source, extra copy, hand, person, pipette, tool, unlisted object exists. All globally protected identity, shape, material, scene, and camera attributes stay unchanged. Declared source loss and result gain remain coupled. [VIOLATED RELATION] The valid terminal state returns to its mutually exclusive earlier state. [AND] The same logical slot has only its valid state; mutually exclusive facts sink_level=empty, sink_level=visibly_higher do not coexist.
[1] [STAGE ENTITY INVENTORY] Present now: bottle: one declared collective group, state source_level=visibly_lower, required; stream: exactly 0, state stream_state=continuous_orange, forbidden; glass: exactly 1, state sink_level=visibly_higher, required. Counts and identities stay fixed; no duplicate state copy is created. No additional dropper, external liquid stream, external source, extra copy, hand, person, pipette, tool, unlisted object exists. All globally protected identity, shape, material, scene, and camera attributes stay unchanged. Declared source loss and result gain remain coupled. [VIOLATED RELATION] The terminal facts source_level=visibly_lower, sink_level=visibly_higher REMAIN through the final frames. [AND] Copies of the same logical slot appear in mutually exclusive states at the same time.","[0] [阶段实体清单] 当前存在： 瓶子（bottle）: 1个已声明集合组，状态 source_level=visibly_lower，必需; 液流（stream）: 恰好0个，状态 stream_state=continuous_orange，禁止出现; 玻璃杯（glass）: 恰好1个，状态 sink_level=visibly_higher，必需. 数量和身份保持固定；不创建重复的状态副本。 以下额外对象均不存在：滴管、外部液流、外部来源、额外副本、手、人物、移液管、工具、未列出的物体。 所有受全局保护的身份、形状、材质、场景和相机属性保持不变。 声明的来源减少与结果增加保持耦合。 [违规关系] 有效的终止状态恢复成与其互斥的较早状态。 [且] 同一逻辑槽位只具有其有效状态；互斥事实 sink_level=empty（空）与 sink_level=visibly_higher（明显升高） 不会共存。
[1] [阶段实体清单] 当前存在： 瓶子（bottle）: 1个已声明集合组，状态 source_level=visibly_lower，必需; 液流（stream）: 恰好0个，状态 stream_state=continuous_orange，禁止出现; 玻璃杯（glass）: 恰好1个，状态 sink_level=visibly_higher，必需. 数量和身份保持固定；不创建重复的状态副本。 以下额外对象均不存在：滴管、外部液流、外部来源、额外副本、手、人物、移液管、工具、未列出的物体。 所有受全局保护的身份、形状、材质、场景和相机属性保持不变。 声明的来源减少与结果增加保持耦合。 [违规关系] 最终事实 source_level=visibly_lower（源液位明显降低）、sink_level=visibly_higher（目标液位明显升高） 在最后几帧持续保持。 [且] 同一逻辑槽位的多个副本同时以互斥状态出现。",
P15,/home/liuzhirui/Project/physGen/code/v3/outputs/trace_writer/trace-v3-m3-phase5/P15/i2v/seed_000042/video.mp4,The left hand holds the tilted clear cup of pale dry sand while sand pours onto the bare wooden table and forms a cone.,左手握着倾斜的透明杯，杯中浅色干沙倾倒到裸露木桌上并形成锥形沙堆。,setup,准备/初始阶段,first pale grains leave the tilted clear cup happens BEFORE pale pile rises and widens on table.,第一批浅色沙粒离开倾斜的透明杯先于浅色沙堆在桌面上升高并变宽发生。,[0] pale pile rises and widens on table is already present BEFORE first pale grains leave the tilted clear cup.,[0] 在第一批浅色沙粒离开倾斜的透明杯发生之前，浅色沙堆在桌面上升高并变宽已经出现。,"[STAGE ENTITY INVENTORY] Present now: cup: one declared collective group, state source_amount=filled_to_rim, required; sand stream: exactly 0, state stream_state=absent, forbidden; pile region: exactly 1, state pile_size=bare_wood, required; hand: exactly 1, required. Counts and identities stay fixed; no duplicate state copy is created. No additional external source, extra copy, unlisted object exists. All globally protected identity, shape, material, scene, and camera attributes stay unchanged. Declared source loss and result gain remain coupled. [VALID RELATION] first pale grains leave the tilted clear cup happens BEFORE pale pile rises and widens on table.",[阶段实体清单] 当前存在： 杯子（cup）: 1个已声明集合组，状态 source_amount=filled_to_rim，必需; 沙流（sand stream）: 恰好0个，状态 stream_state=absent，禁止出现; 沙堆区域（pile region）: 恰好1个，状态 pile_size=bare_wood，必需; 手（hand）: 恰好1个，必需. 数量和身份保持固定；不创建重复的状态副本。 不存在额外的外部来源、额外副本或未列出的物体。 所有受全局保护的身份、形状、材质、场景和相机属性保持不变。 声明的来源减少与结果增加保持耦合。 [有效关系] 第一批浅色沙粒离开倾斜的透明杯先于浅色沙堆在桌面上升高并变宽发生。,"[0] [STAGE ENTITY INVENTORY] Present now: cup: one declared collective group, state source_amount=filled_to_rim, required; sand stream: exactly 0, state stream_state=absent, forbidden; pile region: exactly 1, state pile_size=bare_wood, required; hand: exactly 1, required. Counts and identities stay fixed; no duplicate state copy is created. No additional external source, extra copy, unlisted object exists. All globally protected identity, shape, material, scene, and camera attributes stay unchanged. Declared source loss and result gain remain coupled. [VIOLATED RELATION] pale pile rises and widens on table is already present BEFORE first pale grains leave the tilted clear cup.",[0] [阶段实体清单] 当前存在： 杯子（cup）: 1个已声明集合组，状态 source_amount=filled_to_rim，必需; 沙流（sand stream）: 恰好0个，状态 stream_state=absent，禁止出现; 沙堆区域（pile region）: 恰好1个，状态 pile_size=bare_wood，必需; 手（hand）: 恰好1个，必需. 数量和身份保持固定；不创建重复的状态副本。 不存在额外的外部来源、额外副本或未列出的物体。 所有受全局保护的身份、形状、材质、场景和相机属性保持不变。 声明的来源减少与结果增加保持耦合。 [违规关系] 在第一批浅色沙粒离开倾斜的透明杯发生之前，浅色沙堆在桌面上升高并变宽已经出现。,
P15,/home/liuzhirui/Project/physGen/code/v3/outputs/trace_writer/trace-v3-m3-phase5/P15/i2v/seed_000042/video.mp4,The left hand holds the tilted clear cup of pale dry sand while sand pours onto the bare wooden table and forms a cone.,左手握着倾斜的透明杯，杯中浅色干沙倾倒到裸露木桌上并形成锥形沙堆。,onset,起始/触发阶段,first pale grains leave the tilted clear cup happens BEFORE pale pile rises and widens on table.,第一批浅色沙粒离开倾斜的透明杯先于浅色沙堆在桌面上升高并变宽发生。,[0] pale pile rises and widens on table happens BEFORE first pale grains leave the tilted clear cup.,[0] 浅色沙堆在桌面上升高并变宽先于第一批浅色沙粒离开倾斜的透明杯发生。,"[STAGE ENTITY INVENTORY] Present now: cup: one declared collective group, state source_amount=filled_to_rim, transitioning; sand stream: one declared collective group, state stream_state=absent, transitioning; pile region: exactly 1, state pile_size=bare_wood, transitioning; hand: exactly 1, required. Counts and identities stay fixed; no duplicate state copy is created. No additional external source, extra copy, unlisted object exists. All globally protected identity, shape, material, scene, and camera attributes stay unchanged. Declared source loss and result gain remain coupled. [VALID RELATION] first pale grains leave the tilted clear cup happens BEFORE pale pile rises and widens on table.",[阶段实体清单] 当前存在： 杯子（cup）: 1个已声明集合组，状态 source_amount=filled_to_rim，正在过渡; 沙流（sand stream）: 1个已声明集合组，状态 stream_state=absent，正在过渡; 沙堆区域（pile region）: 恰好1个，状态 pile_size=bare_wood，正在过渡; 手（hand）: 恰好1个，必需. 数量和身份保持固定；不创建重复的状态副本。 不存在额外的外部来源、额外副本或未列出的物体。 所有受全局保护的身份、形状、材质、场景和相机属性保持不变。 声明的来源减少与结果增加保持耦合。 [有效关系] 第一批浅色沙粒离开倾斜的透明杯先于浅色沙堆在桌面上升高并变宽发生。,"[0] [STAGE ENTITY INVENTORY] Present now: cup: one declared collective group, state source_amount=filled_to_rim, transitioning; sand stream: one declared collective group, state stream_state=absent, transitioning; pile region: exactly 1, state pile_size=bare_wood, transitioning; hand: exactly 1, required. Counts and identities stay fixed; no duplicate state copy is created. No additional external source, extra copy, unlisted object exists. All globally protected identity, shape, material, scene, and camera attributes stay unchanged. Declared source loss and result gain remain coupled. [VIOLATED RELATION] pale pile rises and widens on table happens BEFORE first pale grains leave the tilted clear cup.",[0] [阶段实体清单] 当前存在： 杯子（cup）: 1个已声明集合组，状态 source_amount=filled_to_rim，正在过渡; 沙流（sand stream）: 1个已声明集合组，状态 stream_state=absent，正在过渡; 沙堆区域（pile region）: 恰好1个，状态 pile_size=bare_wood，正在过渡; 手（hand）: 恰好1个，必需. 数量和身份保持固定；不创建重复的状态副本。 不存在额外的外部来源、额外副本或未列出的物体。 所有受全局保护的身份、形状、材质、场景和相机属性保持不变。 声明的来源减少与结果增加保持耦合。 [违规关系] 浅色沙堆在桌面上升高并变宽先于第一批浅色沙粒离开倾斜的透明杯发生。,
P15,/home/liuzhirui/Project/physGen/code/v3/outputs/trace_writer/trace-v3-m3-phase5/P15/i2v/seed_000042/video.mp4,The left hand holds the tilted clear cup of pale dry sand while sand pours onto the bare wooden table and forms a cone.,左手握着倾斜的透明杯，杯中浅色干沙倾倒到裸露木桌上并形成锥形沙堆。,evolution,演化阶段,The declared change visible pale sand inside cup decreases occurs in its stated direction.,已声明的变化“杯内可见浅色沙量减少”按规定方向发生。,[0] Only one coupled change occurs while the other remains unchanged: .,[0] 只有一个耦合变化发生，而另一个保持不变：（源编译文本此处为空）。,"[STAGE ENTITY INVENTORY] Present now: cup: one declared collective group, state source_amount=nearly_empty, required; sand stream: one declared collective group, state stream_state=continuous_pale_grains, required; pile region: exactly 1, state pile_size=grown_cone, required; hand: exactly 1, required. Counts and identities stay fixed; no duplicate state copy is created. No additional external source, extra copy, unlisted object exists. All globally protected identity, shape, material, scene, and camera attributes stay unchanged. Declared source loss and result gain remain coupled. [VALID RELATION] The declared change visible pale sand inside cup decreases occurs in its stated direction.",[阶段实体清单] 当前存在： 杯子（cup）: 1个已声明集合组，状态 source_amount=nearly_empty，必需; 沙流（sand stream）: 1个已声明集合组，状态 stream_state=continuous_pale_grains，必需; 沙堆区域（pile region）: 恰好1个，状态 pile_size=grown_cone，必需; 手（hand）: 恰好1个，必需. 数量和身份保持固定；不创建重复的状态副本。 不存在额外的外部来源、额外副本或未列出的物体。 所有受全局保护的身份、形状、材质、场景和相机属性保持不变。 声明的来源减少与结果增加保持耦合。 [有效关系] 已声明的变化“杯内可见浅色沙量减少”按规定方向发生。,"[0] [STAGE ENTITY INVENTORY] Present now: cup: one declared collective group, state source_amount=nearly_empty, required; sand stream: one declared collective group, state stream_state=continuous_pale_grains, required; pile region: exactly 1, state pile_size=grown_cone, required; hand: exactly 1, required. Counts and identities stay fixed; no duplicate state copy is created. No additional external source, extra copy, unlisted object exists. All globally protected identity, shape, material, scene, and camera attributes stay unchanged. Declared source loss and result gain remain coupled. [VIOLATED RELATION] Only one coupled change occurs while the other remains unchanged: .",[0] [阶段实体清单] 当前存在： 杯子（cup）: 1个已声明集合组，状态 source_amount=nearly_empty，必需; 沙流（sand stream）: 1个已声明集合组，状态 stream_state=continuous_pale_grains，必需; 沙堆区域（pile region）: 恰好1个，状态 pile_size=grown_cone，必需; 手（hand）: 恰好1个，必需. 数量和身份保持固定；不创建重复的状态副本。 不存在额外的外部来源、额外副本或未列出的物体。 所有受全局保护的身份、形状、材质、场景和相机属性保持不变。 声明的来源减少与结果增加保持耦合。 [违规关系] 只有一个耦合变化发生，而另一个保持不变：（源编译文本此处为空）。,源编译负向关系末尾为空（原文为 ': .'），已原样保留英文并在中文中注明。
P15,/home/liuzhirui/Project/physGen/code/v3/outputs/trace_writer/trace-v3-m3-phase5/P15/i2v/seed_000042/video.mp4,The left hand holds the tilted clear cup of pale dry sand while sand pours onto the bare wooden table and forms a cone.,左手握着倾斜的透明杯，杯中浅色干沙倾倒到裸露木桌上并形成锥形沙堆。,completion,完成阶段,The declared change visible pale sand inside cup decreases occurs in its stated direction.,已声明的变化“杯内可见浅色沙量减少”按规定方向发生。,[0] The declared cause occurs BUT the required target change does not become visible.,[0] 声明的原因已经发生，但所要求的目标变化没有变得可见。,"[STAGE ENTITY INVENTORY] Present now: cup: one declared collective group, state source_amount=nearly_empty, transitioning; sand stream: one declared collective group, state stream_state=continuous_pale_grains, transitioning; pile region: exactly 1, state pile_size=grown_cone, transitioning; hand: exactly 1, required. Counts and identities stay fixed; no duplicate state copy is created. No additional external source, extra copy, unlisted object exists. All globally protected identity, shape, material, scene, and camera attributes stay unchanged. Declared source loss and result gain remain coupled. [VALID RELATION] The declared change visible pale sand inside cup decreases occurs in its stated direction.",[阶段实体清单] 当前存在： 杯子（cup）: 1个已声明集合组，状态 source_amount=nearly_empty，正在过渡; 沙流（sand stream）: 1个已声明集合组，状态 stream_state=continuous_pale_grains，正在过渡; 沙堆区域（pile region）: 恰好1个，状态 pile_size=grown_cone，正在过渡; 手（hand）: 恰好1个，必需. 数量和身份保持固定；不创建重复的状态副本。 不存在额外的外部来源、额外副本或未列出的物体。 所有受全局保护的身份、形状、材质、场景和相机属性保持不变。 声明的来源减少与结果增加保持耦合。 [有效关系] 已声明的变化“杯内可见浅色沙量减少”按规定方向发生。,"[0] [STAGE ENTITY INVENTORY] Present now: cup: one declared collective group, state source_amount=nearly_empty, transitioning; sand stream: one declared collective group, state stream_state=continuous_pale_grains, transitioning; pile region: exactly 1, state pile_size=grown_cone, transitioning; hand: exactly 1, required. Counts and identities stay fixed; no duplicate state copy is created. No additional external source, extra copy, unlisted object exists. All globally protected identity, shape, material, scene, and camera attributes stay unchanged. Declared source loss and result gain remain coupled. [VIOLATED RELATION] The declared cause occurs BUT the required target change does not become visible.",[0] [阶段实体清单] 当前存在： 杯子（cup）: 1个已声明集合组，状态 source_amount=nearly_empty，正在过渡; 沙流（sand stream）: 1个已声明集合组，状态 stream_state=continuous_pale_grains，正在过渡; 沙堆区域（pile region）: 恰好1个，状态 pile_size=grown_cone，正在过渡; 手（hand）: 恰好1个，必需. 数量和身份保持固定；不创建重复的状态副本。 不存在额外的外部来源、额外副本或未列出的物体。 所有受全局保护的身份、形状、材质、场景和相机属性保持不变。 声明的来源减少与结果增加保持耦合。 [违规关系] 声明的原因已经发生，但所要求的目标变化没有变得可见。,
P15,/home/liuzhirui/Project/physGen/code/v3/outputs/trace_writer/trace-v3-m3-phase5/P15/i2v/seed_000042/video.mp4,The left hand holds the tilted clear cup of pale dry sand while sand pours onto the bare wooden table and forms a cone.,左手握着倾斜的透明杯，杯中浅色干沙倾倒到裸露木桌上并形成锥形沙堆。,terminal,终止/保持阶段,"The terminal facts source_amount=nearly_empty, pile_size=grown_cone REMAIN through the final frames. [AND] The same logical slot has only its valid state; mutually exclusive facts pile_size=bare_wood, pile_size=grown_cone do not coexist.",最终事实 source_amount=nearly_empty（源杯近空）、pile_size=grown_cone（增大的锥形沙堆） 在最后几帧持续保持。 [且] 同一逻辑槽位只具有其有效状态；互斥事实 pile_size=bare_wood（裸木桌面）与 pile_size=grown_cone（增大的锥形沙堆） 不会共存。,"[0] The valid terminal state returns to its mutually exclusive earlier state. [AND] The same logical slot has only its valid state; mutually exclusive facts pile_size=bare_wood, pile_size=grown_cone do not coexist.
[1] The terminal facts source_amount=nearly_empty, pile_size=grown_cone REMAIN through the final frames. [AND] Copies of the same logical slot appear in mutually exclusive states at the same time.","[0] 有效的终止状态恢复成与其互斥的较早状态。 [且] 同一逻辑槽位只具有其有效状态；互斥事实 pile_size=bare_wood（裸木桌面）与 pile_size=grown_cone（增大的锥形沙堆） 不会共存。
[1] 最终事实 source_amount=nearly_empty（源杯近空）、pile_size=grown_cone（增大的锥形沙堆） 在最后几帧持续保持。 [且] 同一逻辑槽位的多个副本同时以互斥状态出现。","[STAGE ENTITY INVENTORY] Present now: cup: one declared collective group, state source_amount=nearly_empty, required; sand stream: exactly 0, state stream_state=continuous_pale_grains, forbidden; pile region: exactly 1, state pile_size=grown_cone, required; hand: exactly 1, required. Counts and identities stay fixed; no duplicate state copy is created. No additional external source, extra copy, unlisted object exists. All globally protected identity, shape, material, scene, and camera attributes stay unchanged. Declared source loss and result gain remain coupled. [VALID RELATION] The terminal facts source_amount=nearly_empty, pile_size=grown_cone REMAIN through the final frames. [AND] The same logical slot has only its valid state; mutually exclusive facts pile_size=bare_wood, pile_size=grown_cone do not coexist.",[阶段实体清单] 当前存在： 杯子（cup）: 1个已声明集合组，状态 source_amount=nearly_empty，必需; 沙流（sand stream）: 恰好0个，状态 stream_state=continuous_pale_grains，禁止出现; 沙堆区域（pile region）: 恰好1个，状态 pile_size=grown_cone，必需; 手（hand）: 恰好1个，必需. 数量和身份保持固定；不创建重复的状态副本。 不存在额外的外部来源、额外副本或未列出的物体。 所有受全局保护的身份、形状、材质、场景和相机属性保持不变。 声明的来源减少与结果增加保持耦合。 [有效关系] 最终事实 source_amount=nearly_empty（源杯近空）、pile_size=grown_cone（增大的锥形沙堆） 在最后几帧持续保持。 [且] 同一逻辑槽位只具有其有效状态；互斥事实 pile_size=bare_wood（裸木桌面）与 pile_size=grown_cone（增大的锥形沙堆） 不会共存。,"[0] [STAGE ENTITY INVENTORY] Present now: cup: one declared collective group, state source_amount=nearly_empty, required; sand stream: exactly 0, state stream_state=continuous_pale_grains, forbidden; pile region: exactly 1, state pile_size=grown_cone, required; hand: exactly 1, required. Counts and identities stay fixed; no duplicate state copy is created. No additional external source, extra copy, unlisted object exists. All globally protected identity, shape, material, scene, and camera attributes stay unchanged. Declared source loss and result gain remain coupled. [VIOLATED RELATION] The valid terminal state returns to its mutually exclusive earlier state. [AND] The same logical slot has only its valid state; mutually exclusive facts pile_size=bare_wood, pile_size=grown_cone do not coexist.
[1] [STAGE ENTITY INVENTORY] Present now: cup: one declared collective group, state source_amount=nearly_empty, required; sand stream: exactly 0, state stream_state=continuous_pale_grains, forbidden; pile region: exactly 1, state pile_size=grown_cone, required; hand: exactly 1, required. Counts and identities stay fixed; no duplicate state copy is created. No additional external source, extra copy, unlisted object exists. All globally protected identity, shape, material, scene, and camera attributes stay unchanged. Declared source loss and result gain remain coupled. [VIOLATED RELATION] The terminal facts source_amount=nearly_empty, pile_size=grown_cone REMAIN through the final frames. [AND] Copies of the same logical slot appear in mutually exclusive states at the same time.","[0] [阶段实体清单] 当前存在： 杯子（cup）: 1个已声明集合组，状态 source_amount=nearly_empty，必需; 沙流（sand stream）: 恰好0个，状态 stream_state=continuous_pale_grains，禁止出现; 沙堆区域（pile region）: 恰好1个，状态 pile_size=grown_cone，必需; 手（hand）: 恰好1个，必需. 数量和身份保持固定；不创建重复的状态副本。 不存在额外的外部来源、额外副本或未列出的物体。 所有受全局保护的身份、形状、材质、场景和相机属性保持不变。 声明的来源减少与结果增加保持耦合。 [违规关系] 有效的终止状态恢复成与其互斥的较早状态。 [且] 同一逻辑槽位只具有其有效状态；互斥事实 pile_size=bare_wood（裸木桌面）与 pile_size=grown_cone（增大的锥形沙堆） 不会共存。
[1] [阶段实体清单] 当前存在： 杯子（cup）: 1个已声明集合组，状态 source_amount=nearly_empty，必需; 沙流（sand stream）: 恰好0个，状态 stream_state=continuous_pale_grains，禁止出现; 沙堆区域（pile region）: 恰好1个，状态 pile_size=grown_cone，必需; 手（hand）: 恰好1个，必需. 数量和身份保持固定；不创建重复的状态副本。 不存在额外的外部来源、额外副本或未列出的物体。 所有受全局保护的身份、形状、材质、场景和相机属性保持不变。 声明的来源减少与结果增加保持耦合。 [违规关系] 最终事实 source_amount=nearly_empty（源杯近空）、pile_size=grown_cone（增大的锥形沙堆） 在最后几帧持续保持。 [且] 同一逻辑槽位的多个副本同时以互斥状态出现。",
P16,/home/liuzhirui/Project/physGen/code/v3/outputs/trace_writer/trace-v3-m3-phase5/P16/i2v/seed_000042/video.mp4,The single compact dark-blue drop above the centered water surface enters the clear rectangular glass vessel and spreads outward.,水面中央上方单个紧实的深蓝色液滴进入透明长方形玻璃容器，并向外扩散。,setup,准备/初始阶段,the dark-blue drop crosses the centered horizontal waterline happens BEFORE blue boundary widens inside vessel.,深蓝色液滴穿过居中的水平水线先于蓝色边界在容器内变宽发生。,[0] blue boundary widens inside vessel is already present BEFORE the dark-blue drop crosses the centered horizontal waterline.,[0] 在深蓝色液滴穿过居中的水平水线发生之前，蓝色边界在容器内变宽已经出现。,"[STAGE ENTITY INVENTORY] Present now: dye: exactly 1, state dye_position=above_center_surface, required; water: one declared collective group, state colored_area=none, water_state=fully_clear, required. Counts and identities stay fixed; no duplicate state copy is created. No additional external source, extra copy, unlisted object exists. All globally protected identity, shape, material, scene, and camera attributes stay unchanged. Declared source loss and result gain remain coupled. [VALID RELATION] the dark-blue drop crosses the centered horizontal waterline happens BEFORE blue boundary widens inside vessel.","[阶段实体清单] 当前存在： 染料（dye）: 恰好1个，状态 dye_position=above_center_surface，必需; 水（water）: 1个已声明集合组，状态 colored_area=none, water_state=fully_clear，必需. 数量和身份保持固定；不创建重复的状态副本。 不存在额外的外部来源、额外副本或未列出的物体。 所有受全局保护的身份、形状、材质、场景和相机属性保持不变。 声明的来源减少与结果增加保持耦合。 [有效关系] 深蓝色液滴穿过居中的水平水线先于蓝色边界在容器内变宽发生。","[0] [STAGE ENTITY INVENTORY] Present now: dye: exactly 1, state dye_position=above_center_surface, required; water: one declared collective group, state colored_area=none, water_state=fully_clear, required. Counts and identities stay fixed; no duplicate state copy is created. No additional external source, extra copy, unlisted object exists. All globally protected identity, shape, material, scene, and camera attributes stay unchanged. Declared source loss and result gain remain coupled. [VIOLATED RELATION] blue boundary widens inside vessel is already present BEFORE the dark-blue drop crosses the centered horizontal waterline.","[0] [阶段实体清单] 当前存在： 染料（dye）: 恰好1个，状态 dye_position=above_center_surface，必需; 水（water）: 1个已声明集合组，状态 colored_area=none, water_state=fully_clear，必需. 数量和身份保持固定；不创建重复的状态副本。 不存在额外的外部来源、额外副本或未列出的物体。 所有受全局保护的身份、形状、材质、场景和相机属性保持不变。 声明的来源减少与结果增加保持耦合。 [违规关系] 在深蓝色液滴穿过居中的水平水线发生之前，蓝色边界在容器内变宽已经出现。",
P16,/home/liuzhirui/Project/physGen/code/v3/outputs/trace_writer/trace-v3-m3-phase5/P16/i2v/seed_000042/video.mp4,The single compact dark-blue drop above the centered water surface enters the clear rectangular glass vessel and spreads outward.,水面中央上方单个紧实的深蓝色液滴进入透明长方形玻璃容器，并向外扩散。,onset,起始/触发阶段,the dark-blue drop crosses the centered horizontal waterline happens BEFORE blue boundary widens inside vessel.,深蓝色液滴穿过居中的水平水线先于蓝色边界在容器内变宽发生。,[0] blue boundary widens inside vessel happens BEFORE the dark-blue drop crosses the centered horizontal waterline.,[0] 蓝色边界在容器内变宽先于深蓝色液滴穿过居中的水平水线发生。,"[STAGE ENTITY INVENTORY] Present now: dye: exactly 1, state dye_position=above_center_surface, transitioning; water: one declared collective group, state colored_area=none, water_state=fully_clear, transitioning. Counts and identities stay fixed; no duplicate state copy is created. No additional external source, extra copy, unlisted object exists. All globally protected identity, shape, material, scene, and camera attributes stay unchanged. Declared source loss and result gain remain coupled. [VALID RELATION] the dark-blue drop crosses the centered horizontal waterline happens BEFORE blue boundary widens inside vessel.","[阶段实体清单] 当前存在： 染料（dye）: 恰好1个，状态 dye_position=above_center_surface，正在过渡; 水（water）: 1个已声明集合组，状态 colored_area=none, water_state=fully_clear，正在过渡. 数量和身份保持固定；不创建重复的状态副本。 不存在额外的外部来源、额外副本或未列出的物体。 所有受全局保护的身份、形状、材质、场景和相机属性保持不变。 声明的来源减少与结果增加保持耦合。 [有效关系] 深蓝色液滴穿过居中的水平水线先于蓝色边界在容器内变宽发生。","[0] [STAGE ENTITY INVENTORY] Present now: dye: exactly 1, state dye_position=above_center_surface, transitioning; water: one declared collective group, state colored_area=none, water_state=fully_clear, transitioning. Counts and identities stay fixed; no duplicate state copy is created. No additional external source, extra copy, unlisted object exists. All globally protected identity, shape, material, scene, and camera attributes stay unchanged. Declared source loss and result gain remain coupled. [VIOLATED RELATION] blue boundary widens inside vessel happens BEFORE the dark-blue drop crosses the centered horizontal waterline.","[0] [阶段实体清单] 当前存在： 染料（dye）: 恰好1个，状态 dye_position=above_center_surface，正在过渡; 水（water）: 1个已声明集合组，状态 colored_area=none, water_state=fully_clear，正在过渡. 数量和身份保持固定；不创建重复的状态副本。 不存在额外的外部来源、额外副本或未列出的物体。 所有受全局保护的身份、形状、材质、场景和相机属性保持不变。 声明的来源减少与结果增加保持耦合。 [违规关系] 蓝色边界在容器内变宽先于深蓝色液滴穿过居中的水平水线发生。",
P16,/home/liuzhirui/Project/physGen/code/v3/outputs/trace_writer/trace-v3-m3-phase5/P16/i2v/seed_000042/video.mp4,The single compact dark-blue drop above the centered water surface enters the clear rectangular glass vessel and spreads outward.,水面中央上方单个紧实的深蓝色液滴进入透明长方形玻璃容器，并向外扩散。,evolution,演化阶段,The declared change blue boundary widens inside vessel occurs in its stated direction.,已声明的变化“蓝色边界在容器内变宽”按规定方向发生。,[0] Only one coupled change occurs while the other remains unchanged: .,[0] 只有一个耦合变化发生，而另一个保持不变：（源编译文本此处为空）。,"[STAGE ENTITY INVENTORY] Present now: dye: exactly 1, state dye_position=inside_water, required; water: one declared collective group, state colored_area=expanded, water_state=locally_blue, required. Counts and identities stay fixed; no duplicate state copy is created. No additional external source, extra copy, unlisted object exists. All globally protected identity, shape, material, scene, and camera attributes stay unchanged. Declared source loss and result gain remain coupled. [VALID RELATION] The declared change blue boundary widens inside vessel occurs in its stated direction.","[阶段实体清单] 当前存在： 染料（dye）: 恰好1个，状态 dye_position=inside_water，必需; 水（water）: 1个已声明集合组，状态 colored_area=expanded, water_state=locally_blue，必需. 数量和身份保持固定；不创建重复的状态副本。 不存在额外的外部来源、额外副本或未列出的物体。 所有受全局保护的身份、形状、材质、场景和相机属性保持不变。 声明的来源减少与结果增加保持耦合。 [有效关系] 已声明的变化“蓝色边界在容器内变宽”按规定方向发生。","[0] [STAGE ENTITY INVENTORY] Present now: dye: exactly 1, state dye_position=inside_water, required; water: one declared collective group, state colored_area=expanded, water_state=locally_blue, required. Counts and identities stay fixed; no duplicate state copy is created. No additional external source, extra copy, unlisted object exists. All globally protected identity, shape, material, scene, and camera attributes stay unchanged. Declared source loss and result gain remain coupled. [VIOLATED RELATION] Only one coupled change occurs while the other remains unchanged: .","[0] [阶段实体清单] 当前存在： 染料（dye）: 恰好1个，状态 dye_position=inside_water，必需; 水（water）: 1个已声明集合组，状态 colored_area=expanded, water_state=locally_blue，必需. 数量和身份保持固定；不创建重复的状态副本。 不存在额外的外部来源、额外副本或未列出的物体。 所有受全局保护的身份、形状、材质、场景和相机属性保持不变。 声明的来源减少与结果增加保持耦合。 [违规关系] 只有一个耦合变化发生，而另一个保持不变：（源编译文本此处为空）。",源编译负向关系末尾为空（原文为 ': .'），已原样保留英文并在中文中注明。
P16,/home/liuzhirui/Project/physGen/code/v3/outputs/trace_writer/trace-v3-m3-phase5/P16/i2v/seed_000042/video.mp4,The single compact dark-blue drop above the centered water surface enters the clear rectangular glass vessel and spreads outward.,水面中央上方单个紧实的深蓝色液滴进入透明长方形玻璃容器，并向外扩散。,completion,完成阶段,The declared change blue boundary widens inside vessel occurs in its stated direction.,已声明的变化“蓝色边界在容器内变宽”按规定方向发生。,[0] The declared cause occurs BUT the required target change does not become visible.,[0] 声明的原因已经发生，但所要求的目标变化没有变得可见。,"[STAGE ENTITY INVENTORY] Present now: dye: exactly 1, state dye_position=inside_water, transitioning; water: one declared collective group, state colored_area=expanded, water_state=locally_blue, transitioning. Counts and identities stay fixed; no duplicate state copy is created. No additional external source, extra copy, unlisted object exists. All globally protected identity, shape, material, scene, and camera attributes stay unchanged. Declared source loss and result gain remain coupled. [VALID RELATION] The declared change blue boundary widens inside vessel occurs in its stated direction.","[阶段实体清单] 当前存在： 染料（dye）: 恰好1个，状态 dye_position=inside_water，正在过渡; 水（water）: 1个已声明集合组，状态 colored_area=expanded, water_state=locally_blue，正在过渡. 数量和身份保持固定；不创建重复的状态副本。 不存在额外的外部来源、额外副本或未列出的物体。 所有受全局保护的身份、形状、材质、场景和相机属性保持不变。 声明的来源减少与结果增加保持耦合。 [有效关系] 已声明的变化“蓝色边界在容器内变宽”按规定方向发生。","[0] [STAGE ENTITY INVENTORY] Present now: dye: exactly 1, state dye_position=inside_water, transitioning; water: one declared collective group, state colored_area=expanded, water_state=locally_blue, transitioning. Counts and identities stay fixed; no duplicate state copy is created. No additional external source, extra copy, unlisted object exists. All globally protected identity, shape, material, scene, and camera attributes stay unchanged. Declared source loss and result gain remain coupled. [VIOLATED RELATION] The declared cause occurs BUT the required target change does not become visible.","[0] [阶段实体清单] 当前存在： 染料（dye）: 恰好1个，状态 dye_position=inside_water，正在过渡; 水（water）: 1个已声明集合组，状态 colored_area=expanded, water_state=locally_blue，正在过渡. 数量和身份保持固定；不创建重复的状态副本。 不存在额外的外部来源、额外副本或未列出的物体。 所有受全局保护的身份、形状、材质、场景和相机属性保持不变。 声明的来源减少与结果增加保持耦合。 [违规关系] 声明的原因已经发生，但所要求的目标变化没有变得可见。",
P16,/home/liuzhirui/Project/physGen/code/v3/outputs/trace_writer/trace-v3-m3-phase5/P16/i2v/seed_000042/video.mp4,The single compact dark-blue drop above the centered water surface enters the clear rectangular glass vessel and spreads outward.,水面中央上方单个紧实的深蓝色液滴进入透明长方形玻璃容器，并向外扩散。,terminal,终止/保持阶段,"The terminal facts dye_position=inside_water, colored_area=expanded, water_state=locally_blue REMAIN through the final frames. [AND] The same logical slot has only its valid state; mutually exclusive facts water_state=fully_clear, water_state=locally_blue do not coexist.",最终事实 dye_position=inside_water（染料位于水中）、colored_area=expanded（着色区域扩大）、water_state=locally_blue（水局部变蓝） 在最后几帧持续保持。 [且] 同一逻辑槽位只具有其有效状态；互斥事实 water_state=fully_clear（完全透明）与 water_state=locally_blue（局部变蓝） 不会共存。,"[0] The valid terminal state returns to its mutually exclusive earlier state. [AND] The same logical slot has only its valid state; mutually exclusive facts water_state=fully_clear, water_state=locally_blue do not coexist.
[1] The terminal facts dye_position=inside_water, colored_area=expanded, water_state=locally_blue REMAIN through the final frames. [AND] Copies of the same logical slot appear in mutually exclusive states at the same time.","[0] 有效的终止状态恢复成与其互斥的较早状态。 [且] 同一逻辑槽位只具有其有效状态；互斥事实 water_state=fully_clear（完全透明）与 water_state=locally_blue（局部变蓝） 不会共存。
[1] 最终事实 dye_position=inside_water（染料位于水中）、colored_area=expanded（着色区域扩大）、water_state=locally_blue（水局部变蓝） 在最后几帧持续保持。 [且] 同一逻辑槽位的多个副本同时以互斥状态出现。","[STAGE ENTITY INVENTORY] Present now: dye: exactly 1, state dye_position=inside_water, required; water: one declared collective group, state colored_area=expanded, water_state=locally_blue, required. Counts and identities stay fixed; no duplicate state copy is created. No additional external source, extra copy, unlisted object exists. All globally protected identity, shape, material, scene, and camera attributes stay unchanged. Declared source loss and result gain remain coupled. [VALID RELATION] The terminal facts dye_position=inside_water, colored_area=expanded, water_state=locally_blue REMAIN through the final frames. [AND] The same logical slot has only its valid state; mutually exclusive facts water_state=fully_clear, water_state=locally_blue do not coexist.","[阶段实体清单] 当前存在： 染料（dye）: 恰好1个，状态 dye_position=inside_water，必需; 水（water）: 1个已声明集合组，状态 colored_area=expanded, water_state=locally_blue，必需. 数量和身份保持固定；不创建重复的状态副本。 不存在额外的外部来源、额外副本或未列出的物体。 所有受全局保护的身份、形状、材质、场景和相机属性保持不变。 声明的来源减少与结果增加保持耦合。 [有效关系] 最终事实 dye_position=inside_water（染料位于水中）、colored_area=expanded（着色区域扩大）、water_state=locally_blue（水局部变蓝） 在最后几帧持续保持。 [且] 同一逻辑槽位只具有其有效状态；互斥事实 water_state=fully_clear（完全透明）与 water_state=locally_blue（局部变蓝） 不会共存。","[0] [STAGE ENTITY INVENTORY] Present now: dye: exactly 1, state dye_position=inside_water, required; water: one declared collective group, state colored_area=expanded, water_state=locally_blue, required. Counts and identities stay fixed; no duplicate state copy is created. No additional external source, extra copy, unlisted object exists. All globally protected identity, shape, material, scene, and camera attributes stay unchanged. Declared source loss and result gain remain coupled. [VIOLATED RELATION] The valid terminal state returns to its mutually exclusive earlier state. [AND] The same logical slot has only its valid state; mutually exclusive facts water_state=fully_clear, water_state=locally_blue do not coexist.
[1] [STAGE ENTITY INVENTORY] Present now: dye: exactly 1, state dye_position=inside_water, required; water: one declared collective group, state colored_area=expanded, water_state=locally_blue, required. Counts and identities stay fixed; no duplicate state copy is created. No additional external source, extra copy, unlisted object exists. All globally protected identity, shape, material, scene, and camera attributes stay unchanged. Declared source loss and result gain remain coupled. [VIOLATED RELATION] The terminal facts dye_position=inside_water, colored_area=expanded, water_state=locally_blue REMAIN through the final frames. [AND] Copies of the same logical slot appear in mutually exclusive states at the same time.","[0] [阶段实体清单] 当前存在： 染料（dye）: 恰好1个，状态 dye_position=inside_water，必需; 水（water）: 1个已声明集合组，状态 colored_area=expanded, water_state=locally_blue，必需. 数量和身份保持固定；不创建重复的状态副本。 不存在额外的外部来源、额外副本或未列出的物体。 所有受全局保护的身份、形状、材质、场景和相机属性保持不变。 声明的来源减少与结果增加保持耦合。 [违规关系] 有效的终止状态恢复成与其互斥的较早状态。 [且] 同一逻辑槽位只具有其有效状态；互斥事实 water_state=fully_clear（完全透明）与 water_state=locally_blue（局部变蓝） 不会共存。
[1] [阶段实体清单] 当前存在： 染料（dye）: 恰好1个，状态 dye_position=inside_water，必需; 水（water）: 1个已声明集合组，状态 colored_area=expanded, water_state=locally_blue，必需. 数量和身份保持固定；不创建重复的状态副本。 不存在额外的外部来源、额外副本或未列出的物体。 所有受全局保护的身份、形状、材质、场景和相机属性保持不变。 声明的来源减少与结果增加保持耦合。 [违规关系] 最终事实 dye_position=inside_water（染料位于水中）、colored_area=expanded（着色区域扩大）、water_state=locally_blue（水局部变蓝） 在最后几帧持续保持。 [且] 同一逻辑槽位的多个副本同时以互斥状态出现。",
P17,/home/liuzhirui/Project/physGen/code/v3/outputs/trace_writer/trace-v3-m3-phase5/P17/i2v/seed_000042/video.mp4,"The open left hand presses the rectangular yellow sponge on the white marble surface, lifts, and the sponge recovers.",张开的左手按压白色大理石表面上的长方形黄色海绵，随后抬起，海绵恢复原状。,setup,准备/初始阶段,the open palm reaches the yellow sponge top happens BEFORE yellow vertical extent decreases.,张开的手掌触及黄色海绵顶部先于黄色物体的竖直高度减小发生。,[0] yellow vertical extent decreases is already present BEFORE the open palm reaches the yellow sponge top.,[0] 在张开的手掌触及黄色海绵顶部发生之前，黄色物体的竖直高度减小已经出现。,"[STAGE ENTITY INVENTORY] Present now: hand: exactly 1, state hand_state=hovering_above, required; sponge: exactly 1, state thickness=full_rectangular, required; surface: one declared collective group, required. Counts and identities stay fixed; no duplicate state copy is created. No additional external source, extra copy, unlisted object exists. All globally protected identity, shape, material, scene, and camera attributes stay unchanged. Declared source loss and result gain remain coupled. [VALID RELATION] the open palm reaches the yellow sponge top happens BEFORE yellow vertical extent decreases.",[阶段实体清单] 当前存在： 手（hand）: 恰好1个，状态 hand_state=hovering_above，必需; 海绵（sponge）: 恰好1个，状态 thickness=full_rectangular，必需; 表面（surface）: 1个已声明集合组，必需. 数量和身份保持固定；不创建重复的状态副本。 不存在额外的外部来源、额外副本或未列出的物体。 所有受全局保护的身份、形状、材质、场景和相机属性保持不变。 声明的来源减少与结果增加保持耦合。 [有效关系] 张开的手掌触及黄色海绵顶部先于黄色物体的竖直高度减小发生。,"[0] [STAGE ENTITY INVENTORY] Present now: hand: exactly 1, state hand_state=hovering_above, required; sponge: exactly 1, state thickness=full_rectangular, required; surface: one declared collective group, required. Counts and identities stay fixed; no duplicate state copy is created. No additional external source, extra copy, unlisted object exists. All globally protected identity, shape, material, scene, and camera attributes stay unchanged. Declared source loss and result gain remain coupled. [VIOLATED RELATION] yellow vertical extent decreases is already present BEFORE the open palm reaches the yellow sponge top.",[0] [阶段实体清单] 当前存在： 手（hand）: 恰好1个，状态 hand_state=hovering_above，必需; 海绵（sponge）: 恰好1个，状态 thickness=full_rectangular，必需; 表面（surface）: 1个已声明集合组，必需. 数量和身份保持固定；不创建重复的状态副本。 不存在额外的外部来源、额外副本或未列出的物体。 所有受全局保护的身份、形状、材质、场景和相机属性保持不变。 声明的来源减少与结果增加保持耦合。 [违规关系] 在张开的手掌触及黄色海绵顶部发生之前，黄色物体的竖直高度减小已经出现。,
P17,/home/liuzhirui/Project/physGen/code/v3/outputs/trace_writer/trace-v3-m3-phase5/P17/i2v/seed_000042/video.mp4,"The open left hand presses the rectangular yellow sponge on the white marble surface, lifts, and the sponge recovers.",张开的左手按压白色大理石表面上的长方形黄色海绵，随后抬起，海绵恢复原状。,onset,起始/触发阶段,the open palm reaches the yellow sponge top happens BEFORE yellow vertical extent decreases.,张开的手掌触及黄色海绵顶部先于黄色物体的竖直高度减小发生。,[0] yellow vertical extent decreases happens BEFORE the open palm reaches the yellow sponge top.,[0] 黄色物体的竖直高度减小先于张开的手掌触及黄色海绵顶部发生。,"[STAGE ENTITY INVENTORY] Present now: hand: exactly 1, state hand_state=hovering_above, transitioning; sponge: exactly 1, state thickness=full_rectangular, transitioning; surface: one declared collective group, required. Counts and identities stay fixed; no duplicate state copy is created. No additional external source, extra copy, unlisted object exists. All globally protected identity, shape, material, scene, and camera attributes stay unchanged. Declared source loss and result gain remain coupled. [VALID RELATION] the open palm reaches the yellow sponge top happens BEFORE yellow vertical extent decreases.",[阶段实体清单] 当前存在： 手（hand）: 恰好1个，状态 hand_state=hovering_above，正在过渡; 海绵（sponge）: 恰好1个，状态 thickness=full_rectangular，正在过渡; 表面（surface）: 1个已声明集合组，必需. 数量和身份保持固定；不创建重复的状态副本。 不存在额外的外部来源、额外副本或未列出的物体。 所有受全局保护的身份、形状、材质、场景和相机属性保持不变。 声明的来源减少与结果增加保持耦合。 [有效关系] 张开的手掌触及黄色海绵顶部先于黄色物体的竖直高度减小发生。,"[0] [STAGE ENTITY INVENTORY] Present now: hand: exactly 1, state hand_state=hovering_above, transitioning; sponge: exactly 1, state thickness=full_rectangular, transitioning; surface: one declared collective group, required. Counts and identities stay fixed; no duplicate state copy is created. No additional external source, extra copy, unlisted object exists. All globally protected identity, shape, material, scene, and camera attributes stay unchanged. Declared source loss and result gain remain coupled. [VIOLATED RELATION] yellow vertical extent decreases happens BEFORE the open palm reaches the yellow sponge top.",[0] [阶段实体清单] 当前存在： 手（hand）: 恰好1个，状态 hand_state=hovering_above，正在过渡; 海绵（sponge）: 恰好1个，状态 thickness=full_rectangular，正在过渡; 表面（surface）: 1个已声明集合组，必需. 数量和身份保持固定；不创建重复的状态副本。 不存在额外的外部来源、额外副本或未列出的物体。 所有受全局保护的身份、形状、材质、场景和相机属性保持不变。 声明的来源减少与结果增加保持耦合。 [违规关系] 黄色物体的竖直高度减小先于张开的手掌触及黄色海绵顶部发生。,
P17,/home/liuzhirui/Project/physGen/code/v3/outputs/trace_writer/trace-v3-m3-phase5/P17/i2v/seed_000042/video.mp4,"The open left hand presses the rectangular yellow sponge on the white marble surface, lifts, and the sponge recovers.",张开的左手按压白色大理石表面上的长方形黄色海绵，随后抬起，海绵恢复原状。,evolution,演化阶段,The declared change yellow vertical extent decreases occurs in its stated direction.,已声明的变化“黄色物体的竖直高度减小”按规定方向发生。,[0] The declared cause occurs BUT the required target change does not become visible.,[0] 声明的原因已经发生，但所要求的目标变化没有变得可见。,"[STAGE ENTITY INVENTORY] Present now: hand: exactly 1, state hand_state=pressing, required; sponge: exactly 1, state thickness=flat, required; surface: one declared collective group, required. Counts and identities stay fixed; no duplicate state copy is created. No additional external source, extra copy, unlisted object exists. All globally protected identity, shape, material, scene, and camera attributes stay unchanged. Declared source loss and result gain remain coupled. [VALID RELATION] The declared change yellow vertical extent decreases occurs in its stated direction.",[阶段实体清单] 当前存在： 手（hand）: 恰好1个，状态 hand_state=pressing，必需; 海绵（sponge）: 恰好1个，状态 thickness=flat，必需; 表面（surface）: 1个已声明集合组，必需. 数量和身份保持固定；不创建重复的状态副本。 不存在额外的外部来源、额外副本或未列出的物体。 所有受全局保护的身份、形状、材质、场景和相机属性保持不变。 声明的来源减少与结果增加保持耦合。 [有效关系] 已声明的变化“黄色物体的竖直高度减小”按规定方向发生。,"[0] [STAGE ENTITY INVENTORY] Present now: hand: exactly 1, state hand_state=pressing, required; sponge: exactly 1, state thickness=flat, required; surface: one declared collective group, required. Counts and identities stay fixed; no duplicate state copy is created. No additional external source, extra copy, unlisted object exists. All globally protected identity, shape, material, scene, and camera attributes stay unchanged. Declared source loss and result gain remain coupled. [VIOLATED RELATION] The declared cause occurs BUT the required target change does not become visible.",[0] [阶段实体清单] 当前存在： 手（hand）: 恰好1个，状态 hand_state=pressing，必需; 海绵（sponge）: 恰好1个，状态 thickness=flat，必需; 表面（surface）: 1个已声明集合组，必需. 数量和身份保持固定；不创建重复的状态副本。 不存在额外的外部来源、额外副本或未列出的物体。 所有受全局保护的身份、形状、材质、场景和相机属性保持不变。 声明的来源减少与结果增加保持耦合。 [违规关系] 声明的原因已经发生，但所要求的目标变化没有变得可见。,
P17,/home/liuzhirui/Project/physGen/code/v3/outputs/trace_writer/trace-v3-m3-phase5/P17/i2v/seed_000042/video.mp4,"The open left hand presses the rectangular yellow sponge on the white marble surface, lifts, and the sponge recovers.",张开的左手按压白色大理石表面上的长方形黄色海绵，随后抬起，海绵恢复原状。,completion,完成阶段,The declared change yellow vertical extent rises gradually occurs in its stated direction.,已声明的变化“黄色物体的竖直高度逐渐回升”按规定方向发生。,[0] The declared cause occurs BUT the required target change does not become visible.,[0] 声明的原因已经发生，但所要求的目标变化没有变得可见。,"[STAGE ENTITY INVENTORY] Present now: hand: exactly 1, state hand_state=lifted_above, transitioning; sponge: exactly 1, state thickness=recovered_rectangular, transitioning; surface: one declared collective group, required. Counts and identities stay fixed; no duplicate state copy is created. No additional external source, extra copy, unlisted object exists. All globally protected identity, shape, material, scene, and camera attributes stay unchanged. Declared source loss and result gain remain coupled. [VALID RELATION] The declared change yellow vertical extent rises gradually occurs in its stated direction.",[阶段实体清单] 当前存在： 手（hand）: 恰好1个，状态 hand_state=lifted_above，正在过渡; 海绵（sponge）: 恰好1个，状态 thickness=recovered_rectangular，正在过渡; 表面（surface）: 1个已声明集合组，必需. 数量和身份保持固定；不创建重复的状态副本。 不存在额外的外部来源、额外副本或未列出的物体。 所有受全局保护的身份、形状、材质、场景和相机属性保持不变。 声明的来源减少与结果增加保持耦合。 [有效关系] 已声明的变化“黄色物体的竖直高度逐渐回升”按规定方向发生。,"[0] [STAGE ENTITY INVENTORY] Present now: hand: exactly 1, state hand_state=lifted_above, transitioning; sponge: exactly 1, state thickness=recovered_rectangular, transitioning; surface: one declared collective group, required. Counts and identities stay fixed; no duplicate state copy is created. No additional external source, extra copy, unlisted object exists. All globally protected identity, shape, material, scene, and camera attributes stay unchanged. Declared source loss and result gain remain coupled. [VIOLATED RELATION] The declared cause occurs BUT the required target change does not become visible.",[0] [阶段实体清单] 当前存在： 手（hand）: 恰好1个，状态 hand_state=lifted_above，正在过渡; 海绵（sponge）: 恰好1个，状态 thickness=recovered_rectangular，正在过渡; 表面（surface）: 1个已声明集合组，必需. 数量和身份保持固定；不创建重复的状态副本。 不存在额外的外部来源、额外副本或未列出的物体。 所有受全局保护的身份、形状、材质、场景和相机属性保持不变。 声明的来源减少与结果增加保持耦合。 [违规关系] 声明的原因已经发生，但所要求的目标变化没有变得可见。,
P17,/home/liuzhirui/Project/physGen/code/v3/outputs/trace_writer/trace-v3-m3-phase5/P17/i2v/seed_000042/video.mp4,"The open left hand presses the rectangular yellow sponge on the white marble surface, lifts, and the sponge recovers.",张开的左手按压白色大理石表面上的长方形黄色海绵，随后抬起，海绵恢复原状。,terminal,终止/保持阶段,"The terminal facts hand_state=lifted_above, thickness=recovered_rectangular REMAIN through the final frames. [AND] The same logical slot has only its valid state; mutually exclusive facts thickness=flat, thickness=recovered_rectangular do not coexist.",最终事实 hand_state=lifted_above（手已抬起）、thickness=recovered_rectangular（恢复长方形厚度） 在最后几帧持续保持。 [且] 同一逻辑槽位只具有其有效状态；互斥事实 thickness=flat（压扁）与 thickness=recovered_rectangular（恢复长方形厚度） 不会共存。,"[0] The valid terminal state returns to its mutually exclusive earlier state. [AND] The same logical slot has only its valid state; mutually exclusive facts thickness=flat, thickness=recovered_rectangular do not coexist.
[1] The terminal facts hand_state=lifted_above, thickness=recovered_rectangular REMAIN through the final frames. [AND] Copies of the same logical slot appear in mutually exclusive states at the same time.","[0] 有效的终止状态恢复成与其互斥的较早状态。 [且] 同一逻辑槽位只具有其有效状态；互斥事实 thickness=flat（压扁）与 thickness=recovered_rectangular（恢复长方形厚度） 不会共存。
[1] 最终事实 hand_state=lifted_above（手已抬起）、thickness=recovered_rectangular（恢复长方形厚度） 在最后几帧持续保持。 [且] 同一逻辑槽位的多个副本同时以互斥状态出现。","[STAGE ENTITY INVENTORY] Present now: hand: exactly 1, state hand_state=lifted_above, required; sponge: exactly 1, state thickness=recovered_rectangular, required; surface: one declared collective group, required. Counts and identities stay fixed; no duplicate state copy is created. No additional external source, extra copy, unlisted object exists. All globally protected identity, shape, material, scene, and camera attributes stay unchanged. Declared source loss and result gain remain coupled. [VALID RELATION] The terminal facts hand_state=lifted_above, thickness=recovered_rectangular REMAIN through the final frames. [AND] The same logical slot has only its valid state; mutually exclusive facts thickness=flat, thickness=recovered_rectangular do not coexist.",[阶段实体清单] 当前存在： 手（hand）: 恰好1个，状态 hand_state=lifted_above，必需; 海绵（sponge）: 恰好1个，状态 thickness=recovered_rectangular，必需; 表面（surface）: 1个已声明集合组，必需. 数量和身份保持固定；不创建重复的状态副本。 不存在额外的外部来源、额外副本或未列出的物体。 所有受全局保护的身份、形状、材质、场景和相机属性保持不变。 声明的来源减少与结果增加保持耦合。 [有效关系] 最终事实 hand_state=lifted_above（手已抬起）、thickness=recovered_rectangular（恢复长方形厚度） 在最后几帧持续保持。 [且] 同一逻辑槽位只具有其有效状态；互斥事实 thickness=flat（压扁）与 thickness=recovered_rectangular（恢复长方形厚度） 不会共存。,"[0] [STAGE ENTITY INVENTORY] Present now: hand: exactly 1, state hand_state=lifted_above, required; sponge: exactly 1, state thickness=recovered_rectangular, required; surface: one declared collective group, required. Counts and identities stay fixed; no duplicate state copy is created. No additional external source, extra copy, unlisted object exists. All globally protected identity, shape, material, scene, and camera attributes stay unchanged. Declared source loss and result gain remain coupled. [VIOLATED RELATION] The valid terminal state returns to its mutually exclusive earlier state. [AND] The same logical slot has only its valid state; mutually exclusive facts thickness=flat, thickness=recovered_rectangular do not coexist.
[1] [STAGE ENTITY INVENTORY] Present now: hand: exactly 1, state hand_state=lifted_above, required; sponge: exactly 1, state thickness=recovered_rectangular, required; surface: one declared collective group, required. Counts and identities stay fixed; no duplicate state copy is created. No additional external source, extra copy, unlisted object exists. All globally protected identity, shape, material, scene, and camera attributes stay unchanged. Declared source loss and result gain remain coupled. [VIOLATED RELATION] The terminal facts hand_state=lifted_above, thickness=recovered_rectangular REMAIN through the final frames. [AND] Copies of the same logical slot appear in mutually exclusive states at the same time.","[0] [阶段实体清单] 当前存在： 手（hand）: 恰好1个，状态 hand_state=lifted_above，必需; 海绵（sponge）: 恰好1个，状态 thickness=recovered_rectangular，必需; 表面（surface）: 1个已声明集合组，必需. 数量和身份保持固定；不创建重复的状态副本。 不存在额外的外部来源、额外副本或未列出的物体。 所有受全局保护的身份、形状、材质、场景和相机属性保持不变。 声明的来源减少与结果增加保持耦合。 [违规关系] 有效的终止状态恢复成与其互斥的较早状态。 [且] 同一逻辑槽位只具有其有效状态；互斥事实 thickness=flat（压扁）与 thickness=recovered_rectangular（恢复长方形厚度） 不会共存。
[1] [阶段实体清单] 当前存在： 手（hand）: 恰好1个，状态 hand_state=lifted_above，必需; 海绵（sponge）: 恰好1个，状态 thickness=recovered_rectangular，必需; 表面（surface）: 1个已声明集合组，必需. 数量和身份保持固定；不创建重复的状态副本。 不存在额外的外部来源、额外副本或未列出的物体。 所有受全局保护的身份、形状、材质、场景和相机属性保持不变。 声明的来源减少与结果增加保持耦合。 [违规关系] 最终事实 hand_state=lifted_above（手已抬起）、thickness=recovered_rectangular（恢复长方形厚度） 在最后几帧持续保持。 [且] 同一逻辑槽位的多个副本同时以互斥状态出现。",
P18,/home/liuzhirui/Project/physGen/code/v3/outputs/trace_writer/trace-v3-m3-phase5/P18/i2v/seed_000042/video.mp4,"The single red rubber ball drops through the centered vertical corridor onto the smooth gray floor, bounces lower, and rests.",单个红色橡胶球沿中央竖直通道落到光滑灰色地面，反弹高度逐渐降低，最后静止。,setup,准备/初始阶段,the red ball first reaches the smooth gray floor happens BEFORE red-ball rebounds decay to stillness.,红球首次抵达光滑灰色地面先于红球反弹逐渐衰减至静止发生。,[0] red-ball rebounds decay to stillness is already present BEFORE the red ball first reaches the smooth gray floor.,[0] 在红球首次抵达光滑灰色地面发生之前，红球反弹逐渐衰减至静止已经出现。,"[STAGE ENTITY INVENTORY] Present now: ball: exactly 1, state height_state=upper_center, motion_state=falling, peak_envelope=initial_gap, required; floor: one declared collective group, required. Counts and identities stay fixed; no duplicate state copy is created. No additional external source, extra copy, unlisted object exists. All globally protected identity, shape, material, scene, and camera attributes stay unchanged. Declared source loss and result gain remain coupled. [VALID RELATION] the red ball first reaches the smooth gray floor happens BEFORE red-ball rebounds decay to stillness.","[阶段实体清单] 当前存在： 球（ball）: 恰好1个，状态 height_state=upper_center, motion_state=falling, peak_envelope=initial_gap，必需; 地面（floor）: 1个已声明集合组，必需. 数量和身份保持固定；不创建重复的状态副本。 不存在额外的外部来源、额外副本或未列出的物体。 所有受全局保护的身份、形状、材质、场景和相机属性保持不变。 声明的来源减少与结果增加保持耦合。 [有效关系] 红球首次抵达光滑灰色地面先于红球反弹逐渐衰减至静止发生。","[0] [STAGE ENTITY INVENTORY] Present now: ball: exactly 1, state height_state=upper_center, motion_state=falling, peak_envelope=initial_gap, required; floor: one declared collective group, required. Counts and identities stay fixed; no duplicate state copy is created. No additional external source, extra copy, unlisted object exists. All globally protected identity, shape, material, scene, and camera attributes stay unchanged. Declared source loss and result gain remain coupled. [VIOLATED RELATION] red-ball rebounds decay to stillness is already present BEFORE the red ball first reaches the smooth gray floor.","[0] [阶段实体清单] 当前存在： 球（ball）: 恰好1个，状态 height_state=upper_center, motion_state=falling, peak_envelope=initial_gap，必需; 地面（floor）: 1个已声明集合组，必需. 数量和身份保持固定；不创建重复的状态副本。 不存在额外的外部来源、额外副本或未列出的物体。 所有受全局保护的身份、形状、材质、场景和相机属性保持不变。 声明的来源减少与结果增加保持耦合。 [违规关系] 在红球首次抵达光滑灰色地面发生之前，红球反弹逐渐衰减至静止已经出现。",
P18,/home/liuzhirui/Project/physGen/code/v3/outputs/trace_writer/trace-v3-m3-phase5/P18/i2v/seed_000042/video.mp4,"The single red rubber ball drops through the centered vertical corridor onto the smooth gray floor, bounces lower, and rests.",单个红色橡胶球沿中央竖直通道落到光滑灰色地面，反弹高度逐渐降低，最后静止。,onset,起始/触发阶段,the red ball first reaches the smooth gray floor happens BEFORE red-ball rebounds decay to stillness.,红球首次抵达光滑灰色地面先于红球反弹逐渐衰减至静止发生。,[0] red-ball rebounds decay to stillness happens BEFORE the red ball first reaches the smooth gray floor.,[0] 红球反弹逐渐衰减至静止先于红球首次抵达光滑灰色地面发生。,"[STAGE ENTITY INVENTORY] Present now: ball: exactly 1, state height_state=upper_center, motion_state=falling, peak_envelope=initial_gap, transitioning; floor: one declared collective group, transitioning. Counts and identities stay fixed; no duplicate state copy is created. No additional external source, extra copy, unlisted object exists. All globally protected identity, shape, material, scene, and camera attributes stay unchanged. Declared source loss and result gain remain coupled. [VALID RELATION] the red ball first reaches the smooth gray floor happens BEFORE red-ball rebounds decay to stillness.","[阶段实体清单] 当前存在： 球（ball）: 恰好1个，状态 height_state=upper_center, motion_state=falling, peak_envelope=initial_gap，正在过渡; 地面（floor）: 1个已声明集合组，正在过渡. 数量和身份保持固定；不创建重复的状态副本。 不存在额外的外部来源、额外副本或未列出的物体。 所有受全局保护的身份、形状、材质、场景和相机属性保持不变。 声明的来源减少与结果增加保持耦合。 [有效关系] 红球首次抵达光滑灰色地面先于红球反弹逐渐衰减至静止发生。","[0] [STAGE ENTITY INVENTORY] Present now: ball: exactly 1, state height_state=upper_center, motion_state=falling, peak_envelope=initial_gap, transitioning; floor: one declared collective group, transitioning. Counts and identities stay fixed; no duplicate state copy is created. No additional external source, extra copy, unlisted object exists. All globally protected identity, shape, material, scene, and camera attributes stay unchanged. Declared source loss and result gain remain coupled. [VIOLATED RELATION] red-ball rebounds decay to stillness happens BEFORE the red ball first reaches the smooth gray floor.","[0] [阶段实体清单] 当前存在： 球（ball）: 恰好1个，状态 height_state=upper_center, motion_state=falling, peak_envelope=initial_gap，正在过渡; 地面（floor）: 1个已声明集合组，正在过渡. 数量和身份保持固定；不创建重复的状态副本。 不存在额外的外部来源、额外副本或未列出的物体。 所有受全局保护的身份、形状、材质、场景和相机属性保持不变。 声明的来源减少与结果增加保持耦合。 [违规关系] 红球反弹逐渐衰减至静止先于红球首次抵达光滑灰色地面发生。",
P18,/home/liuzhirui/Project/physGen/code/v3/outputs/trace_writer/trace-v3-m3-phase5/P18/i2v/seed_000042/video.mp4,"The single red rubber ball drops through the centered vertical corridor onto the smooth gray floor, bounces lower, and rests.",单个红色橡胶球沿中央竖直通道落到光滑灰色地面，反弹高度逐渐降低，最后静止。,evolution,演化阶段,The coupled changes occur together: red-ball vertical path converges to floor WHILE red-ball rebounds decay to stillness WHILE each wall-referenced peak is lower.,耦合变化同时发生：红球的竖直轨迹收敛到地面，同时反弹逐渐衰减至静止，且每个以墙面为参照的峰值都更低。,[0] Only one coupled change occurs while the other remains unchanged: red-ball vertical path converges to floor; red-ball rebounds decay to stillness; each wall-referenced peak is lower.,[0] 只有一个耦合变化发生，另一个保持不变：红球的竖直轨迹收敛到地面；反弹逐渐衰减至静止；每个以墙面为参照的峰值都更低。,"[STAGE ENTITY INVENTORY] Present now: ball: exactly 1, state height_state=resting_at_floor, motion_state=resting, peak_envelope=decreasing_to_zero, required; floor: one declared collective group, required. Counts and identities stay fixed; no duplicate state copy is created. No additional external source, extra copy, unlisted object exists. All globally protected identity, shape, material, scene, and camera attributes stay unchanged. Declared source loss and result gain remain coupled. [VALID RELATION] The coupled changes occur together: red-ball vertical path converges to floor WHILE red-ball rebounds decay to stillness WHILE each wall-referenced peak is lower.","[阶段实体清单] 当前存在： 球（ball）: 恰好1个，状态 height_state=resting_at_floor, motion_state=resting, peak_envelope=decreasing_to_zero，必需; 地面（floor）: 1个已声明集合组，必需. 数量和身份保持固定；不创建重复的状态副本。 不存在额外的外部来源、额外副本或未列出的物体。 所有受全局保护的身份、形状、材质、场景和相机属性保持不变。 声明的来源减少与结果增加保持耦合。 [有效关系] 耦合变化同时发生：红球的竖直轨迹收敛到地面，同时反弹逐渐衰减至静止，且每个以墙面为参照的峰值都更低。","[0] [STAGE ENTITY INVENTORY] Present now: ball: exactly 1, state height_state=resting_at_floor, motion_state=resting, peak_envelope=decreasing_to_zero, required; floor: one declared collective group, required. Counts and identities stay fixed; no duplicate state copy is created. No additional external source, extra copy, unlisted object exists. All globally protected identity, shape, material, scene, and camera attributes stay unchanged. Declared source loss and result gain remain coupled. [VIOLATED RELATION] Only one coupled change occurs while the other remains unchanged: red-ball vertical path converges to floor; red-ball rebounds decay to stillness; each wall-referenced peak is lower.","[0] [阶段实体清单] 当前存在： 球（ball）: 恰好1个，状态 height_state=resting_at_floor, motion_state=resting, peak_envelope=decreasing_to_zero，必需; 地面（floor）: 1个已声明集合组，必需. 数量和身份保持固定；不创建重复的状态副本。 不存在额外的外部来源、额外副本或未列出的物体。 所有受全局保护的身份、形状、材质、场景和相机属性保持不变。 声明的来源减少与结果增加保持耦合。 [违规关系] 只有一个耦合变化发生，另一个保持不变：红球的竖直轨迹收敛到地面；反弹逐渐衰减至静止；每个以墙面为参照的峰值都更低。",
P18,/home/liuzhirui/Project/physGen/code/v3/outputs/trace_writer/trace-v3-m3-phase5/P18/i2v/seed_000042/video.mp4,"The single red rubber ball drops through the centered vertical corridor onto the smooth gray floor, bounces lower, and rests.",单个红色橡胶球沿中央竖直通道落到光滑灰色地面，反弹高度逐渐降低，最后静止。,completion,完成阶段,The coupled changes occur together: red-ball vertical path converges to floor WHILE red-ball rebounds decay to stillness WHILE each wall-referenced peak is lower.,耦合变化同时发生：红球的竖直轨迹收敛到地面，同时反弹逐渐衰减至静止，且每个以墙面为参照的峰值都更低。,[0] The same declared property changes in the opposite or out-of-range direction.,[0] 同一项已声明属性朝相反方向变化，或变化超出规定范围。,"[STAGE ENTITY INVENTORY] Present now: ball: exactly 1, state height_state=resting_at_floor, motion_state=resting, peak_envelope=decreasing_to_zero, transitioning; floor: one declared collective group, transitioning. Counts and identities stay fixed; no duplicate state copy is created. No additional external source, extra copy, unlisted object exists. All globally protected identity, shape, material, scene, and camera attributes stay unchanged. Declared source loss and result gain remain coupled. [VALID RELATION] The coupled changes occur together: red-ball vertical path converges to floor WHILE red-ball rebounds decay to stillness WHILE each wall-referenced peak is lower.","[阶段实体清单] 当前存在： 球（ball）: 恰好1个，状态 height_state=resting_at_floor, motion_state=resting, peak_envelope=decreasing_to_zero，正在过渡; 地面（floor）: 1个已声明集合组，正在过渡. 数量和身份保持固定；不创建重复的状态副本。 不存在额外的外部来源、额外副本或未列出的物体。 所有受全局保护的身份、形状、材质、场景和相机属性保持不变。 声明的来源减少与结果增加保持耦合。 [有效关系] 耦合变化同时发生：红球的竖直轨迹收敛到地面，同时反弹逐渐衰减至静止，且每个以墙面为参照的峰值都更低。","[0] [STAGE ENTITY INVENTORY] Present now: ball: exactly 1, state height_state=resting_at_floor, motion_state=resting, peak_envelope=decreasing_to_zero, transitioning; floor: one declared collective group, transitioning. Counts and identities stay fixed; no duplicate state copy is created. No additional external source, extra copy, unlisted object exists. All globally protected identity, shape, material, scene, and camera attributes stay unchanged. Declared source loss and result gain remain coupled. [VIOLATED RELATION] The same declared property changes in the opposite or out-of-range direction.","[0] [阶段实体清单] 当前存在： 球（ball）: 恰好1个，状态 height_state=resting_at_floor, motion_state=resting, peak_envelope=decreasing_to_zero，正在过渡; 地面（floor）: 1个已声明集合组，正在过渡. 数量和身份保持固定；不创建重复的状态副本。 不存在额外的外部来源、额外副本或未列出的物体。 所有受全局保护的身份、形状、材质、场景和相机属性保持不变。 声明的来源减少与结果增加保持耦合。 [违规关系] 同一项已声明属性朝相反方向变化，或变化超出规定范围。",
P18,/home/liuzhirui/Project/physGen/code/v3/outputs/trace_writer/trace-v3-m3-phase5/P18/i2v/seed_000042/video.mp4,"The single red rubber ball drops through the centered vertical corridor onto the smooth gray floor, bounces lower, and rests.",单个红色橡胶球沿中央竖直通道落到光滑灰色地面，反弹高度逐渐降低，最后静止。,terminal,终止/保持阶段,"The terminal facts height_state=resting_at_floor, motion_state=resting, peak_envelope=decreasing_to_zero REMAIN through the final frames. [AND] The same logical slot has only its valid state; mutually exclusive facts motion_state=bouncing, motion_state=resting do not coexist.",最终事实 height_state=resting_at_floor（静止于地面）、motion_state=resting（静止）、peak_envelope=decreasing_to_zero（峰值包络递减至零） 在最后几帧持续保持。 [且] 同一逻辑槽位只具有其有效状态；互斥事实 motion_state=bouncing（弹跳）与 motion_state=resting（静止） 不会共存。,"[0] The valid terminal state returns to its mutually exclusive earlier state. [AND] The same logical slot has only its valid state; mutually exclusive facts motion_state=bouncing, motion_state=resting do not coexist.
[1] The terminal facts height_state=resting_at_floor, motion_state=resting, peak_envelope=decreasing_to_zero REMAIN through the final frames. [AND] Copies of the same logical slot appear in mutually exclusive states at the same time.","[0] 有效的终止状态恢复成与其互斥的较早状态。 [且] 同一逻辑槽位只具有其有效状态；互斥事实 motion_state=bouncing（弹跳）与 motion_state=resting（静止） 不会共存。
[1] 最终事实 height_state=resting_at_floor（静止于地面）、motion_state=resting（静止）、peak_envelope=decreasing_to_zero（峰值包络递减至零） 在最后几帧持续保持。 [且] 同一逻辑槽位的多个副本同时以互斥状态出现。","[STAGE ENTITY INVENTORY] Present now: ball: exactly 1, state height_state=resting_at_floor, motion_state=resting, peak_envelope=decreasing_to_zero, required; floor: one declared collective group, required. Counts and identities stay fixed; no duplicate state copy is created. No additional external source, extra copy, unlisted object exists. All globally protected identity, shape, material, scene, and camera attributes stay unchanged. Declared source loss and result gain remain coupled. [VALID RELATION] The terminal facts height_state=resting_at_floor, motion_state=resting, peak_envelope=decreasing_to_zero REMAIN through the final frames. [AND] The same logical slot has only its valid state; mutually exclusive facts motion_state=bouncing, motion_state=resting do not coexist.","[阶段实体清单] 当前存在： 球（ball）: 恰好1个，状态 height_state=resting_at_floor, motion_state=resting, peak_envelope=decreasing_to_zero，必需; 地面（floor）: 1个已声明集合组，必需. 数量和身份保持固定；不创建重复的状态副本。 不存在额外的外部来源、额外副本或未列出的物体。 所有受全局保护的身份、形状、材质、场景和相机属性保持不变。 声明的来源减少与结果增加保持耦合。 [有效关系] 最终事实 height_state=resting_at_floor（静止于地面）、motion_state=resting（静止）、peak_envelope=decreasing_to_zero（峰值包络递减至零） 在最后几帧持续保持。 [且] 同一逻辑槽位只具有其有效状态；互斥事实 motion_state=bouncing（弹跳）与 motion_state=resting（静止） 不会共存。","[0] [STAGE ENTITY INVENTORY] Present now: ball: exactly 1, state height_state=resting_at_floor, motion_state=resting, peak_envelope=decreasing_to_zero, required; floor: one declared collective group, required. Counts and identities stay fixed; no duplicate state copy is created. No additional external source, extra copy, unlisted object exists. All globally protected identity, shape, material, scene, and camera attributes stay unchanged. Declared source loss and result gain remain coupled. [VIOLATED RELATION] The valid terminal state returns to its mutually exclusive earlier state. [AND] The same logical slot has only its valid state; mutually exclusive facts motion_state=bouncing, motion_state=resting do not coexist.
[1] [STAGE ENTITY INVENTORY] Present now: ball: exactly 1, state height_state=resting_at_floor, motion_state=resting, peak_envelope=decreasing_to_zero, required; floor: one declared collective group, required. Counts and identities stay fixed; no duplicate state copy is created. No additional external source, extra copy, unlisted object exists. All globally protected identity, shape, material, scene, and camera attributes stay unchanged. Declared source loss and result gain remain coupled. [VIOLATED RELATION] The terminal facts height_state=resting_at_floor, motion_state=resting, peak_envelope=decreasing_to_zero REMAIN through the final frames. [AND] Copies of the same logical slot appear in mutually exclusive states at the same time.","[0] [阶段实体清单] 当前存在： 球（ball）: 恰好1个，状态 height_state=resting_at_floor, motion_state=resting, peak_envelope=decreasing_to_zero，必需; 地面（floor）: 1个已声明集合组，必需. 数量和身份保持固定；不创建重复的状态副本。 不存在额外的外部来源、额外副本或未列出的物体。 所有受全局保护的身份、形状、材质、场景和相机属性保持不变。 声明的来源减少与结果增加保持耦合。 [违规关系] 有效的终止状态恢复成与其互斥的较早状态。 [且] 同一逻辑槽位只具有其有效状态；互斥事实 motion_state=bouncing（弹跳）与 motion_state=resting（静止） 不会共存。
[1] [阶段实体清单] 当前存在： 球（ball）: 恰好1个，状态 height_state=resting_at_floor, motion_state=resting, peak_envelope=decreasing_to_zero，必需; 地面（floor）: 1个已声明集合组，必需. 数量和身份保持固定；不创建重复的状态副本。 不存在额外的外部来源、额外副本或未列出的物体。 所有受全局保护的身份、形状、材质、场景和相机属性保持不变。 声明的来源减少与结果增加保持耦合。 [违规关系] 最终事实 height_state=resting_at_floor（静止于地面）、motion_state=resting（静止）、peak_envelope=decreasing_to_zero（峰值包络递减至零） 在最后几帧持续保持。 [且] 同一逻辑槽位的多个副本同时以互斥状态出现。",
P19,/home/liuzhirui/Project/physGen/code/v3/outputs/trace_writer/trace-v3-m3-phase5/P19/i2v/seed_000042/video.mp4,The wide white horizontal sheet tears downward and outward from its single small top-edge notch and separates into two pieces.,宽大的白色水平纸张从顶部边缘的单个小缺口向下并向外撕裂，分成两片。,setup,准备/初始阶段,the centered top-edge notch first lengthens downward happens BEFORE white rectangle divides into two regions.,顶部边缘中央的缺口首次向下延长先于白色长方形分成两个区域发生。,[0] white rectangle divides into two regions is already present BEFORE the centered top-edge notch first lengthens downward.,[0] 在顶部边缘中央的缺口首次向下延长发生之前，白色长方形分成两个区域已经出现。,"[STAGE ENTITY INVENTORY] Present now: paper: exactly 1, state tear_extent=small_top_notch, integrity=one_wide_sheet, separation=connected, required. Counts and identities stay fixed; no duplicate state copy is created. No additional external source, extra copy, unlisted object exists. All globally protected identity, shape, material, scene, and camera attributes stay unchanged. Declared source loss and result gain remain coupled. [VALID RELATION] the centered top-edge notch first lengthens downward happens BEFORE white rectangle divides into two regions.","[阶段实体清单] 当前存在： 纸张（paper）: 恰好1个，状态 tear_extent=small_top_notch, integrity=one_wide_sheet, separation=connected，必需. 数量和身份保持固定；不创建重复的状态副本。 不存在额外的外部来源、额外副本或未列出的物体。 所有受全局保护的身份、形状、材质、场景和相机属性保持不变。 声明的来源减少与结果增加保持耦合。 [有效关系] 顶部边缘中央的缺口首次向下延长先于白色长方形分成两个区域发生。","[0] [STAGE ENTITY INVENTORY] Present now: paper: exactly 1, state tear_extent=small_top_notch, integrity=one_wide_sheet, separation=connected, required. Counts and identities stay fixed; no duplicate state copy is created. No additional external source, extra copy, unlisted object exists. All globally protected identity, shape, material, scene, and camera attributes stay unchanged. Declared source loss and result gain remain coupled. [VIOLATED RELATION] white rectangle divides into two regions is already present BEFORE the centered top-edge notch first lengthens downward.","[0] [阶段实体清单] 当前存在： 纸张（paper）: 恰好1个，状态 tear_extent=small_top_notch, integrity=one_wide_sheet, separation=connected，必需. 数量和身份保持固定；不创建重复的状态副本。 不存在额外的外部来源、额外副本或未列出的物体。 所有受全局保护的身份、形状、材质、场景和相机属性保持不变。 声明的来源减少与结果增加保持耦合。 [违规关系] 在顶部边缘中央的缺口首次向下延长发生之前，白色长方形分成两个区域已经出现。",
P19,/home/liuzhirui/Project/physGen/code/v3/outputs/trace_writer/trace-v3-m3-phase5/P19/i2v/seed_000042/video.mp4,The wide white horizontal sheet tears downward and outward from its single small top-edge notch and separates into two pieces.,宽大的白色水平纸张从顶部边缘的单个小缺口向下并向外撕裂，分成两片。,onset,起始/触发阶段,the centered top-edge notch first lengthens downward happens BEFORE white rectangle divides into two regions.,顶部边缘中央的缺口首次向下延长先于白色长方形分成两个区域发生。,[0] white rectangle divides into two regions happens BEFORE the centered top-edge notch first lengthens downward.,[0] 白色长方形分成两个区域先于顶部边缘中央的缺口首次向下延长发生。,"[STAGE ENTITY INVENTORY] Present now: paper: exactly 1, state tear_extent=small_top_notch, integrity=one_wide_sheet, separation=connected, transitioning. Counts and identities stay fixed; no duplicate state copy is created. No additional external source, extra copy, unlisted object exists. All globally protected identity, shape, material, scene, and camera attributes stay unchanged. Declared source loss and result gain remain coupled. [VALID RELATION] the centered top-edge notch first lengthens downward happens BEFORE white rectangle divides into two regions.","[阶段实体清单] 当前存在： 纸张（paper）: 恰好1个，状态 tear_extent=small_top_notch, integrity=one_wide_sheet, separation=connected，正在过渡. 数量和身份保持固定；不创建重复的状态副本。 不存在额外的外部来源、额外副本或未列出的物体。 所有受全局保护的身份、形状、材质、场景和相机属性保持不变。 声明的来源减少与结果增加保持耦合。 [有效关系] 顶部边缘中央的缺口首次向下延长先于白色长方形分成两个区域发生。","[0] [STAGE ENTITY INVENTORY] Present now: paper: exactly 1, state tear_extent=small_top_notch, integrity=one_wide_sheet, separation=connected, transitioning. Counts and identities stay fixed; no duplicate state copy is created. No additional external source, extra copy, unlisted object exists. All globally protected identity, shape, material, scene, and camera attributes stay unchanged. Declared source loss and result gain remain coupled. [VIOLATED RELATION] white rectangle divides into two regions happens BEFORE the centered top-edge notch first lengthens downward.","[0] [阶段实体清单] 当前存在： 纸张（paper）: 恰好1个，状态 tear_extent=small_top_notch, integrity=one_wide_sheet, separation=connected，正在过渡. 数量和身份保持固定；不创建重复的状态副本。 不存在额外的外部来源、额外副本或未列出的物体。 所有受全局保护的身份、形状、材质、场景和相机属性保持不变。 声明的来源减少与结果增加保持耦合。 [违规关系] 白色长方形分成两个区域先于顶部边缘中央的缺口首次向下延长发生。",
P19,/home/liuzhirui/Project/physGen/code/v3/outputs/trace_writer/trace-v3-m3-phase5/P19/i2v/seed_000042/video.mp4,The wide white horizontal sheet tears downward and outward from its single small top-edge notch and separates into two pieces.,宽大的白色水平纸张从顶部边缘的单个小缺口向下并向外撕裂，分成两片。,evolution,演化阶段,The declared change gray slit lengthens downward occurs in its stated direction.,已声明的变化“灰色裂缝向下延长”按规定方向发生。,[0] Only one coupled change occurs while the other remains unchanged: .,[0] 只有一个耦合变化发生，而另一个保持不变：（源编译文本此处为空）。,"[STAGE ENTITY INVENTORY] Present now: paper: exactly 1, state tear_extent=full_vertical_tear, integrity=two_white_pieces, separation=apart, required. Counts and identities stay fixed; no duplicate state copy is created. No additional external source, extra copy, unlisted object exists. All globally protected identity, shape, material, scene, and camera attributes stay unchanged. Declared source loss and result gain remain coupled. [VALID RELATION] The declared change gray slit lengthens downward occurs in its stated direction.","[阶段实体清单] 当前存在： 纸张（paper）: 恰好1个，状态 tear_extent=full_vertical_tear, integrity=two_white_pieces, separation=apart，必需. 数量和身份保持固定；不创建重复的状态副本。 不存在额外的外部来源、额外副本或未列出的物体。 所有受全局保护的身份、形状、材质、场景和相机属性保持不变。 声明的来源减少与结果增加保持耦合。 [有效关系] 已声明的变化“灰色裂缝向下延长”按规定方向发生。","[0] [STAGE ENTITY INVENTORY] Present now: paper: exactly 1, state tear_extent=full_vertical_tear, integrity=two_white_pieces, separation=apart, required. Counts and identities stay fixed; no duplicate state copy is created. No additional external source, extra copy, unlisted object exists. All globally protected identity, shape, material, scene, and camera attributes stay unchanged. Declared source loss and result gain remain coupled. [VIOLATED RELATION] Only one coupled change occurs while the other remains unchanged: .","[0] [阶段实体清单] 当前存在： 纸张（paper）: 恰好1个，状态 tear_extent=full_vertical_tear, integrity=two_white_pieces, separation=apart，必需. 数量和身份保持固定；不创建重复的状态副本。 不存在额外的外部来源、额外副本或未列出的物体。 所有受全局保护的身份、形状、材质、场景和相机属性保持不变。 声明的来源减少与结果增加保持耦合。 [违规关系] 只有一个耦合变化发生，而另一个保持不变：（源编译文本此处为空）。",源编译负向关系末尾为空（原文为 ': .'），已原样保留英文并在中文中注明。
P19,/home/liuzhirui/Project/physGen/code/v3/outputs/trace_writer/trace-v3-m3-phase5/P19/i2v/seed_000042/video.mp4,The wide white horizontal sheet tears downward and outward from its single small top-edge notch and separates into two pieces.,宽大的白色水平纸张从顶部边缘的单个小缺口向下并向外撕裂，分成两片。,completion,完成阶段,The declared change gray slit lengthens downward occurs in its stated direction.,已声明的变化“灰色裂缝向下延长”按规定方向发生。,[0] The declared cause occurs BUT the required target change does not become visible.,[0] 声明的原因已经发生，但所要求的目标变化没有变得可见。,"[STAGE ENTITY INVENTORY] Present now: paper: exactly 1, state tear_extent=full_vertical_tear, integrity=two_white_pieces, separation=apart, transitioning. Counts and identities stay fixed; no duplicate state copy is created. No additional external source, extra copy, unlisted object exists. All globally protected identity, shape, material, scene, and camera attributes stay unchanged. Declared source loss and result gain remain coupled. [VALID RELATION] The declared change gray slit lengthens downward occurs in its stated direction.","[阶段实体清单] 当前存在： 纸张（paper）: 恰好1个，状态 tear_extent=full_vertical_tear, integrity=two_white_pieces, separation=apart，正在过渡. 数量和身份保持固定；不创建重复的状态副本。 不存在额外的外部来源、额外副本或未列出的物体。 所有受全局保护的身份、形状、材质、场景和相机属性保持不变。 声明的来源减少与结果增加保持耦合。 [有效关系] 已声明的变化“灰色裂缝向下延长”按规定方向发生。","[0] [STAGE ENTITY INVENTORY] Present now: paper: exactly 1, state tear_extent=full_vertical_tear, integrity=two_white_pieces, separation=apart, transitioning. Counts and identities stay fixed; no duplicate state copy is created. No additional external source, extra copy, unlisted object exists. All globally protected identity, shape, material, scene, and camera attributes stay unchanged. Declared source loss and result gain remain coupled. [VIOLATED RELATION] The declared cause occurs BUT the required target change does not become visible.","[0] [阶段实体清单] 当前存在： 纸张（paper）: 恰好1个，状态 tear_extent=full_vertical_tear, integrity=two_white_pieces, separation=apart，正在过渡. 数量和身份保持固定；不创建重复的状态副本。 不存在额外的外部来源、额外副本或未列出的物体。 所有受全局保护的身份、形状、材质、场景和相机属性保持不变。 声明的来源减少与结果增加保持耦合。 [违规关系] 声明的原因已经发生，但所要求的目标变化没有变得可见。",
P19,/home/liuzhirui/Project/physGen/code/v3/outputs/trace_writer/trace-v3-m3-phase5/P19/i2v/seed_000042/video.mp4,The wide white horizontal sheet tears downward and outward from its single small top-edge notch and separates into two pieces.,宽大的白色水平纸张从顶部边缘的单个小缺口向下并向外撕裂，分成两片。,terminal,终止/保持阶段,"The terminal facts integrity=two_white_pieces, separation=apart REMAIN through the final frames. [AND] The same logical slot has only its valid state; mutually exclusive facts integrity=one_wide_sheet, integrity=two_white_pieces do not coexist.",最终事实 integrity=two_white_pieces（两片白纸）、separation=apart（彼此分离） 在最后几帧持续保持。 [且] 同一逻辑槽位只具有其有效状态；互斥事实 integrity=one_wide_sheet（一张宽纸）与 integrity=two_white_pieces（两片白纸） 不会共存。,"[0] The valid terminal state returns to its mutually exclusive earlier state. [AND] The same logical slot has only its valid state; mutually exclusive facts integrity=one_wide_sheet, integrity=two_white_pieces do not coexist.
[1] The terminal facts integrity=two_white_pieces, separation=apart REMAIN through the final frames. [AND] Copies of the same logical slot appear in mutually exclusive states at the same time.","[0] 有效的终止状态恢复成与其互斥的较早状态。 [且] 同一逻辑槽位只具有其有效状态；互斥事实 integrity=one_wide_sheet（一张宽纸）与 integrity=two_white_pieces（两片白纸） 不会共存。
[1] 最终事实 integrity=two_white_pieces（两片白纸）、separation=apart（彼此分离） 在最后几帧持续保持。 [且] 同一逻辑槽位的多个副本同时以互斥状态出现。","[STAGE ENTITY INVENTORY] Present now: paper: exactly 1, state tear_extent=full_vertical_tear, integrity=two_white_pieces, separation=apart, required. Counts and identities stay fixed; no duplicate state copy is created. No additional external source, extra copy, unlisted object exists. All globally protected identity, shape, material, scene, and camera attributes stay unchanged. Declared source loss and result gain remain coupled. [VALID RELATION] The terminal facts integrity=two_white_pieces, separation=apart REMAIN through the final frames. [AND] The same logical slot has only its valid state; mutually exclusive facts integrity=one_wide_sheet, integrity=two_white_pieces do not coexist.","[阶段实体清单] 当前存在： 纸张（paper）: 恰好1个，状态 tear_extent=full_vertical_tear, integrity=two_white_pieces, separation=apart，必需. 数量和身份保持固定；不创建重复的状态副本。 不存在额外的外部来源、额外副本或未列出的物体。 所有受全局保护的身份、形状、材质、场景和相机属性保持不变。 声明的来源减少与结果增加保持耦合。 [有效关系] 最终事实 integrity=two_white_pieces（两片白纸）、separation=apart（彼此分离） 在最后几帧持续保持。 [且] 同一逻辑槽位只具有其有效状态；互斥事实 integrity=one_wide_sheet（一张宽纸）与 integrity=two_white_pieces（两片白纸） 不会共存。","[0] [STAGE ENTITY INVENTORY] Present now: paper: exactly 1, state tear_extent=full_vertical_tear, integrity=two_white_pieces, separation=apart, required. Counts and identities stay fixed; no duplicate state copy is created. No additional external source, extra copy, unlisted object exists. All globally protected identity, shape, material, scene, and camera attributes stay unchanged. Declared source loss and result gain remain coupled. [VIOLATED RELATION] The valid terminal state returns to its mutually exclusive earlier state. [AND] The same logical slot has only its valid state; mutually exclusive facts integrity=one_wide_sheet, integrity=two_white_pieces do not coexist.
[1] [STAGE ENTITY INVENTORY] Present now: paper: exactly 1, state tear_extent=full_vertical_tear, integrity=two_white_pieces, separation=apart, required. Counts and identities stay fixed; no duplicate state copy is created. No additional external source, extra copy, unlisted object exists. All globally protected identity, shape, material, scene, and camera attributes stay unchanged. Declared source loss and result gain remain coupled. [VIOLATED RELATION] The terminal facts integrity=two_white_pieces, separation=apart REMAIN through the final frames. [AND] Copies of the same logical slot appear in mutually exclusive states at the same time.","[0] [阶段实体清单] 当前存在： 纸张（paper）: 恰好1个，状态 tear_extent=full_vertical_tear, integrity=two_white_pieces, separation=apart，必需. 数量和身份保持固定；不创建重复的状态副本。 不存在额外的外部来源、额外副本或未列出的物体。 所有受全局保护的身份、形状、材质、场景和相机属性保持不变。 声明的来源减少与结果增加保持耦合。 [违规关系] 有效的终止状态恢复成与其互斥的较早状态。 [且] 同一逻辑槽位只具有其有效状态；互斥事实 integrity=one_wide_sheet（一张宽纸）与 integrity=two_white_pieces（两片白纸） 不会共存。
[1] [阶段实体清单] 当前存在： 纸张（paper）: 恰好1个，状态 tear_extent=full_vertical_tear, integrity=two_white_pieces, separation=apart，必需. 数量和身份保持固定；不创建重复的状态副本。 不存在额外的外部来源、额外副本或未列出的物体。 所有受全局保护的身份、形状、材质、场景和相机属性保持不变。 声明的来源减少与结果增加保持耦合。 [违规关系] 最终事实 integrity=two_white_pieces（两片白纸）、separation=apart（彼此分离） 在最后几帧持续保持。 [且] 同一逻辑槽位的多个副本同时以互斥状态出现。",
P20,/home/liuzhirui/Project/physGen/code/v3/outputs/trace_writer/trace-v3-m3-phase5/P20/i2v/seed_000042/video.mp4,The stainless kettle at right tilts its left-pointing spout toward the gray cup and pours coffee into it while the campfire at left keeps flickering.,右侧不锈钢水壶倾斜，使朝左的壶嘴对准灰色杯子并向其中倒入咖啡，同时左侧营火持续闪烁。,setup,准备/初始阶段,coffee first leaves the left-pointing spout and reaches the gray cup happens BEFORE dark coffee surface rises inside gray rim.,咖啡首次离开朝左的壶嘴并抵达灰色杯子先于深色咖啡液面在灰色杯沿内上升发生。,[0] dark coffee surface rises inside gray rim is already present BEFORE coffee first leaves the left-pointing spout and reaches the gray cup.,[0] 在咖啡首次离开朝左的壶嘴并抵达灰色杯子发生之前，深色咖啡液面在灰色杯沿内上升已经出现。,"[STAGE ENTITY INVENTORY] Present now: kettle: exactly 1, state source_amount=more, required; coffee stream: exactly 0, state stream_state=absent, forbidden; cup: exactly 1, state cup_level=lower, required; campfire: exactly 1, required. Counts and identities stay fixed; no duplicate state copy is created. No additional external source, extra copy, unlisted object exists. All globally protected identity, shape, material, scene, and camera attributes stay unchanged. Declared source loss and result gain remain coupled. [VALID RELATION] coffee first leaves the left-pointing spout and reaches the gray cup happens BEFORE dark coffee surface rises inside gray rim.",[阶段实体清单] 当前存在： 水壶（kettle）: 恰好1个，状态 source_amount=more，必需; 咖啡流（coffee stream）: 恰好0个，状态 stream_state=absent，禁止出现; 杯子（cup）: 恰好1个，状态 cup_level=lower，必需; 营火（campfire）: 恰好1个，必需. 数量和身份保持固定；不创建重复的状态副本。 不存在额外的外部来源、额外副本或未列出的物体。 所有受全局保护的身份、形状、材质、场景和相机属性保持不变。 声明的来源减少与结果增加保持耦合。 [有效关系] 咖啡首次离开朝左的壶嘴并抵达灰色杯子先于深色咖啡液面在灰色杯沿内上升发生。,"[0] [STAGE ENTITY INVENTORY] Present now: kettle: exactly 1, state source_amount=more, required; coffee stream: exactly 0, state stream_state=absent, forbidden; cup: exactly 1, state cup_level=lower, required; campfire: exactly 1, required. Counts and identities stay fixed; no duplicate state copy is created. No additional external source, extra copy, unlisted object exists. All globally protected identity, shape, material, scene, and camera attributes stay unchanged. Declared source loss and result gain remain coupled. [VIOLATED RELATION] dark coffee surface rises inside gray rim is already present BEFORE coffee first leaves the left-pointing spout and reaches the gray cup.",[0] [阶段实体清单] 当前存在： 水壶（kettle）: 恰好1个，状态 source_amount=more，必需; 咖啡流（coffee stream）: 恰好0个，状态 stream_state=absent，禁止出现; 杯子（cup）: 恰好1个，状态 cup_level=lower，必需; 营火（campfire）: 恰好1个，必需. 数量和身份保持固定；不创建重复的状态副本。 不存在额外的外部来源、额外副本或未列出的物体。 所有受全局保护的身份、形状、材质、场景和相机属性保持不变。 声明的来源减少与结果增加保持耦合。 [违规关系] 在咖啡首次离开朝左的壶嘴并抵达灰色杯子发生之前，深色咖啡液面在灰色杯沿内上升已经出现。,
P20,/home/liuzhirui/Project/physGen/code/v3/outputs/trace_writer/trace-v3-m3-phase5/P20/i2v/seed_000042/video.mp4,The stainless kettle at right tilts its left-pointing spout toward the gray cup and pours coffee into it while the campfire at left keeps flickering.,右侧不锈钢水壶倾斜，使朝左的壶嘴对准灰色杯子并向其中倒入咖啡，同时左侧营火持续闪烁。,onset,起始/触发阶段,coffee first leaves the left-pointing spout and reaches the gray cup happens BEFORE dark coffee surface rises inside gray rim.,咖啡首次离开朝左的壶嘴并抵达灰色杯子先于深色咖啡液面在灰色杯沿内上升发生。,[0] dark coffee surface rises inside gray rim happens BEFORE coffee first leaves the left-pointing spout and reaches the gray cup.,[0] 深色咖啡液面在灰色杯沿内上升先于咖啡首次离开朝左的壶嘴并抵达灰色杯子发生。,"[STAGE ENTITY INVENTORY] Present now: kettle: exactly 1, state source_amount=more, transitioning; coffee stream: one declared collective group, state stream_state=absent, transitioning; cup: exactly 1, state cup_level=lower, transitioning; campfire: exactly 1, required. Counts and identities stay fixed; no duplicate state copy is created. No additional external source, extra copy, unlisted object exists. All globally protected identity, shape, material, scene, and camera attributes stay unchanged. Declared source loss and result gain remain coupled. [VALID RELATION] coffee first leaves the left-pointing spout and reaches the gray cup happens BEFORE dark coffee surface rises inside gray rim.",[阶段实体清单] 当前存在： 水壶（kettle）: 恰好1个，状态 source_amount=more，正在过渡; 咖啡流（coffee stream）: 1个已声明集合组，状态 stream_state=absent，正在过渡; 杯子（cup）: 恰好1个，状态 cup_level=lower，正在过渡; 营火（campfire）: 恰好1个，必需. 数量和身份保持固定；不创建重复的状态副本。 不存在额外的外部来源、额外副本或未列出的物体。 所有受全局保护的身份、形状、材质、场景和相机属性保持不变。 声明的来源减少与结果增加保持耦合。 [有效关系] 咖啡首次离开朝左的壶嘴并抵达灰色杯子先于深色咖啡液面在灰色杯沿内上升发生。,"[0] [STAGE ENTITY INVENTORY] Present now: kettle: exactly 1, state source_amount=more, transitioning; coffee stream: one declared collective group, state stream_state=absent, transitioning; cup: exactly 1, state cup_level=lower, transitioning; campfire: exactly 1, required. Counts and identities stay fixed; no duplicate state copy is created. No additional external source, extra copy, unlisted object exists. All globally protected identity, shape, material, scene, and camera attributes stay unchanged. Declared source loss and result gain remain coupled. [VIOLATED RELATION] dark coffee surface rises inside gray rim happens BEFORE coffee first leaves the left-pointing spout and reaches the gray cup.",[0] [阶段实体清单] 当前存在： 水壶（kettle）: 恰好1个，状态 source_amount=more，正在过渡; 咖啡流（coffee stream）: 1个已声明集合组，状态 stream_state=absent，正在过渡; 杯子（cup）: 恰好1个，状态 cup_level=lower，正在过渡; 营火（campfire）: 恰好1个，必需. 数量和身份保持固定；不创建重复的状态副本。 不存在额外的外部来源、额外副本或未列出的物体。 所有受全局保护的身份、形状、材质、场景和相机属性保持不变。 声明的来源减少与结果增加保持耦合。 [违规关系] 深色咖啡液面在灰色杯沿内上升先于咖啡首次离开朝左的壶嘴并抵达灰色杯子发生。,
P20,/home/liuzhirui/Project/physGen/code/v3/outputs/trace_writer/trace-v3-m3-phase5/P20/i2v/seed_000042/video.mp4,The stainless kettle at right tilts its left-pointing spout toward the gray cup and pours coffee into it while the campfire at left keeps flickering.,右侧不锈钢水壶倾斜，使朝左的壶嘴对准灰色杯子并向其中倒入咖啡，同时左侧营火持续闪烁。,evolution,演化阶段,The declared change coffee visibly exits the metal spout occurs in its stated direction.,已声明的变化“咖啡明显流出金属壶嘴”按规定方向发生。,[0] Only one coupled change occurs while the other remains unchanged: .,[0] 只有一个耦合变化发生，而另一个保持不变：（源编译文本此处为空）。,"[STAGE ENTITY INVENTORY] Present now: kettle: exactly 1, state source_amount=less, required; coffee stream: one declared collective group, state stream_state=continuous, required; cup: exactly 1, state cup_level=higher, required; campfire: exactly 1, required. Counts and identities stay fixed; no duplicate state copy is created. No additional external source, extra copy, unlisted object exists. All globally protected identity, shape, material, scene, and camera attributes stay unchanged. Declared source loss and result gain remain coupled. [VALID RELATION] The declared change coffee visibly exits the metal spout occurs in its stated direction.",[阶段实体清单] 当前存在： 水壶（kettle）: 恰好1个，状态 source_amount=less，必需; 咖啡流（coffee stream）: 1个已声明集合组，状态 stream_state=continuous，必需; 杯子（cup）: 恰好1个，状态 cup_level=higher，必需; 营火（campfire）: 恰好1个，必需. 数量和身份保持固定；不创建重复的状态副本。 不存在额外的外部来源、额外副本或未列出的物体。 所有受全局保护的身份、形状、材质、场景和相机属性保持不变。 声明的来源减少与结果增加保持耦合。 [有效关系] 已声明的变化“咖啡明显流出金属壶嘴”按规定方向发生。,"[0] [STAGE ENTITY INVENTORY] Present now: kettle: exactly 1, state source_amount=less, required; coffee stream: one declared collective group, state stream_state=continuous, required; cup: exactly 1, state cup_level=higher, required; campfire: exactly 1, required. Counts and identities stay fixed; no duplicate state copy is created. No additional external source, extra copy, unlisted object exists. All globally protected identity, shape, material, scene, and camera attributes stay unchanged. Declared source loss and result gain remain coupled. [VIOLATED RELATION] Only one coupled change occurs while the other remains unchanged: .",[0] [阶段实体清单] 当前存在： 水壶（kettle）: 恰好1个，状态 source_amount=less，必需; 咖啡流（coffee stream）: 1个已声明集合组，状态 stream_state=continuous，必需; 杯子（cup）: 恰好1个，状态 cup_level=higher，必需; 营火（campfire）: 恰好1个，必需. 数量和身份保持固定；不创建重复的状态副本。 不存在额外的外部来源、额外副本或未列出的物体。 所有受全局保护的身份、形状、材质、场景和相机属性保持不变。 声明的来源减少与结果增加保持耦合。 [违规关系] 只有一个耦合变化发生，而另一个保持不变：（源编译文本此处为空）。,源编译负向关系末尾为空（原文为 ': .'），已原样保留英文并在中文中注明。
P20,/home/liuzhirui/Project/physGen/code/v3/outputs/trace_writer/trace-v3-m3-phase5/P20/i2v/seed_000042/video.mp4,The stainless kettle at right tilts its left-pointing spout toward the gray cup and pours coffee into it while the campfire at left keeps flickering.,右侧不锈钢水壶倾斜，使朝左的壶嘴对准灰色杯子并向其中倒入咖啡，同时左侧营火持续闪烁。,completion,完成阶段,The coupled changes occur together: coffee visibly exits the metal spout WHILE coffee bridges the gap from spout to cup WHILE dark coffee surface rises inside gray rim.,耦合变化同时发生：咖啡明显流出金属壶嘴，同时咖啡跨越壶嘴到杯子的间隙，并且深色咖啡液面在灰色杯沿内上升。,[0] The declared cause occurs BUT the required target change does not become visible.,[0] 声明的原因已经发生，但所要求的目标变化没有变得可见。,"[STAGE ENTITY INVENTORY] Present now: kettle: exactly 1, state source_amount=less, transitioning; coffee stream: one declared collective group, state stream_state=continuous, transitioning; cup: exactly 1, state cup_level=higher, transitioning; campfire: exactly 1, required. Counts and identities stay fixed; no duplicate state copy is created. No additional external source, extra copy, unlisted object exists. All globally protected identity, shape, material, scene, and camera attributes stay unchanged. Declared source loss and result gain remain coupled. [VALID RELATION] The coupled changes occur together: coffee visibly exits the metal spout WHILE coffee bridges the gap from spout to cup WHILE dark coffee surface rises inside gray rim.",[阶段实体清单] 当前存在： 水壶（kettle）: 恰好1个，状态 source_amount=less，正在过渡; 咖啡流（coffee stream）: 1个已声明集合组，状态 stream_state=continuous，正在过渡; 杯子（cup）: 恰好1个，状态 cup_level=higher，正在过渡; 营火（campfire）: 恰好1个，必需. 数量和身份保持固定；不创建重复的状态副本。 不存在额外的外部来源、额外副本或未列出的物体。 所有受全局保护的身份、形状、材质、场景和相机属性保持不变。 声明的来源减少与结果增加保持耦合。 [有效关系] 耦合变化同时发生：咖啡明显流出金属壶嘴，同时咖啡跨越壶嘴到杯子的间隙，并且深色咖啡液面在灰色杯沿内上升。,"[0] [STAGE ENTITY INVENTORY] Present now: kettle: exactly 1, state source_amount=less, transitioning; coffee stream: one declared collective group, state stream_state=continuous, transitioning; cup: exactly 1, state cup_level=higher, transitioning; campfire: exactly 1, required. Counts and identities stay fixed; no duplicate state copy is created. No additional external source, extra copy, unlisted object exists. All globally protected identity, shape, material, scene, and camera attributes stay unchanged. Declared source loss and result gain remain coupled. [VIOLATED RELATION] The declared cause occurs BUT the required target change does not become visible.",[0] [阶段实体清单] 当前存在： 水壶（kettle）: 恰好1个，状态 source_amount=less，正在过渡; 咖啡流（coffee stream）: 1个已声明集合组，状态 stream_state=continuous，正在过渡; 杯子（cup）: 恰好1个，状态 cup_level=higher，正在过渡; 营火（campfire）: 恰好1个，必需. 数量和身份保持固定；不创建重复的状态副本。 不存在额外的外部来源、额外副本或未列出的物体。 所有受全局保护的身份、形状、材质、场景和相机属性保持不变。 声明的来源减少与结果增加保持耦合。 [违规关系] 声明的原因已经发生，但所要求的目标变化没有变得可见。,
P20,/home/liuzhirui/Project/physGen/code/v3/outputs/trace_writer/trace-v3-m3-phase5/P20/i2v/seed_000042/video.mp4,The stainless kettle at right tilts its left-pointing spout toward the gray cup and pours coffee into it while the campfire at left keeps flickering.,右侧不锈钢水壶倾斜，使朝左的壶嘴对准灰色杯子并向其中倒入咖啡，同时左侧营火持续闪烁。,terminal,终止/保持阶段,"The terminal facts source_amount=less, cup_level=higher REMAIN through the final frames. [AND] The same logical slot has only its valid state; mutually exclusive facts cup_level=lower, cup_level=higher do not coexist.",最终事实 source_amount=less（源中咖啡减少）、cup_level=higher（杯内液位更高） 在最后几帧持续保持。 [且] 同一逻辑槽位只具有其有效状态；互斥事实 cup_level=lower（较低）与 cup_level=higher（较高） 不会共存。,"[0] The valid terminal state returns to its mutually exclusive earlier state. [AND] The same logical slot has only its valid state; mutually exclusive facts cup_level=lower, cup_level=higher do not coexist.
[1] The terminal facts source_amount=less, cup_level=higher REMAIN through the final frames. [AND] Copies of the same logical slot appear in mutually exclusive states at the same time.","[0] 有效的终止状态恢复成与其互斥的较早状态。 [且] 同一逻辑槽位只具有其有效状态；互斥事实 cup_level=lower（较低）与 cup_level=higher（较高） 不会共存。
[1] 最终事实 source_amount=less（源中咖啡减少）、cup_level=higher（杯内液位更高） 在最后几帧持续保持。 [且] 同一逻辑槽位的多个副本同时以互斥状态出现。","[STAGE ENTITY INVENTORY] Present now: kettle: exactly 1, state source_amount=less, required; coffee stream: exactly 0, state stream_state=continuous, forbidden; cup: exactly 1, state cup_level=higher, required; campfire: exactly 1, required. Counts and identities stay fixed; no duplicate state copy is created. No additional external source, extra copy, unlisted object exists. All globally protected identity, shape, material, scene, and camera attributes stay unchanged. Declared source loss and result gain remain coupled. [VALID RELATION] The terminal facts source_amount=less, cup_level=higher REMAIN through the final frames. [AND] The same logical slot has only its valid state; mutually exclusive facts cup_level=lower, cup_level=higher do not coexist.",[阶段实体清单] 当前存在： 水壶（kettle）: 恰好1个，状态 source_amount=less，必需; 咖啡流（coffee stream）: 恰好0个，状态 stream_state=continuous，禁止出现; 杯子（cup）: 恰好1个，状态 cup_level=higher，必需; 营火（campfire）: 恰好1个，必需. 数量和身份保持固定；不创建重复的状态副本。 不存在额外的外部来源、额外副本或未列出的物体。 所有受全局保护的身份、形状、材质、场景和相机属性保持不变。 声明的来源减少与结果增加保持耦合。 [有效关系] 最终事实 source_amount=less（源中咖啡减少）、cup_level=higher（杯内液位更高） 在最后几帧持续保持。 [且] 同一逻辑槽位只具有其有效状态；互斥事实 cup_level=lower（较低）与 cup_level=higher（较高） 不会共存。,"[0] [STAGE ENTITY INVENTORY] Present now: kettle: exactly 1, state source_amount=less, required; coffee stream: exactly 0, state stream_state=continuous, forbidden; cup: exactly 1, state cup_level=higher, required; campfire: exactly 1, required. Counts and identities stay fixed; no duplicate state copy is created. No additional external source, extra copy, unlisted object exists. All globally protected identity, shape, material, scene, and camera attributes stay unchanged. Declared source loss and result gain remain coupled. [VIOLATED RELATION] The valid terminal state returns to its mutually exclusive earlier state. [AND] The same logical slot has only its valid state; mutually exclusive facts cup_level=lower, cup_level=higher do not coexist.
[1] [STAGE ENTITY INVENTORY] Present now: kettle: exactly 1, state source_amount=less, required; coffee stream: exactly 0, state stream_state=continuous, forbidden; cup: exactly 1, state cup_level=higher, required; campfire: exactly 1, required. Counts and identities stay fixed; no duplicate state copy is created. No additional external source, extra copy, unlisted object exists. All globally protected identity, shape, material, scene, and camera attributes stay unchanged. Declared source loss and result gain remain coupled. [VIOLATED RELATION] The terminal facts source_amount=less, cup_level=higher REMAIN through the final frames. [AND] Copies of the same logical slot appear in mutually exclusive states at the same time.","[0] [阶段实体清单] 当前存在： 水壶（kettle）: 恰好1个，状态 source_amount=less，必需; 咖啡流（coffee stream）: 恰好0个，状态 stream_state=continuous，禁止出现; 杯子（cup）: 恰好1个，状态 cup_level=higher，必需; 营火（campfire）: 恰好1个，必需. 数量和身份保持固定；不创建重复的状态副本。 不存在额外的外部来源、额外副本或未列出的物体。 所有受全局保护的身份、形状、材质、场景和相机属性保持不变。 声明的来源减少与结果增加保持耦合。 [违规关系] 有效的终止状态恢复成与其互斥的较早状态。 [且] 同一逻辑槽位只具有其有效状态；互斥事实 cup_level=lower（较低）与 cup_level=higher（较高） 不会共存。
[1] [阶段实体清单] 当前存在： 水壶（kettle）: 恰好1个，状态 source_amount=less，必需; 咖啡流（coffee stream）: 恰好0个，状态 stream_state=continuous，禁止出现; 杯子（cup）: 恰好1个，状态 cup_level=higher，必需; 营火（campfire）: 恰好1个，必需. 数量和身份保持固定；不创建重复的状态副本。 不存在额外的外部来源、额外副本或未列出的物体。 所有受全局保护的身份、形状、材质、场景和相机属性保持不变。 声明的来源减少与结果增加保持耦合。 [违规关系] 最终事实 source_amount=less（源中咖啡减少）、cup_level=higher（杯内液位更高） 在最后几帧持续保持。 [且] 同一逻辑槽位的多个副本同时以互斥状态出现。",
