clip_rgb_fraction,felt_far_hp,felt_far_std,felt_near_hp,felt_near_std,frame,frame_mad_320,highpass_abs_native,laplacian_var_native,mean_luma,sample,time_s,wall_hp,wall_std
0.029560620857007575,,,,,0,0.0,2.0528194904327393,111.95317840576172,119.20486450195312,P01,0.0,,
0.03571222478693182,,,,,1,2.4941840171813965,2.158552885055542,117.27354431152344,119.65713500976562,P01,0.041666666666666664,,
0.04011341441761364,,,,,2,2.4465010166168213,2.2126739025115967,126.5439453125,119.3557357788086,P01,0.08333333333333333,,
0.040685295336174244,,,,,3,2.0647294521331787,2.1956088542938232,123.93174743652344,119.26249694824219,P01,0.125,,
0.0460031220407197,,,,,4,2.1234796047210693,2.2996866703033447,141.500732421875,118.74727630615234,P01,0.16666666666666666,,
0.04173029119318182,,,,,5,3.824911117553711,2.1398215293884277,116.05380249023438,120.13964080810547,P01,0.20833333333333334,,
0.03704427083333333,,,,,6,2.871070384979248,2.047173023223877,104.04118347167969,120.9214859008789,P01,0.25,,
0.03939356948390151,,,,,7,2.8083417415618896,2.1525402069091797,118.23783874511719,120.8636474609375,P01,0.2916666666666667,,
0.039582223603219696,,,,,8,2.1705434322357178,2.134887456893921,116.27266693115234,120.9454574584961,P01,0.3333333333333333,,
0.039798620975378785,,,,,9,3.0330421924591064,2.208631992340088,126.4554672241211,120.97969055175781,P01,0.375,,
0.03902291962594697,,,,,10,2.945603132247925,2.2251081466674805,129.16375732421875,120.79644775390625,P01,0.4166666666666667,,
0.040646084872159094,,,,,11,2.244483470916748,2.2578039169311523,136.8163604736328,120.69536590576172,P01,0.4583333333333333,,
0.04168701171875,,,,,12,1.833337426185608,2.2579314708709717,136.2173309326172,120.33833312988281,P01,0.5,,
0.03952044862689394,,,,,13,3.7068870067596436,2.227874994277954,137.8770751953125,121.24752044677734,P01,0.5416666666666666,,
0.03793982303503788,,,,,14,2.865572929382324,2.237062931060791,137.06307983398438,121.4677963256836,P01,0.5833333333333334,,
0.03958962180397727,,,,,15,2.8049826622009277,2.3125641345977783,150.4813995361328,121.46461486816406,P01,0.625,,
0.04079145951704546,,,,,16,2.820876359939575,2.3312034606933594,154.6861572265625,121.40164947509766,P01,0.6666666666666666,,
0.039430190577651514,,,,,17,4.0833916664123535,2.2829430103302,154.18121337890625,121.52676391601562,P01,0.7083333333333334,,
0.03853944720643939,,,,,18,4.228065013885498,2.286170244216919,156.30296325683594,121.16205596923828,P01,0.75,,
0.03720296223958333,,,,,19,4.140364170074463,2.2443251609802246,149.75633239746094,121.07429504394531,P01,0.7916666666666666,,
0.040089740175189396,,,,,20,3.6538429260253906,2.300525665283203,159.19223022460938,120.50482940673828,P01,0.8333333333333334,,
0.0386422821969697,,,,,21,4.943027496337891,2.253286600112915,150.3014373779297,120.9475326538086,P01,0.875,,
0.040160023082386365,,,,,22,4.390347480773926,2.2543387413024902,152.60525512695312,121.06269836425781,P01,0.9166666666666666,,
0.04122018525094697,,,,,23,3.6581664085388184,2.247889518737793,154.7268524169922,120.92140197753906,P01,0.9583333333333334,,
0.04361202355587121,,,,,24,3.7027432918548584,2.2689571380615234,158.3817901611328,120.6876220703125,P01,1.0,,
0.04173325047348485,,,,,25,4.903877258300781,2.2249152660369873,155.14222717285156,120.94609069824219,P01,1.0416666666666667,,
0.042091323390151515,,,,,26,5.235191822052002,2.230154514312744,152.76881408691406,120.67835235595703,P01,1.0833333333333333,,
0.041981830018939396,,,,,27,5.433773517608643,2.1945693492889404,148.3465576171875,120.59259796142578,P01,1.125,,
0.045411635890151514,,,,,28,4.494370460510254,2.226353168487549,152.4709014892578,120.24190521240234,P01,1.1666666666666667,,
0.04573863636363636,,,,,29,5.23419189453125,2.269087791442871,161.1272735595703,120.14314270019531,P01,1.2083333333333333,,
0.047477583451704546,,,,,30,5.102142810821533,2.320749282836914,169.88119506835938,119.95314025878906,P01,1.25,,
0.04660089666193182,,,,,31,5.141425132751465,2.2843732833862305,168.0672607421875,120.072265625,P01,1.2916666666666667,,
0.048249215790719696,,,,,32,4.995694160461426,2.2414963245391846,163.15452575683594,119.59536743164062,P01,1.3333333333333333,,
0.045280687736742424,,,,,33,5.365871429443359,2.1273281574249268,146.88072204589844,119.5827407836914,P01,1.375,,
0.044677734375,,,,,34,5.139225482940674,2.1749825477600098,154.176513671875,119.53443145751953,P01,1.4166666666666667,,
0.045539624763257576,,,,,35,4.702296257019043,2.19840669631958,158.052001953125,119.48001861572266,P01,1.4583333333333333,,
0.046527284564393936,,,,,36,4.438052654266357,2.215486526489258,161.03494262695312,119.17424011230469,P01,1.5,,
0.04347700639204546,,,,,37,5.256832599639893,2.0625481605529785,142.28472900390625,119.85282897949219,P01,1.5416666666666667,,
0.04393569483901515,,,,,38,4.822708606719971,2.035377025604248,136.25669860839844,120.05474853515625,P01,1.5833333333333333,,
0.044877485795454544,,,,,39,4.739902496337891,2.026789903640747,136.26821899414062,120.15579986572266,P01,1.625,,
0.046324203953598486,,,,,40,4.358720302581787,2.0166985988616943,133.95689392089844,120.04405975341797,P01,1.6666666666666667,,
0.045917302911931815,,,,,41,5.3836989402771,2.0136232376098633,129.42921447753906,120.05909729003906,P01,1.7083333333333333,,
0.04397120620265151,,,,,42,5.040198802947998,2.009638786315918,128.5503387451172,120.23270416259766,P01,1.75,,
0.045158247514204546,,,,,43,4.771610736846924,2.0871520042419434,140.08872985839844,120.09202575683594,P01,1.7916666666666667,,
0.04675699869791667,,,,,44,4.718914031982422,2.115515947341919,143.98667907714844,119.8494873046875,P01,1.8333333333333333,,
0.044567131273674246,,,,,45,5.601742267608643,2.1108734607696533,142.58883666992188,120.0960922241211,P01,1.875,,
0.04464148319128788,,,,,46,5.128296852111816,2.1403708457946777,149.427001953125,120.17400360107422,P01,1.9166666666666667,,
0.04498549952651515,,,,,47,4.947377681732178,2.142467737197876,152.0309295654297,120.18905639648438,P01,1.9583333333333333,,
0.04690496271306818,,,,,48,4.702474594116211,2.1575300693511963,152.07388305664062,119.89891815185547,P01,2.0,,
0.04576342033617424,,,,,49,5.129347801208496,2.122541904449463,149.26510620117188,120.16755676269531,P01,2.0416666666666665,,
0.04534616181344697,,,,,50,4.967308521270752,2.0951476097106934,147.49803161621094,120.33318328857422,P01,2.0833333333333335,,
0.046577592329545454,,,,,51,5.147243499755859,2.134502649307251,151.16514587402344,120.28385162353516,P01,2.125,,
0.04818559126420455,,,,,52,5.461069583892822,2.138129472732544,150.07574462890625,120.08325958251953,P01,2.1666666666666665,,
0.04608450224905303,,,,,53,5.427979469299316,2.1302757263183594,147.66688537597656,120.19820404052734,P01,2.2083333333333335,,
0.046107066761363634,,,,,54,5.255751609802246,2.143096446990967,146.6482391357422,120.1729965209961,P01,2.25,,
0.045932469223484845,,,,,55,4.82937479019165,2.1210289001464844,142.88255310058594,120.28202819824219,P01,2.2916666666666665,,
0.0471383759469697,,,,,56,4.024660587310791,2.129772186279297,142.34092712402344,120.06385040283203,P01,2.3333333333333335,,
0.047056625828598486,,,,,57,4.662037372589111,2.1721205711364746,152.6722869873047,119.91292572021484,P01,2.375,,
0.04790963837594697,,,,,58,4.5282769203186035,2.2201266288757324,159.29360961914062,119.79718780517578,P01,2.4166666666666665,,
0.047918146306818184,,,,,59,4.056926727294922,2.2091715335845947,160.39218139648438,119.6867904663086,P01,2.4583333333333335,,
0.04964636600378788,,,,,60,3.824492931365967,2.236886501312256,164.04452514648438,119.32479858398438,P01,2.5,,
0.04856215968276515,,,,,61,4.7000346183776855,2.2160630226135254,162.21954345703125,119.37823486328125,P01,2.5416666666666665,,
0.04723455255681818,,,,,62,4.485055446624756,2.182452917098999,156.9774932861328,119.52991485595703,P01,2.5833333333333335,,
0.04898311730587121,,,,,63,4.117730140686035,2.2500603199005127,164.59097290039062,119.26585388183594,P01,2.625,,
0.05008766867897727,,,,,64,3.9422640800476074,2.2563931941986084,163.46047973632812,119.01594543457031,P01,2.6666666666666665,,
0.04932898319128788,,,,,65,4.885731220245361,2.2411742210388184,156.45408630371094,119.14019775390625,P01,2.7083333333333335,,
0.048478560014204544,,,,,66,4.6081156730651855,2.2366862297058105,153.15829467773438,119.31216430664062,P01,2.75,,
0.04996041962594697,,,,,67,4.4308247566223145,2.2431366443634033,153.6580047607422,119.2073974609375,P01,2.7916666666666665,,
0.0518798828125,,,,,68,4.229436874389648,2.25927996635437,156.1291961669922,118.91022491455078,P01,2.8333333333333335,,
0.051695297703598486,,,,,69,4.848853588104248,2.3363051414489746,170.0781707763672,118.86940002441406,P01,2.875,,
0.05125621448863636,,,,,70,4.049495220184326,2.363762140274048,176.135009765625,119.03564453125,P01,2.9166666666666665,,
0.050804184422348485,,,,,71,3.9479804039001465,2.36098575592041,178.82139587402344,119.10509490966797,P01,2.9583333333333335,,
0.05214399857954546,,,,,72,3.813281297683716,2.3987345695495605,184.9045867919922,118.91288757324219,P01,3.0,,
0.05077903053977273,,,,,73,4.674771308898926,2.348548173904419,176.77378845214844,119.03487396240234,P01,3.0416666666666665,,
0.049583111387310606,,,,,74,4.24223518371582,2.2952544689178467,169.07650756835938,119.36583709716797,P01,3.0833333333333335,,
0.04953872218276515,,,,,75,3.696669816970825,2.2670722007751465,165.34078979492188,119.47112274169922,P01,3.125,,
0.05030406605113636,,,,,76,3.3907980918884277,2.2724783420562744,167.74838256835938,119.3477783203125,P01,3.1666666666666665,,
0.04942626953125,,,,,77,4.120357036590576,2.31437087059021,173.8160400390625,119.28831481933594,P01,3.2083333333333335,,
0.048600260416666666,,,,,78,3.58270263671875,2.349602699279785,173.9917449951172,119.35301971435547,P01,3.25,,
0.047165749289772727,,,,,79,3.389389753341675,2.3458826541900635,172.5975799560547,119.52244567871094,P01,3.2916666666666665,,
0.048436760179924244,,,,,80,2.9173316955566406,2.374194860458374,173.6973419189453,119.36642456054688,P01,3.3333333333333335,,
0.04653653231534091,,,,,81,3.6459338665008545,2.3624017238616943,176.60581970214844,119.38297271728516,P01,3.375,,
0.04555701053503788,,,,,82,2.8713412284851074,2.3861241340637207,179.68804931640625,119.24346923828125,P01,3.4166666666666665,,
0.046702252012310604,,,,,83,2.599527359008789,2.3849892616271973,179.18643188476562,119.09796142578125,P01,3.4583333333333335,,
0.047236032196969695,,,,,84,2.338104724884033,2.389155626296997,179.2378692626953,118.85215759277344,P01,3.5,,
0.04569831616950758,,,,,85,3.604085922241211,2.432159662246704,187.43145751953125,119.02100372314453,P01,3.5416666666666665,,
0.044770581794507575,,,,,86,2.7865068912506104,2.4511547088623047,187.496826171875,119.21919250488281,P01,3.5833333333333335,,
0.04533210523200758,,,,,87,2.4919233322143555,2.4804930686950684,192.21432495117188,119.23066711425781,P01,3.625,,
0.04649991122159091,,,,,88,2.1901023387908936,2.4972801208496094,192.11175537109375,119.05274963378906,P01,3.6666666666666665,,
0.045201526988636366,,,,,89,3.1054089069366455,2.4604251384735107,186.47952270507812,118.81427001953125,P01,3.7083333333333335,,
0.04401966441761364,,,,,90,2.2980589866638184,2.433680295944214,180.1598358154297,118.78376007080078,P01,3.75,,
0.04419574159564394,,,,,91,2.2331631183624268,2.421584367752075,176.84193420410156,118.6475830078125,P01,3.7916666666666665,,
0.044611520478219695,,,,,92,1.9448020458221436,2.3997061252593994,170.637939453125,118.45069885253906,P01,3.8333333333333335,,
0.044499807646780305,,,,,93,3.2161877155303955,2.422844648361206,181.66070556640625,118.25447082519531,P01,3.875,,
0.04407848011363636,,,,,94,2.5508410930633545,2.453626871109009,190.80154418945312,118.2127685546875,P01,3.9166666666666665,,
0.043568744081439396,,,,,95,2.1332974433898926,2.4635062217712402,194.20347595214844,118.28777313232422,P01,3.9583333333333335,,
0.0444143584280303,,,,,96,1.885785460472107,2.468127489089966,192.56423950195312,118.00071716308594,P01,4.0,,
0.029700816761363637,0.8376827239990234,9.378070831298828,0.37775999307632446,3.5096662044525146,0,0.0,0.6089462041854858,17.15607261657715,102.58023834228516,P02,0.0,0.29004910588264465,7.01861047744751
0.029682691169507575,0.8560218214988708,9.382752418518066,0.3913526237010956,3.3850526809692383,1,0.5560169816017151,0.612118661403656,16.966651916503906,102.71212768554688,P02,0.041666666666666664,0.27539747953414917,6.993599891662598
0.030576393821022726,0.8766542077064514,9.500458717346191,0.40123268961906433,3.281520366668701,2,0.590380847454071,0.6146875023841858,17.768476486206055,102.7528076171875,P02,0.08333333333333333,0.2633250653743744,6.958779811859131
0.031083910392992423,0.8603237867355347,9.553524017333984,0.3954741656780243,3.2549920082092285,3,0.485000878572464,0.6057468056678772,16.8220157623291,102.72583770751953,P02,0.125,0.251694917678833,6.936110496520996
0.03308142459753788,0.8734155297279358,9.504303932189941,0.3898290693759918,3.258730173110962,4,0.5334550142288208,0.6027678847312927,16.285978317260742,102.56349182128906,P02,0.16666666666666666,0.24277323484420776,6.931880474090576
0.03265121922348485,0.8445528745651245,9.688748359680176,0.392747700214386,3.3619613647460938,5,1.2504061460494995,0.6061115860939026,15.558564186096191,102.86717224121094,P02,0.20833333333333334,0.2619299292564392,6.9758453369140625
0.031675766453598486,0.8704363703727722,9.784584045410156,0.3935168385505676,3.4017794132232666,6,1.0677868127822876,0.6104714274406433,15.553369522094727,103.04450988769531,P02,0.25,0.26114895939826965,6.973762512207031
0.0321829131155303,0.8867459297180176,9.909826278686523,0.39338386058807373,3.4067952632904053,7,0.765349805355072,0.6097068786621094,15.284032821655273,102.94470977783203,P02,0.2916666666666667,0.2599610388278961,6.979960918426514
0.03494429154829545,0.9107938408851624,9.914484977722168,0.3982008099555969,3.416372060775757,8,0.9103127121925354,0.6183890104293823,16.13115692138672,102.51575469970703,P02,0.3333333333333333,0.25426405668258667,6.976560592651367
0.036487556226325754,0.8844534158706665,10.02937126159668,0.3931546211242676,3.4795875549316406,9,1.6553411483764648,0.6137198209762573,16.671119689941406,102.38350677490234,P02,0.375,0.26110973954200745,6.9984025955200195
0.03710863517992424,0.8885079622268677,10.042781829833984,0.38980749249458313,3.4479589462280273,10,1.2615145444869995,0.6181540489196777,17.13649559020996,102.16220092773438,P02,0.4166666666666667,0.2552628219127655,6.976937770843506
0.03491025982481061,0.9031906723976135,10.166524887084961,0.3847583532333374,3.4293694496154785,11,1.3193637132644653,0.6176822781562805,16.493026733398438,102.09939575195312,P02,0.4583333333333333,0.24987544119358063,6.983975410461426
0.03973980527935606,0.9343906044960022,10.156412124633789,0.40359556674957275,4.242766380310059,12,1.5272105932235718,0.6303094625473022,17.854585647583008,101.67150115966797,P02,0.5,0.24106724560260773,6.977718830108643
0.042922141335227273,0.9087161421775818,10.171292304992676,0.49811917543411255,25.880657196044922,13,2.4800946712493896,0.6302925944328308,17.776445388793945,101.53746795654297,P02,0.5416666666666666,0.2628730237483978,6.985266208648682
0.04074818004261364,0.9103691577911377,10.178691864013672,0.5393097996711731,38.092281341552734,14,2.026207447052002,0.6367374062538147,17.530078887939453,101.59290313720703,P02,0.5833333333333334,0.2705281674861908,6.941623210906982
0.03801676432291667,0.9267993569374084,10.262815475463867,0.4572516083717346,37.44679641723633,15,2.2377264499664307,0.6399285197257996,18.54791259765625,101.40235137939453,P02,0.625,0.26552093029022217,6.95454740524292
0.04210833925189394,0.9445574879646301,10.273519515991211,0.4836672246456146,39.02973175048828,16,1.918359398841858,0.651309609413147,18.904701232910156,101.25802612304688,P02,0.6666666666666666,0.25758737325668335,6.9416184425354
0.047562662760416666,0.9502805471420288,10.199596405029297,0.5269801616668701,37.064815521240234,17,3.155503034591675,0.6646471619606018,19.433988571166992,100.96577453613281,P02,0.7083333333333334,0.2778640389442444,6.932758331298828
0.04476355350378788,0.9505149126052856,10.225200653076172,0.5141870975494385,19.969236373901367,18,2.9584262371063232,0.6721904277801514,19.191299438476562,100.87786102294922,P02,0.75,0.27970564365386963,6.931090354919434
0.043512887665719695,0.9799039363861084,10.33117389678955,0.4098459482192993,7.073410511016846,19,2.482213258743286,0.6656503677368164,18.940359115600586,100.7099609375,P02,0.7916666666666666,0.2748289704322815,6.951292991638184
0.04515306877367424,1.0329655408859253,10.344956398010254,0.41187795996665955,4.261184215545654,20,2.3156826496124268,0.6824259757995605,20.231250762939453,100.75483703613281,P02,0.8333333333333334,0.2680076062679291,6.963790416717529
0.04816746567234848,1.0059317350387573,10.330951690673828,0.41413450241088867,3.204113721847534,21,4.8087158203125,0.6837823390960693,20.180097579956055,101.19096374511719,P02,0.875,0.2826540768146515,7.013020038604736
0.04351732658617424,1.0276612043380737,10.485372543334961,0.4301975965499878,3.1166248321533203,22,4.349981307983398,0.6867278218269348,20.183469772338867,100.9052734375,P02,0.9166666666666666,0.27644771337509155,6.990694046020508
0.04057469223484848,0.9939318299293518,10.620160102844238,0.42960965633392334,3.1420438289642334,23,3.6342673301696777,0.6747651696205139,19.24066925048828,101.61811065673828,P02,0.9583333333333334,0.2787744104862213,6.978023529052734
0.040441154711174244,0.9714741110801697,10.835972785949707,0.4324055314064026,3.166229248046875,24,3.1560025215148926,0.6673427224159241,18.171005249023438,102.02571105957031,P02,1.0,0.2796601951122284,6.9771952629089355
0.03981489701704546,0.9996108412742615,10.615728378295898,0.45231810212135315,3.093116521835327,25,4.546972751617432,0.66324782371521,18.835432052612305,102.48468780517578,P02,1.0416666666666667,0.28525111079216003,7.012018203735352
0.0407785126657197,0.9787048697471619,10.599355697631836,0.4489312171936035,3.0396671295166016,26,3.936352491378784,0.6582013368606567,18.856201171875,102.2348403930664,P02,1.0833333333333333,0.283809095621109,6.958732604980469
0.03594785748106061,1.009110927581787,10.517847061157227,0.45879530906677246,3.045050621032715,27,1.7063665390014648,0.6589987874031067,18.165254592895508,102.53669738769531,P02,1.125,0.28433001041412354,6.960272312164307
0.028169019294507575,0.9942486882209778,10.472003936767578,0.44635850191116333,3.0602948665618896,28,1.1824541091918945,0.6532129645347595,17.640148162841797,103.18143463134766,P02,1.1666666666666667,0.28662100434303284,6.9472246170043945
0.02648296934185606,0.9906027317047119,10.247843742370605,0.44668564200401306,3.1526119709014893,29,0.8174505233764648,0.6499813199043274,17.15538215637207,103.40652465820312,P02,1.2083333333333333,0.2830556631088257,7.03179407119751
0.026710094105113637,0.9852566719055176,10.322187423706055,0.4513229429721832,3.16928768157959,30,0.27832475304603577,0.6495398879051208,17.025619506835938,103.3240737915039,P02,1.25,0.27708911895751953,7.032520294189453
0.02701342033617424,1.006408452987671,10.23161506652832,0.45653390884399414,3.1880898475646973,31,0.21017400920391083,0.6564668416976929,17.678688049316406,103.18328094482422,P02,1.2916666666666667,0.2696157991886139,7.044280052185059
0.02677371863162879,0.9807727336883545,10.286688804626465,0.4460866451263428,3.2272791862487793,32,0.12823042273521423,0.6506778597831726,17.366918563842773,103.2090072631836,P02,1.3333333333333333,0.27360692620277405,7.0309038162231445
0.026744125828598486,0.9790170788764954,10.262290000915527,0.4409032464027405,3.1905479431152344,33,0.49397528171539307,0.6558436751365662,17.766769409179688,102.9552001953125,P02,1.375,0.27541011571884155,6.983156681060791
0.026877663352272728,0.9964808821678162,10.392980575561523,0.4468170702457428,3.1328835487365723,34,0.2971058189868927,0.6588305234909058,17.982830047607422,102.86898040771484,P02,1.4166666666666667,0.2697616517543793,6.916352272033691
0.02706927675189394,1.0087506771087646,10.36469554901123,0.455782413482666,3.116297721862793,35,0.1651822179555893,0.6636033654212952,18.451780319213867,102.74881744384766,P02,1.4583333333333333,0.25923895835876465,6.902047157287598
0.02676410097064394,0.9804036021232605,10.373868942260742,0.45184090733528137,3.1089658737182617,36,0.09795365482568741,0.6595512628555298,18.128877639770508,102.76083374023438,P02,1.5,0.260295033454895,6.905977249145508
0.02677075935132576,0.962253987789154,10.360407829284668,0.43504106998443604,3.0368905067443848,37,0.3938887119293213,0.6484875679016113,17.2984676361084,102.89408874511719,P02,1.5416666666666667,0.2673336863517761,6.885926246643066
0.026875443892045454,0.9778177738189697,10.384477615356445,0.44915643334388733,3.0390408039093018,38,0.18226540088653564,0.6523321866989136,17.324012756347656,102.87798309326172,P02,1.5833333333333333,0.2658955454826355,6.878061294555664
0.027085922703598483,0.9877026677131653,10.35570240020752,0.4573788642883301,3.0407495498657227,39,0.12015935778617859,0.6552184224128723,17.4562931060791,102.81759643554688,P02,1.625,0.26153939962387085,6.869792938232422
0.026885061553030304,0.9716467261314392,10.342903137207031,0.452316552400589,3.045175313949585,40,0.08341064304113388,0.6528303623199463,17.245683670043945,102.82892608642578,P02,1.6666666666666667,0.26640018820762634,6.877098083496094
0.026903557054924244,0.9466644525527954,10.353424072265625,0.4422542452812195,3.023125171661377,41,0.38611283898353577,0.6432649493217468,16.751127243041992,102.91947937011719,P02,1.7083333333333333,0.2783152759075165,6.860055923461914
0.026920572916666666,0.9638992547988892,10.436629295349121,0.43613797426223755,2.9756829738616943,42,0.23341064155101776,0.6486865878105164,17.216835021972656,102.9446792602539,P02,1.75,0.2679702937602997,6.859480857849121
0.027021928267045456,0.9962589740753174,10.41793155670166,0.4452876150608063,2.9442999362945557,43,0.14149503409862518,0.6564599275588989,17.782819747924805,102.86734771728516,P02,1.7916666666666667,0.26404204964637756,6.847267150878906
0.02681588837594697,0.9730821847915649,10.41608715057373,0.43906378746032715,2.9327640533447266,44,0.14104780554771423,0.6543081402778625,17.595563888549805,102.8697280883789,P02,1.8333333333333333,0.268552303314209,6.810436725616455
0.026746345288825756,1.0019311904907227,10.550756454467773,0.433819979429245,2.9529998302459717,45,0.35702458024024963,0.6457986235618591,17.20353889465332,102.9923095703125,P02,1.875,0.2624203860759735,6.876462459564209
0.026878403172348485,1.0083216428756714,10.61841869354248,0.4462290108203888,2.9845705032348633,46,0.260009765625,0.6557044386863708,17.599340438842773,102.91873168945312,P02,1.9166666666666667,0.26240018010139465,6.85463285446167
0.027039683948863635,1.0276304483413696,10.575750350952148,0.45946723222732544,2.9934821128845215,47,0.18533824384212494,0.6606060862541199,18.01178741455078,102.81890869140625,P02,1.9583333333333333,0.25409823656082153,6.855490207672119
0.026865826231060607,1.0044974088668823,10.668386459350586,0.45394864678382874,3.021271228790283,48,0.16881325840950012,0.6590782999992371,17.715438842773438,102.81127166748047,P02,2.0,0.2652098834514618,6.89142370223999
0.02670972419507576,1.0060248374938965,10.524853706359863,0.4422845244407654,2.997326374053955,49,0.3873823583126068,0.6549797654151917,17.43474578857422,102.79594421386719,P02,2.0416666666666665,0.26824358105659485,6.892319202423096
0.026774828361742425,1.0211334228515625,10.509810447692871,0.4538249373435974,2.93603515625,50,0.3087868392467499,0.6615557074546814,17.74323844909668,102.76303100585938,P02,2.0833333333333335,0.2633591294288635,6.950286865234375
0.026958303740530303,1.0426404476165771,10.461459159851074,0.4638465344905853,2.944507598876953,51,0.2005138099193573,0.6664170622825623,18.227434158325195,102.65724182128906,P02,2.125,0.251151978969574,6.91719913482666
0.02676077178030303,1.0311912298202515,10.429826736450195,0.4593864679336548,2.9373903274536133,52,0.19171252846717834,0.6640175580978394,18.063852310180664,102.61140441894531,P02,2.1666666666666665,0.2514658570289612,6.895290374755859
0.02658987334280303,1.0277434587478638,10.387106895446777,0.45401886105537415,2.9808473587036133,53,0.4673428535461426,0.6641921997070312,18.159481048583984,102.56831359863281,P02,2.2083333333333335,0.25227776169776917,6.861138820648193
0.02673302852746212,1.023023009300232,10.421370506286621,0.46517214179039,2.993640422821045,54,0.23491211235523224,0.667367160320282,18.183340072631836,102.48283386230469,P02,2.25,0.2540057599544525,6.889019012451172
0.026951645359848484,1.0473344326019287,10.41689682006836,0.47519826889038086,3.029912233352661,55,0.22590221464633942,0.6754232048988342,18.829166412353516,102.3641357421875,P02,2.2916666666666665,0.24568817019462585,6.878425121307373
0.026796283143939392,1.0295040607452393,10.393141746520996,0.46708065271377563,3.041433095932007,56,0.13963179290294647,0.6710165739059448,18.579078674316406,102.35260772705078,P02,2.3333333333333335,0.2504066824913025,6.869701862335205
0.026612437855113635,1.03743314743042,10.336139678955078,0.45054373145103455,2.971964120864868,57,0.5401811003684998,0.6705853343009949,18.515403747558594,102.0880126953125,P02,2.375,0.2500545382499695,6.957921504974365
0.026701216264204547,1.0416901111602783,10.358418464660645,0.46392911672592163,2.980034112930298,58,0.3794289231300354,0.6785666942596436,18.764347076416016,101.89317321777344,P02,2.4166666666666665,0.2555729150772095,6.9199700355529785
0.026882102272727273,1.0520457029342651,10.31839370727539,0.46761032938957214,2.9612650871276855,59,0.24115988612174988,0.6822131276130676,19.1075496673584,101.7329330444336,P02,2.4583333333333335,0.246149480342865,6.921741485595703
0.02681847774621212,1.0233370065689087,10.322468757629395,0.46175211668014526,2.952345848083496,60,0.21271418035030365,0.678765594959259,18.752405166625977,101.67230224609375,P02,2.5,0.2608368694782257,6.832919120788574
0.026722301136363636,1.0167587995529175,10.305951118469238,0.4504663348197937,2.8908092975616455,61,0.4178122878074646,0.6646122336387634,18.018535614013672,101.69974517822266,P02,2.5416666666666665,0.25006482005119324,6.792064666748047
0.02697199041193182,1.0256258249282837,10.331631660461426,0.4641711711883545,2.8721401691436768,62,0.34584516286849976,0.6718195080757141,18.38205337524414,101.57067108154297,P02,2.5833333333333335,0.2466059774160385,6.681972503662109
0.027180619673295454,1.050691843032837,10.2987642288208,0.46855834126472473,2.883681535720825,63,0.24282003939151764,0.6763930320739746,18.908931732177734,101.42285919189453,P02,2.625,0.2453264743089676,6.743299961090088
0.027058919270833332,1.0352036952972412,10.327413558959961,0.4652528166770935,2.892289161682129,64,0.16582919657230377,0.6791127920150757,18.838937759399414,101.36470031738281,P02,2.6666666666666665,0.26899096369743347,6.682662010192871
0.026812189275568183,1.0246171951293945,10.307465553283691,0.4443095326423645,2.852018356323242,65,0.4772438704967499,0.6654536724090576,18.260318756103516,101.46533966064453,P02,2.7083333333333335,0.2734176814556122,6.980151176452637
0.027027846827651514,1.018066644668579,10.380411148071289,0.45584753155708313,2.878955125808716,66,0.30500489473342896,0.6688392162322998,18.27977180480957,101.38465118408203,P02,2.75,0.2681448757648468,7.184149265289307
0.027132531368371213,1.0264503955841064,10.339791297912598,0.4699808657169342,2.8558151721954346,67,0.23199906945228577,0.6723792552947998,18.64674186706543,101.29801177978516,P02,2.7916666666666665,0.25667083263397217,7.275692939758301
0.026944247159090908,1.0150336027145386,10.38569450378418,0.46574389934539795,2.8619062900543213,68,0.33159178495407104,0.6823675036430359,19.218196868896484,101.28730773925781,P02,2.8333333333333335,0.2767629325389862,7.292470932006836
0.02678259647253788,1.030173659324646,10.358989715576172,0.45647895336151123,2.8775570392608643,69,0.5106534361839294,0.6813579201698303,19.1859188079834,101.3425064086914,P02,2.875,0.2690782845020294,7.255645751953125
0.026817368016098485,1.0149462223052979,10.43684196472168,0.4572870135307312,2.886784553527832,70,0.43774303793907166,0.6840652227401733,18.98434829711914,101.30675506591797,P02,2.9166666666666665,0.2711135149002075,7.210272789001465
0.027009721235795453,1.0290802717208862,10.433422088623047,0.47508522868156433,2.886256456375122,71,0.43836671113967896,0.6881586313247681,19.371023178100586,101.19710540771484,P02,2.9583333333333335,0.2610851526260376,7.179171562194824
0.026872484611742423,1.0389461517333984,10.476268768310547,0.47412699460983276,2.901763677597046,72,0.5320956110954285,0.6993963122367859,19.744461059570312,101.04232788085938,P02,3.0,0.2889958918094635,7.121062278747559
0.026869525331439395,1.0312989950180054,10.311996459960938,0.4672972559928894,2.918269634246826,73,0.7342274188995361,0.6989041566848755,19.731918334960938,101.02908325195312,P02,3.0416666666666665,0.27681416273117065,6.993444919586182
0.026956454190340907,1.0249286890029907,10.451355934143066,0.46953085064888,2.9137423038482666,74,0.6940340995788574,0.7002770304679871,19.446151733398438,100.99484252929688,P02,3.0833333333333335,0.2769240438938141,6.7401275634765625
0.027159534801136365,1.0500259399414062,10.426316261291504,0.4777146875858307,2.935370445251465,75,0.44331610202789307,0.7076893448829651,20.002866744995117,100.98318481445312,P02,3.125,0.2633836269378662,6.677611351013184
0.026990855823863635,1.0201516151428223,10.52054500579834,0.47309455275535583,2.965975284576416,76,0.5534523725509644,0.7094393372535706,19.766042709350586,100.88735961914062,P02,3.1666666666666665,0.2886810898780823,6.389781951904297
0.02695386482007576,1.0563935041427612,10.429176330566406,0.4620780646800995,2.847846031188965,77,0.631726086139679,0.7045547962188721,19.868501663208008,101.01333618164062,P02,3.2083333333333335,0.27912119030952454,6.333619594573975
0.027007501775568182,1.0450243949890137,10.439533233642578,0.47091272473335266,2.846139907836914,78,0.4497758448123932,0.7057703733444214,19.816139221191406,101.02569580078125,P02,3.25,0.2724405527114868,6.319869041442871
0.027220200047348486,1.0541400909423828,10.449122428894043,0.48282408714294434,2.830271005630493,79,0.3594093918800354,0.7081131935119629,20.182390213012695,100.97773742675781,P02,3.2916666666666665,0.2616283595561981,6.184447288513184
0.02701453006628788,1.0076440572738647,10.550614356994629,0.46355560421943665,2.9243829250335693,80,0.4929310083389282,0.7023921012878418,19.602827072143555,100.81607818603516,P02,3.3333333333333335,0.28736546635627747,6.068636417388916
0.02710589784564394,1.0225809812545776,10.671873092651367,0.4621241092681885,3.0013039112091064,81,0.6582142114639282,0.6963742971420288,19.325054168701172,100.60626983642578,P02,3.375,0.27458956837654114,6.0106000900268555
0.02803030303030303,1.0244396924972534,10.66817855834961,0.4646584391593933,3.0624189376831055,82,0.45186102390289307,0.6980138421058655,19.423189163208008,100.41264343261719,P02,3.4166666666666665,0.27848944067955017,5.902018070220947
0.029422644412878788,1.0471311807632446,10.619048118591309,0.47246140241622925,3.0971570014953613,83,0.3762184977531433,0.7014836668968201,20.114013671875,100.16703033447266,P02,3.4583333333333335,0.2562366724014282,5.79894495010376
0.02933386600378788,1.0375022888183594,10.645271301269531,0.46375572681427,3.1283323764801025,84,0.45498713850975037,0.7017220854759216,19.956871032714844,99.88261413574219,P02,3.5,0.2759747803211212,5.414948463439941
0.03043286872632576,1.0701038837432861,10.595162391662598,0.45335137844085693,2.9794633388519287,85,0.5258500576019287,0.6948767900466919,19.76515007019043,99.7526626586914,P02,3.5416666666666665,0.25500616431236267,5.212400436401367
0.031429406368371215,1.0646494626998901,10.593243598937988,0.4571027159690857,2.9480738639831543,86,0.37770774960517883,0.697729766368866,19.736963272094727,99.59603881835938,P02,3.5833333333333335,0.26615580916404724,4.955808639526367
0.031776751893939394,1.0759357213974,10.610280990600586,0.46610376238822937,2.9363582134246826,87,0.31324464082717896,0.7033183574676514,20.380109786987305,99.44490051269531,P02,3.625,0.24465420842170715,4.823429107666016
0.03131991299715909,1.0487723350524902,10.671525955200195,0.4594999849796295,2.943143844604492,88,0.49102118611335754,0.7017291188240051,20.079954147338867,99.29877471923828,P02,3.6666666666666665,0.282101571559906,4.631364345550537
0.031105365175189394,1.0750855207443237,10.51817512512207,0.4421045184135437,2.9363162517547607,89,0.5328224897384644,0.6962115168571472,20.080463409423828,99.27555084228516,P02,3.7083333333333335,0.2694298028945923,4.577893257141113
0.031147904829545454,1.073684811592102,10.547137260437012,0.4487065076828003,2.975615978240967,90,0.22823597490787506,0.6968498826026917,19.884765625,99.23838806152344,P02,3.75,0.2730241119861603,4.5252790451049805
0.031120161576704546,1.093143343925476,10.48343276977539,0.458149254322052,2.98386549949646,91,0.3809226155281067,0.7029919624328613,20.484773635864258,99.1158218383789,P02,3.7916666666666665,0.2516036033630371,4.4427080154418945
0.030738414417613637,1.0813294649124146,10.491114616394043,0.4578002393245697,3.045361042022705,92,0.5555131435394287,0.7077387571334839,20.478830337524414,98.9364013671875,P02,3.8333333333333335,0.27772629261016846,4.211389541625977
0.031117572206439393,1.0944761037826538,10.481271743774414,0.4612560570240021,3.0594966411590576,93,0.6036975979804993,0.7093977332115173,20.845911026000977,98.91254425048828,P02,3.875,0.2757175862789154,4.189298152923584
0.032023111979166664,1.0934709310531616,10.513565063476562,0.45752406120300293,2.9964439868927,94,0.40152809023857117,0.7085989713668823,20.648923873901367,98.83203125,P02,3.9166666666666665,0.27383241057395935,4.155179977416992
0.0320364287405303,1.1135475635528564,10.564387321472168,0.4672415256500244,3.02036190032959,95,0.4260287284851074,0.7108534574508667,21.016103744506836,98.70356750488281,P02,3.9583333333333335,0.25616151094436646,4.122373104095459
0.031167879971590907,1.1004972457885742,10.573205947875977,0.4646470546722412,3.0132269859313965,96,0.611437976360321,0.710665225982666,21.05429458618164,98.54135131835938,P02,4.0,0.2549087107181549,4.198340892791748
0.004560990767045455,,,,,0,0.0,1.8453929424285889,473.11309814453125,73.02238464355469,P03,0.0,,
0.0046678947679924246,,,,,1,0.5522893667221069,1.835126280784607,452.9982604980469,73.28252410888672,P03,0.041666666666666664,,
0.005019309303977273,,,,,2,2.4420952796936035,1.8145854473114014,439.1197814941406,75.5809097290039,P03,0.08333333333333333,,
0.005456173058712121,,,,,3,1.5809004306793213,1.8036255836486816,442.2094421386719,76.95376586914062,P03,0.125,,
0.005755800189393939,,,,,4,0.37450283765792847,1.816351056098938,441.43621826171875,76.91617584228516,P03,0.16666666666666666,,
0.005222020004734849,,,,,5,1.1772161722183228,1.800182580947876,412.332275390625,77.48004150390625,P03,0.20833333333333334,,
0.005359256628787879,,,,,6,1.077837586402893,1.776847243309021,404.9883728027344,78.3354263305664,P03,0.25,,
0.0052771366003787875,,,,,7,0.40214288234710693,1.7772771120071411,405.0063171386719,78.42437744140625,P03,0.2916666666666667,,
0.005327814275568182,,,,,8,0.20227383077144623,1.775124192237854,403.5811462402344,78.48041534423828,P03,0.3333333333333333,,
0.004746315696022727,,,,,9,0.9279540777206421,1.7674516439437866,403.8051452636719,78.88890075683594,P03,0.375,,
0.004645700165719697,,,,,10,0.6796541810035706,1.761603593826294,404.5711975097656,79.27271270751953,P03,0.4166666666666667,,
0.0044847892992424246,,,,,11,0.4062688648700714,1.7631309032440186,407.81719970703125,79.39282989501953,P03,0.4583333333333333,,
0.004440770004734848,,,,,12,0.29794812202453613,1.7701796293258667,407.9400634765625,79.35448455810547,P03,0.5,,
0.0036436138731060605,,,,,13,1.6262518167495728,1.7460873126983643,393.27191162109375,80.78265380859375,P03,0.5416666666666666,,
0.0037412701231060606,,,,,14,0.5667335987091064,1.7487632036209106,389.93536376953125,80.91204071044922,P03,0.5833333333333334,,
0.003533380681818182,,,,,15,0.3715920150279999,1.7435956001281738,388.9231262207031,80.9566421508789,P03,0.625,,
0.0036092122395833333,,,,,16,0.4744817614555359,1.7478324174880981,388.2866516113281,80.77379608154297,P03,0.6666666666666666,,
0.003531161221590909,,,,,17,0.7037519812583923,1.748693585395813,392.3270263671875,80.87171173095703,P03,0.7083333333333334,,
0.0037053888494318183,,,,,18,0.46940362453460693,1.7524607181549072,395.4310302734375,80.88841247558594,P03,0.75,,
0.003501938328598485,,,,,19,0.35857266187667847,1.7650578022003174,400.392822265625,80.85533905029297,P03,0.7916666666666666,,
0.003543368252840909,,,,,20,0.3591119945049286,1.789807915687561,400.916259765625,80.73705291748047,P03,0.8333333333333334,,
0.0035918264678030305,,,,,21,0.6718761324882507,1.7538434267044067,394.8326416015625,81.07015991210938,P03,0.875,,
0.003880356297348485,,,,,22,0.6133644580841064,1.7655353546142578,393.53021240234375,80.77375793457031,P03,0.9166666666666666,,
0.003754216974431818,,,,,23,0.4018521308898926,1.7611080408096313,393.87255859375,80.74293518066406,P03,0.9583333333333334,,
0.0038337476325757576,,,,,24,0.33630481362342834,1.7650831937789917,393.471923828125,80.62824249267578,P03,1.0,,
0.004030909682765152,,,,,25,0.7409901022911072,1.7710410356521606,401.4036865234375,80.2977294921875,P03,1.0416666666666667,,
0.004336825284090909,,,,,26,0.550952136516571,1.776608943939209,408.2575378417969,80.34321594238281,P03,1.0833333333333333,,
0.004279489228219697,,,,,27,0.4706631600856781,1.8097273111343384,416.1470642089844,80.12870025634766,P03,1.125,,
0.004332756273674242,,,,,28,0.45709672570228577,1.852830171585083,418.35821533203125,80.1115951538086,P03,1.1666666666666667,,
0.004141882694128788,,,,,29,0.9520518779754639,1.7873035669326782,416.54388427734375,80.62152099609375,P03,1.2083333333333333,,
0.004263583096590909,,,,,30,0.5421153903007507,1.790135383605957,419.79681396484375,80.34859466552734,P03,1.25,,
0.004175914417613637,,,,,31,0.6105812788009644,1.7847086191177368,426.264404296875,79.92121124267578,P03,1.2916666666666667,,
0.004196999289772727,,,,,32,1.1653841733932495,1.7703474760055542,424.6192321777344,78.89480590820312,P03,1.3333333333333333,,
0.004586514559659091,,,,,33,0.8373990058898926,1.7892847061157227,435.4465637207031,78.4527816772461,P03,1.375,,
0.004594282670454545,,,,,34,0.548798143863678,1.783829927444458,438.908203125,78.59371185302734,P03,1.4166666666666667,,
0.0045206705729166664,,,,,35,0.42227673530578613,1.792162537574768,446.1548156738281,78.61431121826172,P03,1.4583333333333333,,
0.004564689867424242,,,,,36,0.26915839314460754,1.787200927734375,445.1165466308594,78.65782165527344,P03,1.5,,
0.004646070075757576,,,,,37,0.7369195818901062,1.7946181297302246,442.53729248046875,78.2967758178711,P03,1.5416666666666667,,
0.004738547585227273,,,,,38,0.43455809354782104,1.7874473333358765,442.29302978515625,78.4570541381836,P03,1.5833333333333333,,
0.004744096235795455,,,,,39,0.34149059653282166,1.7970447540283203,444.58660888671875,78.42107391357422,P03,1.625,,
0.004873934659090909,,,,,40,0.29663974046707153,1.801534652709961,443.656005859375,78.40684509277344,P03,1.6666666666666667,,
0.004778867779356061,,,,,41,0.7469449043273926,1.8052620887756348,446.93450927734375,78.37924194335938,P03,1.7083333333333333,,
0.004972330729166667,,,,,42,0.44144952297210693,1.7968086004257202,448.9396057128906,78.52287292480469,P03,1.75,,
0.004837683475378788,,,,,43,0.3778042793273926,1.8090542554855347,453.4489440917969,78.37016296386719,P03,1.7916666666666667,,
0.004850630326704545,,,,,44,0.5384410619735718,1.818414568901062,455.9407958984375,78.12918853759766,P03,1.8333333333333333,,
0.004805871212121212,,,,,45,0.9653786420822144,1.8131530284881592,455.9096374511719,78.8844223022461,P03,1.875,,
0.005067027698863636,,,,,46,0.48149970173835754,1.8196338415145874,457.3856201171875,78.86530303955078,P03,1.9166666666666667,,
0.005155436197916667,,,,,47,0.4376320540904999,1.8324202299118042,460.51983642578125,78.82148742675781,P03,1.9583333333333333,,
0.005208703243371212,,,,,48,0.4847301244735718,1.8505765199661255,459.2088928222656,78.91493225097656,P03,2.0,,
0.0049712209990530306,,,,,49,0.8252086043357849,1.8189470767974854,454.7107849121094,78.6434097290039,P03,2.0416666666666665,,
0.004983058120265151,,,,,50,0.5135786533355713,1.8136571645736694,452.0249938964844,78.5696029663086,P03,2.0833333333333335,,
0.004828435724431818,,,,,51,0.8328424692153931,1.8057265281677246,452.486083984375,77.9754409790039,P03,2.125,,
0.005170972419507576,,,,,52,1.3221734762191772,1.7942789793014526,451.29638671875,76.87753295898438,P03,2.1666666666666665,,
0.004898718631628788,,,,,53,1.0185202360153198,1.7982771396636963,453.1647033691406,76.49043273925781,P03,2.2083333333333335,,
0.005120294744318182,,,,,54,0.6187821626663208,1.7905442714691162,454.9320373535156,76.20262908935547,P03,2.25,,
0.0053725733901515155,,,,,55,0.8537763953208923,1.797749638557434,459.516845703125,75.63768768310547,P03,2.2916666666666665,,
0.005374792850378788,,,,,56,0.6089233160018921,1.7955832481384277,458.2756652832031,75.40469360351562,P03,2.3333333333333335,,
0.005821274266098485,,,,,57,0.925707995891571,1.7790857553482056,459.74957275390625,75.09143829345703,P03,2.375,,
0.006140876538825757,,,,,58,0.9480246901512146,1.7807815074920654,454.1536560058594,74.58540344238281,P03,2.4166666666666665,,
0.006386126893939394,,,,,59,0.8463323712348938,1.777380347251892,453.4886474609375,74.06245422363281,P03,2.4583333333333335,,
0.006183416193181818,,,,,60,1.7041736841201782,1.7602871656417847,450.91925048828125,73.0033187866211,P03,2.5,,
0.006345806699810606,,,,,61,0.9462879300117493,1.752160906791687,445.07305908203125,72.70612335205078,P03,2.5416666666666665,,
0.006331010298295455,,,,,62,1.0309569835662842,1.7541899681091309,439.7758483886719,72.1661148071289,P03,2.5833333333333335,,
0.006861831202651515,,,,,63,1.0858265161514282,1.770672082901001,439.69580078125,71.57699584960938,P03,2.625,,
0.006318803267045455,,,,,64,1.0991666316986084,1.7936564683914185,443.13360595703125,71.42052459716797,P03,2.6666666666666665,,
0.00658587831439394,,,,,65,1.0887041091918945,1.776018738746643,453.9520568847656,71.5589828491211,P03,2.7083333333333335,,
0.00684518525094697,,,,,66,0.9286554455757141,1.7947555780410767,462.73651123046875,71.32598876953125,P03,2.75,,
0.007499186197916666,,,,,67,1.042688012123108,1.783279299736023,464.6672668457031,71.08252716064453,P03,2.7916666666666665,,
0.007329397490530303,,,,,68,1.2590054273605347,1.7933549880981445,472.4283142089844,70.40660858154297,P03,2.8333333333333335,,
0.008058120265151516,,,,,69,1.4830876588821411,1.8110568523406982,482.72509765625,70.47634887695312,P03,2.875,,
0.008396957859848484,,,,,70,0.9732300043106079,1.8231183290481567,487.47174072265625,70.2874984741211,P03,2.9166666666666665,,
0.008385490648674242,,,,,71,0.9448608160018921,1.8083165884017944,488.8038635253906,70.10515594482422,P03,2.9583333333333335,,
0.007461085464015152,,,,,72,1.290673851966858,1.8033729791641235,487.2813415527344,69.26669311523438,P03,3.0,,
0.0070760091145833336,,,,,73,0.9086214900016785,1.8198425769805908,493.2486267089844,68.86617279052734,P03,3.0416666666666665,,
0.006385017163825757,,,,,74,0.8686168193817139,1.8023027181625366,493.630126953125,68.8141860961914,P03,3.0833333333333335,,
0.005817205255681818,,,,,75,0.5792802572250366,1.810485601425171,499.7664794921875,68.45867156982422,P03,3.125,,
0.005547170928030303,,,,,76,0.8710060715675354,1.8003525733947754,497.3292236328125,67.77999877929688,P03,3.1666666666666665,,
0.005140639796401515,,,,,77,0.9009022116661072,1.7944655418395996,499.80291748046875,68.49722290039062,P03,3.2083333333333335,,
0.005268258759469697,,,,,78,0.5163485407829285,1.8119287490844727,499.0807800292969,68.17095947265625,P03,3.25,,
0.005304879853219697,,,,,79,0.42825594544410706,1.8001059293746948,500.84521484375,68.1123275756836,P03,3.2916666666666665,,
0.005122144294507576,,,,,80,0.49136629700660706,1.8038069009780884,501.14544677734375,67.90079498291016,P03,3.3333333333333335,,
0.005098470052083333,,,,,81,0.5367453694343567,1.8111300468444824,503.62078857421875,67.8042221069336,P03,3.375,,
0.00519427675189394,,,,,82,0.40465864539146423,1.8064768314361572,501.7868347167969,67.83796691894531,P03,3.4166666666666665,,
0.005361106178977273,,,,,83,0.46887651085853577,1.8114590644836426,503.16876220703125,67.50081634521484,P03,3.4583333333333335,,
0.005213512073863637,,,,,84,0.46678245067596436,1.8073722124099731,503.9171447753906,67.2499008178711,P03,3.5,,
0.005105128432765151,,,,,85,0.79974365234375,1.8066483736038208,505.61431884765625,67.84243774414062,P03,3.5416666666666665,,
0.005100319602272727,,,,,86,0.5068825483322144,1.806024193763733,503.9098815917969,67.52035522460938,P03,3.5833333333333335,,
0.005164314038825757,,,,,87,0.3223899006843567,1.7973463535308838,504.036376953125,67.51793670654297,P03,3.625,,
0.005199825402462121,,,,,88,0.47518420219421387,1.8041272163391113,505.896484375,67.24295806884766,P03,3.6666666666666665,,
0.005132501775568182,,,,,89,0.7541182041168213,1.8073694705963135,509.57781982421875,67.79690551757812,P03,3.7083333333333335,,
0.005273067589962121,,,,,90,0.3866688013076782,1.802284836769104,508.048583984375,67.96163940429688,P03,3.75,,
0.00542584043560606,,,,,91,0.46660488843917847,1.8029385805130005,508.9238586425781,67.6243896484375,P03,3.7916666666666665,,
0.005430279356060606,,,,,92,0.6625022292137146,1.8163132667541504,511.6316833496094,67.11858367919922,P03,3.8333333333333335,,
0.005391438802083333,,,,,93,0.5072442889213562,1.8248614072799683,515.23779296875,67.09990692138672,P03,3.875,,
0.005426580255681818,,,,,94,0.45768821239471436,1.8148530721664429,513.1259765625,67.21387481689453,P03,3.9166666666666665,,
0.0055871212121212125,,,,,95,0.3828635513782501,1.8002197742462158,513.546142578125,67.27590942382812,P03,3.9583333333333335,,
0.005664432410037879,,,,,96,0.4437977075576782,1.7999216318130493,513.9315795898438,67.05835723876953,P03,4.0,,
0.00027632279829545455,,,,,0,0.0,0.6775927543640137,24.458080291748047,206.58399963378906,P04,0.0,,
0.00036769057765151516,,,,,1,0.4315696060657501,0.6822260022163391,24.249927520751953,206.61807250976562,P04,0.041666666666666664,,
0.00035770300662878786,,,,,2,0.16670477390289307,0.6875414848327637,24.686279296875,206.53041076660156,P04,0.08333333333333333,,
0.00035881273674242425,,,,,3,0.19725674390792847,0.6891456842422485,24.87584114074707,206.41262817382812,P04,0.125,,
0.0003506747159090909,,,,,4,0.09985684603452682,0.6912164688110352,25.167999267578125,206.33828735351562,P04,0.16666666666666666,,
0.0005681818181818182,,,,,5,0.7407625913619995,0.6925585865974426,26.375009536743164,206.77833557128906,P04,0.20833333333333334,,
0.000654000946969697,,,,,6,0.23845325410366058,0.7060049176216125,28.548816680908203,206.7936248779297,P04,0.25,,
0.000786428740530303,,,,,7,0.18461914360523224,0.697655439376831,28.044265747070312,206.82196044921875,P04,0.2916666666666667,,
0.0007568359375,,,,,8,0.2962169349193573,0.6953693628311157,27.314605712890625,206.66575622558594,P04,0.3333333333333333,,
0.00067138671875,,,,,9,0.8620206117630005,0.7060649991035461,28.757587432861328,206.16018676757812,P04,0.375,,
0.0006780450994318182,,,,,10,0.9524713754653931,0.7375453114509583,32.26041793823242,205.8218994140625,P04,0.4166666666666667,,
0.0006872928503787878,,,,,11,0.26150789856910706,0.7375850081443787,32.319217681884766,205.75347900390625,P04,0.4583333333333333,,
0.0006913618607954546,,,,,12,0.13148970901966095,0.745701253414154,32.74098587036133,205.6629638671875,P04,0.5,,
0.0007224343039772727,,,,,13,0.8831842541694641,0.7190755009651184,30.671768188476562,205.55308532714844,P04,0.5416666666666666,,
0.000715036103219697,,,,,14,0.44004571437835693,0.7478642463684082,33.83414840698242,205.79751586914062,P04,0.5833333333333334,,
0.0008389559659090909,,,,,15,0.19438809156417847,0.7380715012550354,33.07741165161133,205.8970489501953,P04,0.625,,
0.0008322975852272727,,,,,16,0.07416880875825882,0.7406446933746338,33.675846099853516,205.86813354492188,P04,0.6666666666666666,,
0.0008163914535984848,,,,,17,0.3149047791957855,0.7495000958442688,34.844398498535156,205.8950958251953,P04,0.7083333333333334,,
0.0007964163115530303,,,,,18,0.08447265625,0.7570301294326782,35.46397399902344,205.87686157226562,P04,0.75,,
0.0008648496685606061,,,,,19,0.08159734308719635,0.751426637172699,34.967613220214844,205.91050720214844,P04,0.7916666666666666,,
0.0008260091145833333,,,,,20,0.08692626655101776,0.7545598149299622,34.93248748779297,205.87034606933594,P04,0.8333333333333334,,
0.0008015950520833333,,,,,21,0.34768620133399963,0.7515425682067871,34.917884826660156,205.9887237548828,P04,0.875,,
0.0007642341382575758,,,,,22,0.11834161728620529,0.7605431079864502,35.67756271362305,206.00003051757812,P04,0.9166666666666666,,
0.000852642637310606,,,,,23,0.13413973152637482,0.7471244931221008,34.802833557128906,206.09878540039062,P04,0.9583333333333334,,
0.0008496833570075758,,,,,24,0.07311900705099106,0.7458017468452454,34.714298248291016,206.07672119140625,P04,1.0,,
0.0007527669270833334,,,,,25,0.2776999771595001,0.7557969093322754,35.77515411376953,205.96893310546875,P04,1.0416666666666667,,
0.0007501775568181818,,,,,26,0.06780672818422318,0.7630521059036255,36.30824661254883,205.93621826171875,P04,1.0833333333333333,,
0.0007368607954545454,,,,,27,0.08828680217266083,0.7530462145805359,35.39197540283203,205.91256713867188,P04,1.125,,
0.0007675633285984849,,,,,28,0.07842351496219635,0.7501586675643921,35.15313720703125,205.9229736328125,P04,1.1666666666666667,,
0.00072021484375,,,,,29,0.34422385692596436,0.7669386863708496,36.52064895629883,205.73480224609375,P04,1.2083333333333333,,
0.0007856889204545455,,,,,30,0.23123446106910706,0.7471855282783508,35.249820709228516,205.7817840576172,P04,1.25,,
0.0008030746922348485,,,,,31,0.11913507431745529,0.7495546936988831,35.50504684448242,205.77308654785156,P04,1.2916666666666667,,
0.0008115826231060606,,,,,32,0.13810591399669647,0.7507578134536743,35.38489532470703,205.70594787597656,P04,1.3333333333333333,,
0.0006965406013257576,,,,,33,0.30541104078292847,0.7669705748558044,37.70274353027344,205.61416625976562,P04,1.375,,
0.0007753314393939394,,,,,34,0.2958240807056427,0.7532537579536438,37.10467529296875,205.67880249023438,P04,1.4166666666666667,,
0.0007568359375,,,,,35,0.08877618610858917,0.7543054819107056,37.21308898925781,205.68338012695312,P04,1.4583333333333333,,
0.0007442589962121212,,,,,36,0.06508900225162506,0.7546533346176147,37.21525573730469,205.66928100585938,P04,1.5,,
0.0006998697916666667,,,,,37,0.2829856276512146,0.7717671394348145,39.120994567871094,205.61720275878906,P04,1.5416666666666667,,
0.0007816199100378788,,,,,38,0.16093528270721436,0.758142352104187,38.27919006347656,205.7229766845703,P04,1.5833333333333333,,
0.0008119525331439394,,,,,39,0.11635631322860718,0.756503164768219,38.2133674621582,205.74026489257812,P04,1.625,,
0.0007945667613636363,,,,,40,0.07247425615787506,0.7565125823020935,38.1199836730957,205.74542236328125,P04,1.6666666666666667,,
0.0007157759232954545,,,,,41,0.30192315578460693,0.7740920782089233,39.81220626831055,205.60220336914062,P04,1.7083333333333333,,
0.0008341471354166666,,,,,42,0.19779717922210693,0.7605904936790466,38.91251754760742,205.67071533203125,P04,1.75,,
0.0008326674952651515,,,,,43,0.10774480551481247,0.763818085193634,38.971412658691406,205.65484619140625,P04,1.7916666666666667,,
0.0008445046164772727,,,,,44,0.05915971100330353,0.763778567314148,39.03700256347656,205.6372833251953,P04,1.8333333333333333,,
0.0007657137784090909,,,,,45,0.2933849096298218,0.7757063508033752,39.931400299072266,205.59669494628906,P04,1.875,,
0.0008385860558712122,,,,,46,0.16631636023521423,0.7606448531150818,38.826324462890625,205.6994171142578,P04,1.9166666666666667,,
0.0008400656960227273,,,,,47,0.10817760229110718,0.7595216035842896,38.79168701171875,205.70150756835938,P04,1.9583333333333333,,
0.0007997455018939394,,,,,48,0.07383478432893753,0.7606583833694458,38.8430290222168,205.68040466308594,P04,2.0,,
0.00074462890625,,,,,49,0.2599354088306427,0.7779480218887329,40.05826950073242,205.56715393066406,P04,2.0416666666666665,,
0.0008433948863636364,,,,,50,0.15808993577957153,0.7657274007797241,39.19539260864258,205.6471405029297,P04,2.0833333333333335,,
0.0008267489346590909,,,,,51,0.10186212509870529,0.7665889263153076,39.12212371826172,205.6506805419922,P04,2.125,,
0.0008289683948863636,,,,,52,0.07504549622535706,0.7681736350059509,39.14873123168945,205.63198852539062,P04,2.1666666666666665,,
0.0007823597301136364,,,,,53,0.2415960133075714,0.7841207981109619,40.479209899902344,205.5428924560547,P04,2.2083333333333335,,
0.0008574514678030303,,,,,54,0.15938831865787506,0.7693198919296265,39.47108459472656,205.65367126464844,P04,2.25,,
0.0008456143465909091,,,,,55,0.11028164625167847,0.7673324346542358,39.286495208740234,205.6760711669922,P04,2.2916666666666665,,
0.000837106415719697,,,,,56,0.07299693673849106,0.7681568264961243,39.37746047973633,205.66387939453125,P04,2.3333333333333335,,
0.0008134321732954546,,,,,57,0.2611982822418213,0.7821570634841919,40.191463470458984,205.52041625976562,P04,2.375,,
0.0009366122159090909,,,,,58,0.17492453753948212,0.7667978405952454,38.89189147949219,205.6040802001953,P04,2.4166666666666665,,
0.0008874141808712121,,,,,59,0.10606911033391953,0.7666569352149963,38.73835754394531,205.59751892089844,P04,2.4583333333333335,,
0.0009232954545454545,,,,,60,0.07366499304771423,0.7669093608856201,38.65815353393555,205.5686798095703,P04,2.5,,
0.0008378462357954545,,,,,61,0.31285732984542847,0.7743003368377686,39.711666107177734,205.5005340576172,P04,2.5416666666666665,,
0.0008744673295454546,,,,,62,0.44453126192092896,0.735877275466919,37.28047180175781,205.53622436523438,P04,2.5833333333333335,,
0.0008951822916666666,,,,,63,0.7967673540115356,0.7368507385253906,37.3028678894043,205.36309814453125,P04,2.625,,
0.000908499053030303,,,,,64,1.2425448894500732,0.7442145347595215,38.05845260620117,205.1211700439453,P04,2.6666666666666665,,
0.0009336529356060606,,,,,65,2.329343557357788,0.7260816693305969,37.673255920410156,204.33973693847656,P04,2.7083333333333335,,
0.001130075165719697,,,,,66,2.70867919921875,0.731748640537262,40.88870620727539,204.4369354248047,P04,2.75,,
0.0008715080492424243,,,,,67,1.5631603002548218,0.6950631141662598,30.637508392333984,204.3558807373047,P04,2.7916666666666665,,
0.0006876627604166667,,,,,68,2.850029945373535,0.6940121054649353,29.617935180664062,205.44906616210938,P04,2.8333333333333335,,
0.0006565903172348485,,,,,69,1.543127417564392,0.696225643157959,28.361026763916016,205.4346160888672,P04,2.875,,
0.0006403142755681818,,,,,70,1.3082774877548218,0.6749801635742188,25.848384857177734,206.19615173339844,P04,2.9166666666666665,,
0.0005966648910984848,,,,,71,0.5782836675643921,0.6777262091636658,25.842966079711914,206.4656219482422,P04,2.9583333333333335,,
0.0005937056107954545,,,,,72,0.49388426542282104,0.6810712218284607,25.667919158935547,206.5801239013672,P04,3.0,,
0.0005341500946969697,,,,,73,0.8989613056182861,0.6864386796951294,25.549585342407227,206.77578735351562,P04,3.0416666666666665,,
0.0015983812736742424,,,,,74,3.9813854694366455,0.6892786026000977,30.76593780517578,206.9464874267578,P04,3.0833333333333335,,
0.0007734818892045454,,,,,75,2.2431628704071045,0.6638057827949524,24.9260196685791,207.18568420410156,P04,3.125,,
0.00036473129734848484,,,,,76,1.6241122484207153,0.6711757779121399,25.851377487182617,207.05816650390625,P04,3.1666666666666665,,
0.0005426580255681818,,,,,77,2.0749733448028564,0.6824159026145935,29.933176040649414,206.76455688476562,P04,3.2083333333333335,,
0.0013779148910984848,,,,,78,2.5593860149383545,0.6607852578163147,29.813112258911133,208.14083862304688,P04,3.25,,
0.0001498135653409091,,,,,79,2.3487982749938965,0.618800938129425,20.775453567504883,209.1790771484375,P04,3.2916666666666665,,
0.0002630060369318182,,,,,80,2.2478716373443604,0.5981761813163757,16.703393936157227,210.03175354003906,P04,3.3333333333333335,,
0.0002652254971590909,,,,,81,1.1570490598678589,0.5899573564529419,16.030500411987305,209.9267120361328,P04,3.375,,
0.0001860647490530303,,,,,82,1.4036554098129272,0.5871221423149109,16.000688552856445,210.1241455078125,P04,3.4166666666666665,,
0.00010098544034090909,,,,,83,0.8955522179603577,0.5880312323570251,15.874333381652832,210.21188354492188,P04,3.4583333333333335,,
0.0001309481534090909,,,,,84,0.7461680769920349,0.580704927444458,15.461251258850098,210.312744140625,P04,3.5,,
0.0003392075047348485,,,,,85,1.0756003856658936,0.5775650143623352,15.121260643005371,210.32284545898438,P04,3.5416666666666665,,
0.00027854225852272726,,,,,86,1.0632978677749634,0.5711694955825806,16.377193450927734,210.68344116210938,P04,3.5833333333333335,,
2.922289299242424e-05,,,,,87,0.9430608749389648,0.5564550757408142,14.005081176757812,211.01402282714844,P04,3.625,,
4.438920454545455e-05,,,,,88,1.1456376314163208,0.5416610240936279,12.583312034606934,211.38209533691406,P04,3.6666666666666665,,
0.0001646099668560606,,,,,89,0.9170332551002502,0.5571724772453308,13.131092071533203,211.14202880859375,P04,3.7083333333333335,,
5.918560606060606e-06,,,,,90,0.7064552903175354,0.5426573753356934,12.196873664855957,211.4851531982422,P04,3.75,,
7.398200757575758e-06,,,,,91,0.23221324384212494,0.5464733839035034,12.201428413391113,211.42042541503906,P04,3.7916666666666665,,
9.247750946969697e-06,,,,,92,0.1343594640493393,0.5481915473937988,12.247909545898438,211.36526489257812,P04,3.8333333333333335,,
8.138020833333333e-06,,,,,93,0.2915937900543213,0.5622067451477051,13.207250595092773,211.2338104248047,P04,3.875,,
7.768110795454545e-06,,,,,94,0.18404874205589294,0.5556989908218384,12.654738426208496,211.19248962402344,P04,3.9166666666666665,,
8.138020833333333e-06,,,,,95,0.13017022609710693,0.5533882975578308,12.605623245239258,211.22837829589844,P04,3.9583333333333335,,
7.768110795454545e-06,,,,,96,0.1515824794769287,0.5598304271697998,12.88313102722168,211.13185119628906,P04,4.0,,
1.0357481060606061e-05,,,,,0,0.0,1.0258153676986694,61.00849533081055,166.54673767089844,P05,0.0,,
5.918560606060606e-06,,,,,1,0.7234308123588562,1.0246676206588745,60.353248596191406,166.96856689453125,P05,0.041666666666666664,,
2.219460227272727e-06,,,,,2,0.3820933997631073,1.019950032234192,59.4243278503418,167.1758575439453,P05,0.08333333333333333,,
1.8495501893939394e-06,,,,,3,0.38434281945228577,1.0124908685684204,58.90614318847656,167.180419921875,P05,0.125,,
2.959280303030303e-06,,,,,4,0.3300281763076782,1.014556646347046,59.52568054199219,166.9425048828125,P05,0.16666666666666666,,
1.553622159090909e-05,,,,,5,0.6605479717254639,1.0128567218780518,61.281517028808594,166.70042419433594,P05,0.20833333333333334,,
4.290956439393939e-05,,,,,6,1.2681862115859985,1.0616321563720703,66.79851531982422,165.9169921875,P05,0.25,,
4.6238754734848484e-05,,,,,7,0.10885342955589294,1.0655720233917236,67.66178131103516,165.89950561523438,P05,0.2916666666666667,,
4.697857481060606e-05,,,,,8,0.061489034444093704,1.0626246929168701,67.51268005371094,165.90699768066406,P05,0.3333333333333333,,
5.1787405303030304e-05,,,,,9,0.5082575082778931,1.0444793701171875,68.79779052734375,165.80276489257812,P05,0.375,,
5.1417495265151514e-05,,,,,10,0.5500388145446777,1.0585328340530396,70.67127990722656,165.44708251953125,P05,0.4166666666666667,,
5.400686553030303e-05,,,,,11,0.20513805747032166,1.062817096710205,71.66313934326172,165.3170166015625,P05,0.4583333333333333,,
5.4746685606060606e-05,,,,,12,0.16272194683551788,1.0580445528030396,71.6628189086914,165.20066833496094,P05,0.5,,
6.69537168560606e-05,,,,,13,0.6299582719802856,1.0573545694351196,72.15087890625,165.32632446289062,P05,0.5416666666666666,,
7.176254734848485e-05,,,,,14,0.21376509964466095,1.0570082664489746,71.46212768554688,165.37876892089844,P05,0.5833333333333334,,
8.285984848484849e-05,,,,,15,0.21606223285198212,1.0604227781295776,71.90467071533203,165.2858428955078,P05,0.625,,
8.618903882575758e-05,,,,,16,0.28372693061828613,1.0652594566345215,71.95435333251953,165.08717346191406,P05,0.6666666666666666,,
8.064038825757576e-05,,,,,17,0.6274214386940002,1.0488413572311401,71.20381164550781,165.28700256347656,P05,0.7083333333333334,,
7.472182765151514e-05,,,,,18,0.2599565088748932,1.0391267538070679,69.9543685913086,165.407958984375,P05,0.75,,
7.91607481060606e-05,,,,,19,0.21719637513160706,1.0481743812561035,70.4559326171875,165.35198974609375,P05,0.7916666666666666,,
8.433948863636364e-05,,,,,20,0.6501387357711792,1.1348249912261963,75.46951293945312,164.83981323242188,P05,0.8333333333333334,,
6.288470643939394e-05,,,,,21,0.535754382610321,1.0891231298446655,73.13488006591797,165.02272033691406,P05,0.875,,
5.770596590909091e-05,,,,,22,0.3187156021595001,1.0718883275985718,71.2741928100586,165.064208984375,P05,0.9166666666666666,,
6.547407670454546e-05,,,,,23,0.4227772057056427,1.1090915203094482,73.40458679199219,164.7806396484375,P05,0.9583333333333334,,
6.621389678030304e-05,,,,,24,0.16209827363491058,1.1189244985580444,73.77472686767578,164.69650268554688,P05,1.0,,
6.917317708333333e-05,,,,,25,0.570361316204071,1.0749311447143555,71.47504425048828,164.8580322265625,P05,1.0416666666666667,,
6.362452651515152e-05,,,,,26,0.3530806005001068,1.0491342544555664,69.32040405273438,165.10035705566406,P05,1.0833333333333333,,
7.02829071969697e-05,,,,,27,0.27961981296539307,1.0765881538391113,70.98553466796875,164.97947692871094,P05,1.125,,
7.102272727272727e-05,,,,,28,0.19668634235858917,1.1152894496917725,73.23893737792969,164.89450073242188,P05,1.1666666666666667,,
7.62014678030303e-05,,,,,29,0.5396595597267151,1.0708259344100952,71.37023162841797,164.88616943359375,P05,1.2083333333333333,,
7.768110795454545e-05,,,,,30,0.2931707203388214,1.0597509145736694,69.9595947265625,164.9310760498047,P05,1.25,,
8.396957859848485e-05,,,,,31,0.28171053528785706,1.0690863132476807,71.12969970703125,164.8475341796875,P05,1.2916666666666667,,
9.099786931818182e-05,,,,,32,0.30409491062164307,1.0857826471328735,71.67631530761719,164.70941162109375,P05,1.3333333333333333,,
8.212002840909091e-05,,,,,33,0.5225785970687866,1.0775147676467896,72.83545684814453,164.8284149169922,P05,1.375,,
8.101029829545455e-05,,,,,34,0.33487993478775024,1.0574183464050293,71.78684997558594,165.03536987304688,P05,1.4166666666666667,,
8.24899384469697e-05,,,,,35,0.19921208918094635,1.0659410953521729,72.67314910888672,164.95396423339844,P05,1.4583333333333333,,
8.24899384469697e-05,,,,,36,0.13239523768424988,1.067375898361206,72.57470703125,164.92340087890625,P05,1.5,,
7.879083806818182e-05,,,,,37,0.45962247252464294,1.0804767608642578,74.07778930664062,165.01031494140625,P05,1.5416666666666667,,
7.546164772727273e-05,,,,,38,0.21294167637825012,1.0749497413635254,73.3941421508789,165.12457275390625,P05,1.5833333333333333,,
7.842092803030303e-05,,,,,39,0.18629372119903564,1.0802301168441772,73.77896881103516,165.11912536621094,P05,1.625,,
8.212002840909091e-05,,,,,40,0.12417325377464294,1.0890175104141235,74.0677261352539,165.1053924560547,P05,1.6666666666666667,,
7.287227746212121e-05,,,,,41,0.4744906425476074,1.0685819387435913,72.76888275146484,165.2838897705078,P05,1.7083333333333333,,
7.213245738636364e-05,,,,,42,0.25435346364974976,1.0572837591171265,71.97079467773438,165.4442901611328,P05,1.75,,
7.472182765151514e-05,,,,,43,0.18310657143592834,1.0652827024459839,72.7305908203125,165.42080688476562,P05,1.7916666666666667,,
7.32421875e-05,,,,,44,0.1663818359375,1.0792709589004517,73.24910736083984,165.37750244140625,P05,1.8333333333333333,,
0.00012244022253787878,,,,,45,1.3988703489303589,1.1069350242614746,76.52494049072266,165.65496826171875,P05,1.875,,
0.00012650923295454546,,,,,46,0.2389848232269287,1.0962940454483032,75.0440902709961,165.75807189941406,P05,1.9166666666666667,,
0.00014870383522727274,,,,,47,0.2529774010181427,1.1080223321914673,75.86590576171875,165.69491577148438,P05,1.9583333333333333,,
0.0001646099668560606,,,,,48,0.2921064794063568,1.1337145566940308,77.21126556396484,165.5516815185547,P05,2.0,,
0.00015018347537878787,,,,,49,0.4749966561794281,1.1313273906707764,78.26585388183594,165.72019958496094,P05,2.0416666666666665,,
0.00014204545454545454,,,,,50,0.22698086500167847,1.1244075298309326,77.59607696533203,165.83053588867188,P05,2.0833333333333335,,
0.00014759410511363635,,,,,51,0.2621781826019287,1.135202407836914,78.08287811279297,165.76129150390625,P05,2.125,,
0.00014500473484848486,,,,,52,0.22984841465950012,1.1299359798431396,77.93526458740234,165.6852569580078,P05,2.1666666666666665,,
0.00014722419507575758,,,,,53,0.4116421639919281,1.130554437637329,79.30863189697266,165.72247314453125,P05,2.2083333333333335,,
0.00013242779356060607,,,,,54,0.22033581137657166,1.1208157539367676,78.19619750976562,165.8011474609375,P05,2.25,,
0.00014759410511363635,,,,,55,0.27465710043907166,1.125196099281311,78.68712615966797,165.7703857421875,P05,2.2916666666666665,,
0.0001494436553030303,,,,,56,0.21484264731407166,1.1418042182922363,79.66667175292969,165.7171173095703,P05,2.3333333333333335,,
0.00015351266571969697,,,,,57,0.36108288168907166,1.1438559293746948,80.52820587158203,165.67762756347656,P05,2.375,,
0.0001405658143939394,,,,,58,0.3718894124031067,1.1351124048233032,78.90325164794922,165.71856689453125,P05,2.4166666666666665,,
0.00013945608428030302,,,,,59,0.22630615532398224,1.1387618780136108,79.2283935546875,165.67233276367188,P05,2.4583333333333335,,
0.00014093572443181818,,,,,60,0.2704101502895355,1.1217906475067139,78.19701385498047,165.53587341308594,P05,2.5,,
0.0001220703125,,,,,61,0.48363813757896423,1.1297208070755005,78.68180084228516,165.34060668945312,P05,2.5416666666666665,,
0.00010838364109848486,,,,,62,0.27443403005599976,1.1143118143081665,76.65950012207031,165.29273986816406,P05,2.5833333333333335,,
0.00012059067234848485,,,,,63,0.6434925198554993,1.1566914319992065,78.51502990722656,164.7491455078125,P05,2.625,,
0.00011985085227272727,,,,,64,0.18915793299674988,1.1515194177627563,77.62178039550781,164.6839141845703,P05,2.6666666666666665,,
0.00010727391098484848,,,,,65,0.7009432911872864,1.110290765762329,73.95858764648438,164.96339416503906,P05,2.7083333333333335,,
0.00010468454071969697,,,,,66,0.2922441065311432,1.0878745317459106,71.28157806396484,165.13018798828125,P05,2.75,,
0.00011060310132575757,,,,,67,0.23352161049842834,1.084828495979309,71.04740905761719,165.13182067871094,P05,2.7916666666666665,,
0.00011430220170454546,,,,,68,0.247871533036232,1.0889027118682861,71.16022491455078,165.0482177734375,P05,2.8333333333333335,,
0.00012428977272727271,,,,,69,0.5319424867630005,1.1052626371383667,72.1124038696289,165.19509887695312,P05,2.875,,
0.0001157818418560606,,,,,70,0.2164173424243927,1.095306396484375,70.53491973876953,165.2926788330078,P05,2.9166666666666665,,
0.00011356238162878788,,,,,71,0.24918989837169647,1.088373064994812,70.03440856933594,165.2623291015625,P05,2.9583333333333335,,
0.00013908617424242424,,,,,72,0.42799848318099976,1.0929906368255615,69.86544036865234,164.9933624267578,P05,3.0,,
0.0001313180634469697,,,,,73,0.46923828125,1.113109827041626,71.65266418457031,165.05091857910156,P05,3.0416666666666665,,
0.00011985085227272727,,,,,74,0.45642533898353577,1.0862810611724854,69.59553527832031,165.3403778076172,P05,3.0833333333333335,,
0.00012318004261363636,,,,,75,0.2054787427186966,1.0899114608764648,70.06071472167969,165.33340454101562,P05,3.125,,
0.00013020833333333333,,,,,76,0.3956942558288574,1.0921603441238403,70.21507263183594,165.05386352539062,P05,3.1666666666666665,,
0.00013242779356060607,,,,,77,0.5326449275016785,1.1023178100585938,70.82209014892578,165.2021484375,P05,3.2083333333333335,,
0.00012318004261363636,,,,,78,0.23934659361839294,1.0960530042648315,69.6620101928711,165.26634216308594,P05,3.25,,
0.00012724905303030304,,,,,79,0.27534401416778564,1.0868806838989258,69.22493743896484,165.27536010742188,P05,3.2916666666666665,,
0.0001316879734848485,,,,,80,0.3549116551876068,1.0938273668289185,69.36967468261719,165.1064453125,P05,3.3333333333333335,,
0.00012244022253787878,,,,,81,0.5103171467781067,1.1063698530197144,70.64636993408203,165.09471130371094,P05,3.375,,
0.00011393229166666667,,,,,82,0.27597546577453613,1.0969200134277344,69.67432403564453,165.14683532714844,P05,3.4166666666666665,,
0.00011541193181818182,,,,,83,0.2075938880443573,1.095518946647644,70.23950958251953,165.0851593017578,P05,3.4583333333333335,,
0.00012391986268939394,,,,,84,0.35052600502967834,1.0945448875427246,70.29939270019531,164.85374450683594,P05,3.5,,
0.00012318004261363636,,,,,85,0.46306708455085754,1.1162493228912354,71.76165008544922,164.71942138671875,P05,3.5416666666666665,,
0.00011319247159090909,,,,,86,0.2154596447944641,1.0995713472366333,70.01742553710938,164.76182556152344,P05,3.5833333333333335,,
0.00011208274147727273,,,,,87,0.32379594445228577,1.1208337545394897,70.7187271118164,164.5386505126953,P05,3.625,,
0.00012354995265151516,,,,,88,0.4571166932582855,1.1103743314743042,70.16142272949219,164.2173309326172,P05,3.6666666666666665,,
0.00011319247159090909,,,,,89,0.5224886536598206,1.1043589115142822,70.54208374023438,164.30259704589844,P05,3.7083333333333335,,
0.00010616418087121213,,,,,90,0.2064342200756073,1.0897676944732666,69.11247253417969,164.3839874267578,P05,3.75,,
0.0001069040009469697,,,,,91,0.2686179280281067,1.0933736562728882,69.46871185302734,164.22274780273438,P05,3.7916666666666665,,
0.00011356238162878788,,,,,92,0.445724219083786,1.1129359006881714,70.76740264892578,163.89761352539062,P05,3.8333333333333335,,
0.0001220703125,,,,,93,0.5165882706642151,1.1306400299072266,72.79056549072266,163.6730499267578,P05,3.875,,
0.00012022076231060606,,,,,94,0.20657847821712494,1.1279630661010742,71.65451049804688,163.55117797851562,P05,3.9166666666666665,,
0.00011689157196969696,,,,,95,0.2774547338485718,1.1153733730316162,71.11056518554688,163.5126495361328,P05,3.9583333333333335,,
0.00012281013257575758,,,,,96,0.4700150787830353,1.1137384176254272,71.54149627685547,163.1018524169922,P05,4.0,,
0.00041540897253787877,,,,,0,0.0,0.8500623106956482,39.27967834472656,172.49339294433594,P06,0.0,,
0.0004845821496212121,,,,,1,0.5996348857879639,0.838081419467926,38.71590805053711,172.634521484375,P06,0.041666666666666664,,
0.0005578243371212121,,,,,2,0.31978538632392883,0.8522215485572815,39.26616668701172,172.71368408203125,P06,0.08333333333333333,,
0.0006869229403409091,,,,,3,0.23300670087337494,0.8571576476097107,39.503822326660156,172.6610870361328,P06,0.125,,
0.0008655894886363636,,,,,4,0.24397528171539307,0.8645193576812744,40.79650115966797,172.54608154296875,P06,0.16666666666666666,,
0.0006991299715909091,,,,,5,0.8263194561004639,0.8474868535995483,39.51933670043945,172.87693786621094,P06,0.20833333333333334,,
0.0015266187263257576,,,,,6,0.7044078707695007,0.8743454813957214,45.85334396362305,172.88475036621094,P06,0.25,,
0.001620205965909091,,,,,7,0.2785222828388214,0.8721300363540649,44.23060607910156,172.91619873046875,P06,0.2916666666666667,,
0.0018214370265151516,,,,,8,0.25789350271224976,0.8768894076347351,45.255245208740234,172.8675079345703,P06,0.3333333333333333,,
0.0018621271306818181,,,,,9,0.7163451910018921,0.8732140064239502,45.54774856567383,172.59735107421875,P06,0.375,,
0.002037094578598485,,,,,10,0.5019131898880005,0.8789770007133484,47.511924743652344,172.42396545410156,P06,0.4166666666666667,,
0.0023644649621212123,,,,,11,0.7108409404754639,0.8864991664886475,49.60633850097656,172.2582244873047,P06,0.4583333333333333,,
0.0026234019886363638,,,,,12,0.46033602952957153,0.8945528864860535,52.403865814208984,172.08233642578125,P06,0.5,,
0.002734375,,,,,13,0.8966830372810364,0.873227059841156,49.13003921508789,172.13963317871094,P06,0.5416666666666666,,
0.0030436197916666667,,,,,14,0.6892911195755005,0.878594696521759,49.43547439575195,172.01895141601562,P06,0.5833333333333334,,
0.003149783972537879,,,,,15,0.5474320650100708,0.8785083889961243,47.69008255004883,171.9646453857422,P06,0.625,,
0.0034919507575757575,,,,,16,0.5305719375610352,0.8875940442085266,48.79215621948242,171.82388305664062,P06,0.6666666666666666,,
0.0037590258049242423,,,,,17,1.2232555150985718,0.8757960200309753,48.7994499206543,171.67031860351562,P06,0.7083333333333334,,
0.003924375591856061,,,,,18,0.7081731557846069,0.887457549571991,52.2703742980957,171.5446014404297,P06,0.75,,
0.004040157433712121,,,,,19,0.6473333239555359,0.8886122107505798,51.77199172973633,171.42481994628906,P06,0.7916666666666666,,
0.004451127485795454,,,,,20,0.7654618620872498,0.9077482223510742,55.056888580322266,171.158447265625,P06,0.8333333333333334,,
0.003817101680871212,,,,,21,1.1528631448745728,0.8808906078338623,50.555999755859375,171.30787658691406,P06,0.875,,
0.0037124171401515154,,,,,22,0.9887950420379639,0.8961808681488037,53.30038070678711,171.14126586914062,P06,0.9166666666666666,,
0.0031901041666666666,,,,,23,0.8388683199882507,0.8908671140670776,52.14661407470703,171.11293029785156,P06,0.9583333333333334,,
0.0034364642518939395,,,,,24,0.7543068528175354,0.900272011756897,55.123435974121094,170.933349609375,P06,1.0,,
0.0027476917613636362,,,,,25,1.6148037910461426,0.8722594380378723,50.54654312133789,170.7527313232422,P06,1.0416666666666667,,
0.002746212121212121,,,,,26,1.2714444398880005,0.8859769701957703,53.08395004272461,170.25318908691406,P06,1.0833333333333333,,
0.00255126953125,,,,,27,0.8626320362091064,0.8825509548187256,52.039947509765625,170.17080688476562,P06,1.125,,
0.002838689630681818,,,,,28,0.9757534861564636,0.8977084159851074,54.746829986572266,169.88397216796875,P06,1.1666666666666667,,
0.0027898615056818183,,,,,29,1.485430359840393,0.9059638381004333,53.3903694152832,169.51475524902344,P06,1.2083333333333333,,
0.0034394235321969697,,,,,30,2.402611255645752,0.9425104260444641,62.364925384521484,168.9204559326172,P06,1.25,,
0.003269634824810606,,,,,31,1.2048074007034302,0.9389259815216064,60.186187744140625,168.66358947753906,P06,1.2916666666666667,,
0.003411310369318182,,,,,32,1.2378184795379639,0.9512948393821716,62.2834358215332,168.2994384765625,P06,1.3333333333333333,,
0.003416489109848485,,,,,33,1.61712646484375,0.9423189163208008,62.233028411865234,168.1484375,P06,1.375,,
0.003383567116477273,,,,,34,1.7069069147109985,0.9562523365020752,68.30216979980469,167.8857879638672,P06,1.4166666666666667,,
0.003109093868371212,,,,,35,1.4089399576187134,0.9462155699729919,64.7614517211914,167.59396362304688,P06,1.4583333333333333,,
0.0031172318892045453,,,,,36,1.3957607746124268,0.9473401308059692,64.91923522949219,167.2470245361328,P06,1.5,,
0.003691702178030303,,,,,37,2.0665693283081055,0.9603431820869446,71.74898529052734,166.84458923339844,P06,1.5416666666666667,,
0.0036820845170454546,,,,,38,1.4858475923538208,0.9570498466491699,75.34333038330078,166.6430206298828,P06,1.5833333333333333,,
0.0037076083096590907,,,,,39,1.4042203426361084,0.9590470790863037,76.64893341064453,166.26072692871094,P06,1.625,,
0.00378713896780303,,,,,40,1.4063154458999634,0.9643766283988953,78.40628814697266,165.90635681152344,P06,1.6666666666666667,,
0.004478870738636363,,,,,41,2.062821865081787,0.9653447270393372,79.96319580078125,165.38494873046875,P06,1.7083333333333333,,
0.004732259114583333,,,,,42,1.8264892101287842,0.9713714718818665,84.04378509521484,165.12777709960938,P06,1.75,,
0.00396136659564394,,,,,43,1.9326982498168945,0.9483698010444641,76.01648712158203,164.8544158935547,P06,1.7916666666666667,,
0.00416259765625,,,,,44,2.2231557369232178,0.9704115390777588,85.82621002197266,164.2454833984375,P06,1.8333333333333333,,
0.005887858072916667,,,,,45,3.238312244415283,0.9808265566825867,99.87815856933594,163.70628356933594,P06,1.875,,
0.006084650213068182,,,,,46,1.9183393716812134,0.9816593527793884,104.47509002685547,163.4009552001953,P06,1.9166666666666667,,
0.005760609019886363,,,,,47,2.574784755706787,0.9619982838630676,90.68907165527344,162.955322265625,P06,1.9583333333333333,,
0.005813136245265152,,,,,48,3.7373201847076416,1.0063538551330566,106.29940795898438,161.40145874023438,P06,2.0,,
0.008103249289772727,,,,,49,3.9113857746124268,0.9986600279808044,105.88058471679688,161.2446746826172,P06,2.0416666666666665,,
0.008052941524621212,,,,,50,2.738499879837036,0.9972601532936096,109.49874114990234,160.9537811279297,P06,2.0833333333333335,,
0.005908203125,,,,,51,2.7706520557403564,0.982335090637207,99.04154968261719,160.93197631835938,P06,2.125,,
0.007285748106060606,,,,,52,3.1107566356658936,0.9863994121551514,99.77347564697266,159.89678955078125,P06,2.1666666666666665,,
0.00944528290719697,,,,,53,4.6631669998168945,1.0100024938583374,109.75948333740234,159.04933166503906,P06,2.2083333333333335,,
0.009801136363636364,,,,,54,3.8424482345581055,0.9998354911804199,102.61546325683594,158.8192138671875,P06,2.25,,
0.006400923295454546,,,,,55,3.797337770462036,0.9807788729667664,85.0390396118164,158.16065979003906,P06,2.2916666666666665,,
0.006097966974431818,,,,,56,3.3581254482269287,0.9696930050849915,83.43588256835938,157.4970703125,P06,2.3333333333333335,,
0.0072313713304924246,,,,,57,4.028031826019287,0.9592114686965942,78.9161605834961,157.0655517578125,P06,2.375,,
0.00636282256155303,,,,,58,5.653705596923828,0.9706980586051941,83.48311614990234,156.46160888671875,P06,2.4166666666666665,,
0.0053725733901515155,,,,,59,3.5131547451019287,0.9440266489982605,68.20103454589844,156.0962677001953,P06,2.4583333333333335,,
0.006976133404356061,,,,,60,4.002496719360352,0.9316720962524414,65.5282211303711,154.92361450195312,P06,2.5,,
0.009075372869318182,,,,,61,4.457895755767822,0.9334344863891602,69.9526596069336,154.55296325683594,P06,2.5416666666666665,,
0.007704486268939394,,,,,62,5.637447834014893,0.9387719035148621,78.7371597290039,154.47935485839844,P06,2.5833333333333335,,
0.00462350556344697,,,,,63,3.284438371658325,0.9096934199333191,62.898216247558594,155.26983642578125,P06,2.625,,
0.006601414535984848,,,,,64,4.578268051147461,0.9263315200805664,76.2271728515625,155.08396911621094,P06,2.6666666666666665,,
0.007863917495265152,,,,,65,5.948896884918213,0.8822161555290222,61.27922439575195,155.9682159423828,P06,2.7083333333333335,,
0.00848388671875,,,,,66,4.2374491691589355,0.9392222762107849,85.0012435913086,156.353759765625,P06,2.75,,
0.0056784889914772724,,,,,67,3.445141553878784,0.8724288940429688,57.099308013916016,157.5319061279297,P06,2.7916666666666665,,
0.007087476325757576,,,,,68,5.8688554763793945,0.8711624145507812,64.50321960449219,157.82940673828125,P06,2.8333333333333335,,
0.011397668087121213,,,,,69,4.814981460571289,0.8613035678863525,69.77262878417969,159.5701904296875,P06,2.875,,
0.010100023674242424,,,,,70,3.162050485610962,0.8414973020553589,64.93116760253906,160.55776977539062,P06,2.9166666666666665,,
0.008104728929924242,,,,,71,3.097660779953003,0.8266587853431702,61.885990142822266,161.41761779785156,P06,2.9583333333333335,,
0.008804968631628787,,,,,72,2.336038589477539,0.8543566465377808,72.85636138916016,162.15721130371094,P06,3.0,,
0.009779311671401515,,,,,73,3.3908257484436035,0.8511766195297241,78.00364685058594,163.9327392578125,P06,3.0416666666666665,,
0.010163648200757576,,,,,74,3.6922740936279297,0.8549219369888306,78.33847045898438,165.912841796875,P06,3.0833333333333335,,
0.00825158321496212,,,,,75,3.6097044944763184,0.7693794965744019,49.04503631591797,168.19769287109375,P06,3.125,,
0.00912494081439394,,,,,76,2.660752058029175,0.8579062819480896,75.06956481933594,168.85235595703125,P06,3.1666666666666665,,
0.01156930634469697,,,,,77,7.060169696807861,0.7640749216079712,40.76383590698242,172.43826293945312,P06,3.2083333333333335,,
0.008979936079545454,,,,,78,6.277463436126709,0.8541966676712036,62.03874206542969,175.5728302001953,P06,3.25,,
0.008684747869318181,,,,,79,1.4011585712432861,0.8448373675346375,57.84314727783203,175.18154907226562,P06,3.2916666666666665,,
0.010734419389204546,,,,,80,1.7307195663452148,0.8713210821151733,65.04715728759766,174.22918701171875,P06,3.3333333333333335,,
0.014009972774621212,,,,,81,1.7585071325302124,0.9031280279159546,72.56916046142578,173.67112731933594,P06,3.375,,
0.01615915009469697,,,,,82,1.4561878442764282,0.9683743715286255,106.74761199951172,173.19985961914062,P06,3.4166666666666665,,
0.01664410215435606,,,,,83,0.5308127403259277,1.0062810182571411,133.218505859375,172.93731689453125,P06,3.4583333333333335,,
0.016572339607007575,,,,,84,0.31404364109039307,1.008914828300476,128.04075622558594,172.904296875,P06,3.5,,
0.015314275568181818,,,,,85,0.8667835593223572,0.9958282709121704,116.49150085449219,173.06431579589844,P06,3.5416666666666665,,
0.014003314393939394,,,,,86,1.0400912761688232,0.9582822918891907,93.51875305175781,173.4078369140625,P06,3.5833333333333335,,
0.013179894649621212,,,,,87,0.7962480187416077,0.9918161630630493,110.60993957519531,173.54641723632812,P06,3.625,,
0.013367069128787878,,,,,88,0.17053444683551788,0.9947704076766968,112.44513702392578,173.49652099609375,P06,3.6666666666666665,,
0.013456587357954545,,,,,89,0.3467274010181427,1.0018868446350098,108.52672576904297,173.46974182128906,P06,3.7083333333333335,,
0.01337853633996212,,,,,90,0.260269433259964,0.9865604043006897,101.06358337402344,173.5721893310547,P06,3.75,,
0.013341915246212121,,,,,91,0.18635143339633942,0.9929587841033936,104.22520446777344,173.550537109375,P06,3.7916666666666665,,
0.013405909682765152,,,,,92,0.22789528965950012,0.9991507530212402,105.32124328613281,173.50778198242188,P06,3.8333333333333335,,
0.013302704782196969,,,,,93,0.4277843236923218,1.0154820680618286,111.12857818603516,173.33470153808594,P06,3.875,,
0.013128107244318182,,,,,94,0.12300026416778564,1.0099579095840454,110.25857543945312,173.3098907470703,P06,3.9166666666666665,,
0.013167317708333333,,,,,95,0.19863836467266083,1.0025702714920044,108.7222900390625,173.28616333007812,P06,3.9583333333333335,,
0.01326904296875,,,,,96,0.1713467687368393,1.007140040397644,109.54529571533203,173.17774963378906,P06,4.0,,
1.6276041666666666e-05,,,,,0,0.0,0.5897145867347717,49.11886978149414,186.99427795410156,P07,0.0,,
1.7015861742424244e-05,,,,,1,0.4316572844982147,0.6178936958312988,49.22129821777344,186.8323516845703,P07,0.041666666666666664,,
1.886541193181818e-05,,,,,2,0.3647627532482147,0.6029996275901794,49.48767852783203,186.6999969482422,P07,0.08333333333333333,,
2.6633522727272726e-05,,,,,3,0.5713079571723938,0.6331754922866821,49.603572845458984,186.28762817382812,P07,0.125,,
6.214488636363636e-05,,,,,4,0.5818370580673218,0.6228955388069153,50.23260498046875,185.8992919921875,P07,0.16666666666666666,,
0.00011208274147727273,,,,,5,0.5617719888687134,0.6445569396018982,53.03435134887695,185.87013244628906,P07,0.20833333333333334,,
0.00016867897727272727,,,,,6,0.23383678495883942,0.6410720944404602,53.39650344848633,185.81680297851562,P07,0.25,,
0.0002193566524621212,,,,,7,0.2589277923107147,0.6496614217758179,53.64502716064453,185.65501403808594,P07,0.2916666666666667,,
0.00022527521306818182,,,,,8,0.18334850668907166,0.6435593366622925,53.72520446777344,185.55828857421875,P07,0.3333333333333333,,
0.00021121863162878787,,,,,9,0.46673583984375,0.6446113586425781,53.5439567565918,185.50099182128906,P07,0.375,,
0.00021195845170454545,,,,,10,0.36990079283714294,0.6536148190498352,54.774417877197266,185.337890625,P07,0.4166666666666667,,
0.00021121863162878787,,,,,11,0.36221370100975037,0.6553534269332886,53.935791015625,185.15264892578125,P07,0.4583333333333333,,
0.00022379557291666666,,,,,12,0.7540216445922852,0.6615527868270874,54.49580001831055,184.7272186279297,P07,0.5,,
0.0002618963068181818,,,,,13,1.0904074907302856,0.6420028805732727,49.29544448852539,184.87655639648438,P07,0.5416666666666666,,
0.00038951526988636364,,,,,14,2.935214042663574,0.6558049917221069,52.19960403442383,184.18226623535156,P07,0.5833333333333334,,
0.00035548354640151515,,,,,15,2.3522326946258545,0.6200742721557617,42.0878791809082,184.01998901367188,P07,0.625,,
0.0003913648200757576,,,,,16,2.6381890773773193,0.6519428491592407,52.61654281616211,183.72506713867188,P07,0.6666666666666666,,
0.0003839666193181818,,,,,17,3.302835464477539,0.6087628602981567,46.69414138793945,184.06959533691406,P07,0.7083333333333334,,
0.0003902550899621212,,,,,18,3.9194624423980713,0.6187982559204102,48.08933639526367,183.52183532714844,P07,0.75,,
0.00034327651515151514,,,,,19,3.5909135341644287,0.596266508102417,40.40156173706055,183.779296875,P07,0.7916666666666666,,
0.0004054214015151515,,,,,20,3.9043445587158203,0.6572667956352234,54.429168701171875,183.00279235839844,P07,0.8333333333333334,,
0.00041910807291666664,,,,,21,4.824722766876221,0.5769374370574951,40.659950256347656,183.68446350097656,P07,0.875,,
0.00045498934659090907,,,,,22,5.9509077072143555,0.6186342239379883,46.9328498840332,182.8696746826172,P07,0.9166666666666666,,
0.00030702533143939394,,,,,23,5.495965003967285,0.5543062090873718,35.81157302856445,183.29254150390625,P07,0.9583333333333334,,
0.00043242483428030304,,,,,24,3.372579574584961,0.6193291544914246,57.08045959472656,182.56419372558594,P07,1.0,,
0.00030702533143939394,,,,,25,5.784931182861328,0.6194173693656921,65.50547790527344,183.1035919189453,P07,1.0416666666666667,,
0.0006166400331439394,,,,,26,4.971343517303467,0.6186645030975342,64.8924560546875,182.83709716796875,P07,1.0833333333333333,,
0.0005437677556818181,,,,,27,3.5074429512023926,0.5780123472213745,51.064247131347656,182.57266235351562,P07,1.125,,
0.00042206735321969696,,,,,28,3.4403297901153564,0.6313199400901794,55.30889129638672,182.25973510742188,P07,1.1666666666666667,,
0.0005522756865530303,,,,,29,4.894434928894043,0.634205162525177,66.000732421875,181.96383666992188,P07,1.2083333333333333,,
0.001088275331439394,,,,,30,4.142626762390137,0.6497096419334412,62.717533111572266,181.61988830566406,P07,1.25,,
0.000535259824810606,,,,,31,4.5384745597839355,0.6157998442649841,49.95109939575195,181.4634552001953,P07,1.2916666666666667,,
0.00046201763731060604,,,,,32,4.357167720794678,0.6342183947563171,48.34965515136719,180.56838989257812,P07,1.3333333333333333,,
0.0004856918797348485,,,,,33,3.8539628982543945,0.6140666007995605,47.6466178894043,180.76768493652344,P07,1.375,,
0.0005689216382575757,,,,,34,3.4510409832000732,0.634587287902832,49.27604675292969,180.75942993164062,P07,1.4166666666666667,,
0.0003569631865530303,,,,,35,3.8454267978668213,0.644757866859436,47.60847854614258,180.49293518066406,P07,1.4583333333333333,,
0.0003902550899621212,,,,,36,3.023073434829712,0.670538604259491,51.800472259521484,179.95504760742188,P07,1.5,,
0.00036547111742424245,,,,,37,3.9995250701904297,0.6451317071914673,51.19735336303711,179.90292358398438,P07,1.5416666666666667,,
0.0004457415956439394,,,,,38,2.6829111576080322,0.6453920602798462,50.555076599121094,179.87835693359375,P07,1.5833333333333333,,
0.0004361239346590909,,,,,39,2.6998391151428223,0.6564033031463623,52.08094024658203,179.78907775878906,P07,1.625,,
0.0004597981770833333,,,,,40,2.5718915462493896,0.6791509389877319,55.06361389160156,179.49685668945312,P07,1.6666666666666667,,
0.0006577000473484848,,,,,41,3.519890785217285,0.6691937446594238,59.2385139465332,179.53309631347656,P07,1.7083333333333333,,
0.0004579486268939394,,,,,42,3.2498457431793213,0.6812500953674316,61.04644012451172,179.6448516845703,P07,1.75,,
0.00043686375473484847,,,,,43,2.1227948665618896,0.687277615070343,60.80278396606445,179.67623901367188,P07,1.7916666666666667,,
0.0004520300662878788,,,,,44,1.7759788036346436,0.709892988204956,64.38927459716797,179.49317932128906,P07,1.8333333333333333,,
0.00043131510416666665,,,,,45,2.864102363586426,0.7280936241149902,71.41551208496094,179.96481323242188,P07,1.875,,
0.00045276988636363635,,,,,46,1.3140347003936768,0.737819492816925,73.03032684326172,180.15003967285156,P07,1.9166666666666667,,
0.0004575787168560606,,,,,47,0.8499744534492493,0.7596124410629272,76.3731918334961,180.0901336669922,P07,1.9583333333333333,,
0.00047422466856060605,,,,,48,0.6923983693122864,0.766094982624054,76.57610321044922,179.97427368164062,P07,2.0,,
0.000434274384469697,,,,,49,0.8998879194259644,0.7623265981674194,75.9211196899414,179.98143005371094,P07,2.0416666666666665,,
0.0004579486268939394,,,,,50,0.6511374711990356,0.7399377226829529,70.50321960449219,180.05531311035156,P07,2.0833333333333335,,
0.00044093276515151517,,,,,51,0.9534912109375,0.7424964308738708,70.0916748046875,179.94900512695312,P07,2.125,,
0.0004945697206439394,,,,,52,1.6650002002716064,0.7373443841934204,67.80718231201172,179.66212463378906,P07,2.1666666666666665,,
0.0005885268702651515,,,,,53,4.642551422119141,0.7187700867652893,68.36076354980469,179.408203125,P07,2.2083333333333335,,
0.0005104758522727273,,,,,54,3.0750975608825684,0.7194823026657104,68.44705200195312,180.047119140625,P07,2.25,,
0.0003699100378787879,,,,,55,2.690263271331787,0.7113693356513977,65.82069396972656,180.56491088867188,P07,2.2916666666666665,,
0.0005925958806818182,,,,,56,1.7382057905197144,0.7158287763595581,68.07173156738281,180.5103759765625,P07,2.3333333333333335,,
0.00037952769886363634,,,,,57,2.174219846725464,0.7117987871170044,66.20042419433594,181.07736206054688,P07,2.375,,
0.0004512902462121212,,,,,58,2.176623582839966,0.7040985226631165,64.65258026123047,181.4649200439453,P07,2.4166666666666665,,
0.00044685132575757576,,,,,59,1.8361438512802124,0.6936960220336914,62.19541549682617,182.06723022460938,P07,2.4583333333333335,,
0.00041097005208333334,,,,,60,2.0049948692321777,0.6942711472511292,63.604183197021484,182.57553100585938,P07,2.5,,
0.0005955551609848485,,,,,61,1.6713390350341797,0.6971346735954285,64.1938705444336,183.27557373046875,P07,2.5416666666666665,,
0.00043575402462121214,,,,,62,1.3495527505874634,0.6706711053848267,60.77112579345703,183.89584350585938,P07,2.5833333333333335,,
0.0003514145359848485,,,,,63,1.5124545097351074,0.6706220507621765,59.36129379272461,184.4124298095703,P07,2.625,,
0.00035844282670454547,,,,,64,1.2305642366409302,0.6727185845375061,59.802982330322266,184.62098693847656,P07,2.6666666666666665,,
0.00033735795454545455,,,,,65,1.0695878267288208,0.6492891311645508,56.14229965209961,185.20530700683594,P07,2.7083333333333335,,
0.0003233013731060606,,,,,66,1.0390591621398926,0.6214740872383118,51.16147994995117,185.80775451660156,P07,2.75,,
0.0003421667850378788,,,,,67,0.5604303479194641,0.632666826248169,52.074073791503906,185.92124938964844,P07,2.7916666666666665,,
0.00033624822443181817,,,,,68,0.37417879700660706,0.6255491375923157,51.208160400390625,185.8876495361328,P07,2.8333333333333335,,
0.000346975615530303,,,,,69,0.6936434507369995,0.6273484826087952,53.22108459472656,186.0546112060547,P07,2.875,,
0.0003503048058712121,,,,,70,0.3189453184604645,0.6245571374893188,52.44043731689453,186.1831817626953,P07,2.9166666666666665,,
0.00035400390625,,,,,71,0.26412132382392883,0.6335781216621399,53.70500564575195,186.0713653564453,P07,2.9583333333333335,,
0.00035400390625,,,,,72,0.26806530356407166,0.6350888609886169,53.40241622924805,185.9138641357422,P07,3.0,,
0.0003691702178030303,,,,,73,0.4374622702598572,0.6457633376121521,55.75731658935547,186.0220489501953,P07,3.0416666666666665,,
0.00033994732481060604,,,,,74,0.5628218054771423,0.639623761177063,54.96136474609375,186.196533203125,P07,3.0833333333333335,,
0.00033957741477272726,,,,,75,0.21660710871219635,0.64809250831604,55.544132232666016,186.14454650878906,P07,3.125,,
0.0003491950757575758,,,,,76,0.30188098549842834,0.6439763307571411,54.278133392333984,186.10557556152344,P07,3.1666666666666665,,
0.0003358783143939394,,,,,77,0.42866766452789307,0.6442908048629761,56.19058609008789,186.24867248535156,P07,3.2083333333333335,,
0.0003155332623106061,,,,,78,0.3566528260707855,0.6373847126960754,52.869354248046875,186.33248901367188,P07,3.25,,
0.0002748431581439394,,,,,79,0.2624911367893219,0.6412943005561829,53.968040466308594,186.28306579589844,P07,3.2916666666666665,,
0.000263375946969697,,,,,80,0.2747381031513214,0.6433765292167664,54.238460540771484,186.166748046875,P07,3.3333333333333335,,
0.00024155125473484848,,,,,81,0.4493696689605713,0.6386222243309021,55.132450103759766,186.33285522460938,P07,3.375,,
0.00024303089488636364,,,,,82,0.26660820841789246,0.6387947797775269,54.35247802734375,186.4369659423828,P07,3.4166666666666665,,
0.00024044152462121212,,,,,83,0.23211891949176788,0.643040657043457,54.583465576171875,186.35850524902344,P07,3.4583333333333335,,
0.00024044152462121212,,,,,84,0.19703258574008942,0.6487719416618347,54.70539855957031,186.2754364013672,P07,3.5,,
0.00021898674242424242,,,,,85,0.36017289757728577,0.6468204855918884,54.615325927734375,186.3457794189453,P07,3.5416666666666665,,
0.00022157611268939394,,,,,86,0.2601240575313568,0.6459171772003174,53.183345794677734,186.44647216796875,P07,3.5833333333333335,,
0.00022120620265151514,,,,,87,0.25883567333221436,0.6478848457336426,52.813323974609375,186.3505096435547,P07,3.625,,
0.00022120620265151514,,,,,88,0.2129805088043213,0.6542512774467468,52.88080978393555,186.2594757080078,P07,3.6666666666666665,,
0.00022379557291666666,,,,,89,0.4177479147911072,0.6536386013031006,54.00862121582031,186.2787628173828,P07,3.7083333333333335,,
0.00022638494318181818,,,,,90,0.26322242617607117,0.6604844927787781,53.17783737182617,186.36538696289062,P07,3.75,,
0.00023193359375,,,,,91,0.24452902376651764,0.6557015180587769,53.1599235534668,186.20956420898438,P07,3.7916666666666665,,
0.0002378521543560606,,,,,92,0.4733465015888214,0.6612229943275452,53.44395446777344,185.7904815673828,P07,3.8333333333333335,,
0.0002315636837121212,,,,,93,0.39229071140289307,0.6554053425788879,53.842952728271484,185.73292541503906,P07,3.875,,
0.0002289743134469697,,,,,94,0.2484952062368393,0.659206211566925,53.146888732910156,185.70858764648438,P07,3.9166666666666665,,
0.00022490530303030304,,,,,95,0.29909002780914307,0.659151017665863,52.661861419677734,185.5558624267578,P07,3.9583333333333335,,
0.00022527521306818182,,,,,96,0.32666680216789246,0.6610806584358215,52.74327850341797,185.29360961914062,P07,4.0,,
0.025511585582386365,,,,,0,0.0,1.0542922019958496,102.4858627319336,173.14627075195312,P08,0.0,,
0.028410200639204547,,,,,1,0.7695501446723938,1.0518290996551514,109.98346710205078,173.2801513671875,P08,0.041666666666666664,,
0.030262340198863636,,,,,2,0.7090775966644287,1.0410734415054321,105.84480285644531,173.50770568847656,P08,0.08333333333333333,,
0.031733102509469695,,,,,3,0.6503473520278931,1.0716347694396973,112.32975769042969,173.10301208496094,P08,0.125,,
0.03340731534090909,,,,,4,0.4775412678718567,1.0684088468551636,110.78128814697266,172.80621337890625,P08,0.16666666666666666,,
0.034138997395833336,,,,,5,1.0401889085769653,1.0891740322113037,120.51868438720703,172.7421875,P08,0.20833333333333334,,
0.03364553740530303,,,,,6,0.8423217535018921,1.129340410232544,127.38070678710938,172.75852966308594,P08,0.25,,
0.032999304569128786,,,,,7,0.3796808421611786,1.1306322813034058,129.76718139648438,172.6322479248047,P08,0.2916666666666667,,
0.033489805279356064,,,,,8,0.4914151132106781,1.1205061674118042,128.80001831054688,172.70628356933594,P08,0.3333333333333333,,
0.03160141453598485,,,,,9,0.9735795259475708,1.1329238414764404,143.55198669433594,172.2188262939453,P08,0.375,,
0.03021906072443182,,,,,10,0.5777832269668579,1.1425224542617798,147.89849853515625,172.07516479492188,P08,0.4166666666666667,,
0.029828435724431817,,,,,11,0.6436445713043213,1.154999852180481,154.97853088378906,171.52346801757812,P08,0.4583333333333333,,
0.029820297703598484,,,,,12,0.4772849380970001,1.1501805782318115,155.25848388671875,171.1947021484375,P08,0.5,,
0.03200202710700758,,,,,13,1.0985251665115356,1.1789462566375732,149.77183532714844,171.8022003173828,P08,0.5416666666666666,,
0.0338134765625,,,,,14,0.4179898202419281,1.185364842414856,150.5530548095703,172.0365753173828,P08,0.5833333333333334,,
0.03415157433712121,,,,,15,0.22302356362342834,1.2020610570907593,155.52806091308594,172.0669403076172,P08,0.625,,
0.034649103338068185,,,,,16,0.2928333580493927,1.1905781030654907,153.73728942871094,172.17002868652344,P08,0.6666666666666666,,
0.03416711055871212,,,,,17,0.867175281047821,1.1606757640838623,149.66603088378906,172.35960388183594,P08,0.7083333333333334,,
0.036075106534090906,,,,,18,0.45964133739471436,1.1703201532363892,151.17596435546875,172.42340087890625,P08,0.75,,
0.035730720288825756,,,,,19,0.3465687036514282,1.1809519529342651,154.83224487304688,172.43148803710938,P08,0.7916666666666666,,
0.03670580314867424,,,,,20,1.2777055501937866,1.240159034729004,164.49325561523438,173.16409301757812,P08,0.8333333333333334,,
0.037586189038825754,,,,,21,2.5021538734436035,1.2369139194488525,162.49591064453125,172.00625610351562,P08,0.875,,
0.039043634588068185,,,,,22,2.052896499633789,1.2234352827072144,151.037109375,172.65902709960938,P08,0.9166666666666666,,
0.037539950284090906,,,,,23,1.1693681478500366,1.2093658447265625,146.73226928710938,172.35702514648438,P08,0.9583333333333334,,
0.03795572916666667,,,,,24,0.8868230581283569,1.2176837921142578,146.02426147460938,172.18910217285156,P08,1.0,,
0.044011896306818184,,,,,25,2.248842477798462,1.2779699563980103,160.57908630371094,172.3406219482422,P08,1.0416666666666667,,
0.04747610381155303,,,,,26,2.885958671569824,1.4099317789077759,211.49366760253906,171.89346313476562,P08,1.0833333333333333,,
0.04311449455492424,,,,,27,2.893043041229248,1.3808188438415527,184.4541015625,171.39584350585938,P08,1.125,,
0.04354248046875,,,,,28,2.1227195262908936,1.447981357574463,229.99298095703125,170.75674438476562,P08,1.1666666666666667,,
0.042854447798295454,,,,,29,2.2126498222351074,1.4372437000274658,228.2198028564453,170.69544982910156,P08,1.2083333333333333,,
0.04354433001893939,,,,,30,1.4001264572143555,1.4600077867507935,235.57553100585938,170.6674346923828,P08,1.25,,
0.043324603456439396,,,,,31,1.2439919710159302,1.4538953304290771,232.81517028808594,170.6192169189453,P08,1.2916666666666667,,
0.04320401278409091,,,,,32,1.81976318359375,1.4519305229187012,230.50852966308594,170.31771850585938,P08,1.3333333333333333,,
0.04249859434185606,,,,,33,3.2614922523498535,1.408631443977356,196.8564910888672,170.06475830078125,P08,1.375,,
0.045973529237689395,,,,,34,3.2747137546539307,1.4019972085952759,199.79058837890625,170.0671844482422,P08,1.4166666666666667,,
0.04466071851325758,,,,,35,2.7358410358428955,1.3893060684204102,201.5434112548828,170.34158325195312,P08,1.4583333333333333,,
0.043778852982954544,,,,,36,1.818212866783142,1.3901978731155396,205.84202575683594,170.20443725585938,P08,1.5,,
0.04166037819602273,,,,,37,2.8492419719696045,1.349782943725586,194.43905639648438,170.836181640625,P08,1.5416666666666667,,
0.04225223425662879,,,,,38,1.6238491535186768,1.326732873916626,187.8574676513672,171.35655212402344,P08,1.5833333333333333,,
0.04150686553030303,,,,,39,1.0357954502105713,1.3153642416000366,180.439453125,171.2244110107422,P08,1.625,,
0.04095274029356061,,,,,40,0.7611982822418213,1.3015780448913574,175.33038330078125,171.2335205078125,P08,1.6666666666666667,,
0.04091981830018939,,,,,41,1.2294223308563232,1.2610788345336914,165.77149963378906,171.6985321044922,P08,1.7083333333333333,,
0.042049523555871215,,,,,42,1.005517601966858,1.277382254600525,169.10635375976562,171.9166259765625,P08,1.75,,
0.04210057114109848,,,,,43,0.44246381521224976,1.2771897315979004,168.25155639648438,172.01406860351562,P08,1.7916666666666667,,
0.04255704012784091,,,,,44,0.401138573884964,1.274920105934143,166.8856658935547,172.0731964111328,P08,1.8333333333333333,,
0.04219711766098485,,,,,45,1.237626552581787,1.274530053138733,168.076416015625,172.75067138671875,P08,1.875,,
0.04226481119791667,,,,,46,0.345077246427536,1.2780040502548218,167.14694213867188,172.80642700195312,P08,1.9166666666666667,,
0.042494895241477273,,,,,47,0.27710071206092834,1.2944124937057495,172.78533935546875,172.71743774414062,P08,1.9583333333333333,,
0.04263989997632576,,,,,48,0.20745627582073212,1.289177656173706,170.71194458007812,172.68167114257812,P08,2.0,,
0.043381939512310605,,,,,49,0.6192571520805359,1.267770528793335,165.47979736328125,172.70494079589844,P08,2.0416666666666665,,
0.04468439275568182,,,,,50,0.4094904065132141,1.2653663158416748,162.7899627685547,172.873779296875,P08,2.0833333333333335,,
0.043739642518939394,,,,,51,0.3444235920906067,1.2773114442825317,166.255615234375,172.765869140625,P08,2.125,,
0.043040142637310604,,,,,52,0.4302789866924286,1.2792987823486328,162.7834014892578,172.51429748535156,P08,2.1666666666666665,,
0.04285518761837121,,,,,53,0.7600652575492859,1.3209903240203857,173.04794311523438,172.30252075195312,P08,2.2083333333333335,,
0.04433630741003788,,,,,54,0.3270663321018219,1.331133484840393,172.5558624267578,172.2502899169922,P08,2.25,,
0.04384913589015151,,,,,55,0.34303200244903564,1.3459755182266235,177.06297302246094,172.05677795410156,P08,2.2916666666666665,,
0.04378625118371212,,,,,56,0.7053155899047852,1.3954956531524658,189.3425750732422,172.046875,P08,2.3333333333333335,,
0.04509573271780303,,,,,57,1.9191195964813232,1.4402607679367065,210.91241455078125,171.78628540039062,P08,2.375,,
0.04602087772253788,,,,,58,2.2412188053131104,1.4801039695739746,224.9795379638672,171.17222595214844,P08,2.4166666666666665,,
0.046802497632575754,,,,,59,2.6431517601013184,1.476623296737671,227.57884216308594,170.7650909423828,P08,2.4583333333333335,,
0.046446644176136365,,,,,60,2.256204605102539,1.4813798666000366,231.33688354492188,169.88478088378906,P08,2.5,,
0.0457956025094697,,,,,61,3.3939576148986816,1.5128573179244995,238.56312561035156,169.74986267089844,P08,2.5416666666666665,,
0.04645589192708333,,,,,62,2.996310234069824,1.4984335899353027,240.24014282226562,170.25306701660156,P08,2.5833333333333335,,
0.044016335227272725,,,,,63,3.016239881515503,1.4765669107437134,224.8491668701172,170.16184997558594,P08,2.625,,
0.04305567885890151,,,,,64,2.3171231746673584,1.5214369297027588,251.15029907226562,169.58840942382812,P08,2.6666666666666665,,
0.044148763020833336,,,,,65,3.196495532989502,1.4235808849334717,211.2172088623047,170.17483520507812,P08,2.7083333333333335,,
0.04474061908143939,,,,,66,2.8133599758148193,1.405543327331543,209.13827514648438,170.5859375,P08,2.75,,
0.04438217625473485,,,,,67,2.094688892364502,1.4174668788909912,210.98313903808594,170.72244262695312,P08,2.7916666666666665,,
0.04350105054450758,,,,,68,1.9259077310562134,1.4276480674743652,203.5745849609375,170.3711700439453,P08,2.8333333333333335,,
0.043455551609848486,,,,,69,1.9212191104888916,1.4321184158325195,213.51820373535156,171.16513061523438,P08,2.875,,
0.04419537168560606,,,,,70,0.9492264986038208,1.4223953485488892,210.11801147460938,171.3817138671875,P08,2.9166666666666665,,
0.04403002189867424,,,,,71,0.7732066512107849,1.381730079650879,193.75582885742188,171.47506713867188,P08,2.9583333333333335,,
0.04381510416666667,,,,,72,0.6642667055130005,1.3745805025100708,190.2355499267578,171.2661590576172,P08,3.0,,
0.04433926669034091,,,,,73,0.8554276823997498,1.3584591150283813,188.82333374023438,171.5968017578125,P08,3.0416666666666665,,
0.04590324633049243,,,,,74,0.6689674854278564,1.3645333051681519,190.4389190673828,171.81475830078125,P08,3.0833333333333335,,
0.045299553148674246,,,,,75,0.3388350009918213,1.380221962928772,193.82017517089844,171.7213134765625,P08,3.125,,
0.04422385475852273,,,,,76,0.6441816687583923,1.3661487102508545,189.0825653076172,171.23422241210938,P08,3.1666666666666665,,
0.04499807646780303,,,,,77,0.7958506941795349,1.351974368095398,184.3663330078125,171.61395263671875,P08,3.2083333333333335,,
0.04512939453125,,,,,78,0.42150214314460754,1.3495904207229614,181.5779266357422,171.62387084960938,P08,3.25,,
0.044620398319128785,,,,,79,0.33447265625,1.3497511148452759,183.13487243652344,171.626708984375,P08,3.2916666666666665,,
0.04453235973011364,,,,,80,0.5798983573913574,1.324855923652649,176.3616180419922,171.40708923339844,P08,3.3333333333333335,,
0.044844193892045456,,,,,81,1.3999522924423218,1.28963041305542,172.1200714111328,171.64044189453125,P08,3.375,,
0.04222708037405303,,,,,82,1.474694848060608,1.2881734371185303,169.9584503173828,172.4735870361328,P08,3.4166666666666665,,
0.04184015447443182,,,,,83,0.4742431640625,1.2991187572479248,172.51939392089844,172.4507293701172,P08,3.4583333333333335,,
0.04190229936079545,,,,,84,0.35941383242607117,1.2938426733016968,168.9977264404297,172.45281982421875,P08,3.5,,
0.04121981534090909,,,,,85,0.6973677277565002,1.2786058187484741,165.0347137451172,172.81019592285156,P08,3.5416666666666665,,
0.041738059303977275,,,,,86,0.4531460702419281,1.273395299911499,163.65298461914062,173.0596160888672,P08,3.5833333333333335,,
0.04120501893939394,,,,,87,0.33566784858703613,1.2930567264556885,167.79859924316406,173.109619140625,P08,3.625,,
0.04029208096590909,,,,,88,0.3153131604194641,1.3130418062210083,166.8265380859375,173.10482788085938,P08,3.6666666666666665,,
0.04205581202651515,,,,,89,0.6178699731826782,1.2795048952102661,167.04811096191406,173.26048278808594,P08,3.7083333333333335,,
0.041618578361742424,,,,,90,0.39273127913475037,1.286970615386963,167.20118713378906,173.25241088867188,P08,3.75,,
0.042152728456439394,,,,,91,0.328933984041214,1.3033219575881958,171.48348999023438,173.10983276367188,P08,3.7916666666666665,,
0.04173916903409091,,,,,92,0.49948951601982117,1.3016575574874878,170.2527313232422,172.7550048828125,P08,3.8333333333333335,,
0.04019812381628788,,,,,93,0.5930397510528564,1.313872218132019,171.75067138671875,172.81167602539062,P08,3.875,,
0.04034867720170455,,,,,94,0.4525723457336426,1.2949752807617188,170.66949462890625,172.8380889892578,P08,3.9166666666666665,,
0.03988628965435606,,,,,95,0.3430231213569641,1.302077054977417,172.75796508789062,172.77662658691406,P08,3.9583333333333335,,
0.04107666015625,,,,,96,0.5124456286430359,1.2736890316009521,169.67335510253906,172.61119079589844,P08,4.0,,
0.07115996389678031,,,,,0,0.0,0.6803365349769592,52.981258392333984,66.5215072631836,P09,0.0,,
0.06992742365056819,,,,,1,0.5780828595161438,0.6944935321807861,51.762447357177734,66.97039031982422,P09,0.041666666666666664,,
0.03749667080965909,,,,,2,4.442203998565674,0.7323558926582336,53.614646911621094,71.3573989868164,P09,0.08333333333333333,,
0.035707046046401514,,,,,3,0.8224475979804993,0.7285695672035217,55.091529846191406,72.1050033569336,P09,0.125,,
0.03661184599905303,,,,,4,0.5607821345329285,0.7391972541809082,55.46969985961914,72.53885650634766,P09,0.16666666666666666,,
0.0343698212594697,,,,,5,0.9699229598045349,0.7546449899673462,58.94075012207031,73.00503540039062,P09,0.20833333333333334,,
0.03271558357007576,,,,,6,0.8847134709358215,0.7389131188392639,58.122859954833984,73.777099609375,P09,0.25,,
0.03241151751893939,,,,,7,0.2412775158882141,0.738918662071228,58.603206634521484,73.88192749023438,P09,0.2916666666666667,,
0.03228833747632576,,,,,8,0.21608997881412506,0.7402162551879883,58.780460357666016,73.9168930053711,P09,0.3333333333333333,,
0.031113503196022727,,,,,9,0.4090198874473572,0.7595179677009583,61.34730529785156,73.94071197509766,P09,0.375,,
0.03036184599905303,,,,,10,0.4699496328830719,0.7517904043197632,60.14977264404297,74.11914825439453,P09,0.4166666666666667,,
0.030193167021780303,,,,,11,0.2228815257549286,0.7483037710189819,59.98915100097656,74.1303482055664,P09,0.4583333333333333,,
0.02988318241003788,,,,,12,0.23622269928455353,0.7503537535667419,59.796688079833984,74.07508850097656,P09,0.5,,
0.030021528764204546,,,,,13,0.5398326516151428,0.7752904295921326,63.503204345703125,74.26507568359375,P09,0.5416666666666666,,
0.030305249763257575,,,,,14,0.2699684798717499,0.7762713432312012,62.877525329589844,74.30843353271484,P09,0.5833333333333334,,
0.030104388612689395,,,,,15,0.2371637523174286,0.7765437960624695,63.28534698486328,74.35211944580078,P09,0.625,,
0.030547170928030304,,,,,16,0.21827726066112518,0.7735111117362976,62.920772552490234,74.34388732910156,P09,0.6666666666666666,,
0.029874304569128787,,,,,17,0.5045809745788574,0.7795443534851074,65.20840454101562,74.43229675292969,P09,0.7083333333333334,,
0.03005630030776515,,,,,18,0.2921919524669647,0.7747400999069214,64.4110107421875,74.48568725585938,P09,0.75,,
0.029266912286931818,,,,,19,0.21840377151966095,0.7754982709884644,64.5803451538086,74.49858093261719,P09,0.7916666666666666,,
0.02990093809185606,,,,,20,0.24511829018592834,0.7828004360198975,65.33086395263672,74.38204956054688,P09,0.8333333333333334,,
0.029638301964962123,,,,,21,0.401870995759964,0.7890523672103882,65.92066955566406,74.39804077148438,P09,0.875,,
0.029679361979166666,,,,,22,0.2634010910987854,0.7807209491729736,63.9422492980957,74.44657135009766,P09,0.9166666666666666,,
0.02999896425189394,,,,,23,0.263717383146286,0.7841892838478088,63.987056732177734,74.4113540649414,P09,0.9583333333333334,,
0.030326334635416667,,,,,24,0.23062188923358917,0.7828373312950134,63.807769775390625,74.35221862792969,P09,1.0,,
0.030487615411931818,,,,,25,0.4043678939342499,0.7976117134094238,66.63568115234375,74.32295227050781,P09,1.0416666666666667,,
0.030472449100378787,,,,,26,0.2707286477088928,0.7898039221763611,65.12667083740234,74.37890625,P09,1.0833333333333333,,
0.03009883996212121,,,,,27,0.22061768174171448,0.7891384959220886,65.0907974243164,74.32782745361328,P09,1.125,,
0.03026123046875,,,,,28,0.21094082295894623,0.7902729511260986,64.91439056396484,74.29277038574219,P09,1.1666666666666667,,
0.03048687559185606,,,,,29,0.4455122649669647,0.8051489591598511,65.78207397460938,74.27904510498047,P09,1.2083333333333333,,
0.029950506036931817,,,,,30,0.2794289290904999,0.7940511703491211,63.87635803222656,74.28429412841797,P09,1.25,,
0.03066332267992424,,,,,31,0.26532092690467834,0.7942321300506592,63.82425308227539,74.2154769897461,P09,1.2916666666666667,,
0.03199610854640152,,,,,32,0.843640148639679,0.7933591604232788,64.30472564697266,73.51055908203125,P09,1.3333333333333333,,
0.031222256747159092,,,,,33,0.42329657077789307,0.8097084760665894,67.1595687866211,73.51129913330078,P09,1.375,,
0.03132583155776515,,,,,34,0.32545942068099976,0.8008919358253479,65.59617614746094,73.5585708618164,P09,1.4166666666666667,,
0.03136985085227273,,,,,35,0.18422074615955353,0.7996464371681213,65.80709075927734,73.55996704101562,P09,1.4583333333333333,,
0.03183186848958333,,,,,36,0.1976662427186966,0.7973586916923523,65.54621124267578,73.55783081054688,P09,1.5,,
0.031412390506628786,,,,,37,0.4145541191101074,0.803754448890686,66.761962890625,73.64614868164062,P09,1.5416666666666667,,
0.031191554214015153,,,,,38,0.234916552901268,0.795615017414093,65.66442108154297,73.70207214355469,P09,1.5833333333333333,,
0.031223366477272727,,,,,39,0.21431662142276764,0.794067919254303,65.89918518066406,73.68235778808594,P09,1.625,,
0.031612511837121215,,,,,40,0.20444558560848236,0.7928560972213745,65.71331024169922,73.67125701904297,P09,1.6666666666666667,,
0.031375399502840906,,,,,41,0.34902897477149963,0.8039596080780029,67.79883575439453,73.63555145263672,P09,1.7083333333333333,,
0.031102035984848484,,,,,42,0.3502974212169647,0.7906585931777954,66.1705551147461,73.70628356933594,P09,1.75,,
0.03163988517992424,,,,,43,0.19548672437667847,0.7907870411872864,66.55493927001953,73.686279296875,P09,1.7916666666666667,,
0.03151633522727273,,,,,44,0.24953946471214294,0.7947787642478943,66.58673858642578,73.60527038574219,P09,1.8333333333333333,,
0.03164506392045455,,,,,45,0.567333996295929,0.7988453507423401,66.82881927490234,73.72581481933594,P09,1.875,,
0.031734952059659094,,,,,46,0.3461325764656067,0.7864418029785156,64.4000015258789,73.71992492675781,P09,1.9166666666666667,,
0.03205640388257576,,,,,47,0.32951438426971436,0.7901626825332642,64.70864868164062,73.59668731689453,P09,1.9583333333333333,,
0.03721442945075758,,,,,48,1.2907737493515015,0.8056290149688721,65.99797058105469,73.29984283447266,P09,2.0,,
0.037441554214015155,,,,,49,0.9204378724098206,0.8086228966712952,68.0019760131836,72.8078842163086,P09,2.0416666666666665,,
0.04231326941287879,,,,,50,0.9928411245346069,0.7919183969497681,65.64771270751953,72.16020965576172,P09,2.0833333333333335,,
0.04337269176136364,,,,,51,1.0091142654418945,0.7868902087211609,65.05005645751953,71.36221313476562,P09,2.125,,
0.043991921164772727,,,,,52,0.8580300211906433,0.8035091757774353,67.1761474609375,70.77801513671875,P09,2.1666666666666665,,
0.041400701349431815,,,,,53,1.302385926246643,0.8336119055747986,70.46942138671875,70.44192504882812,P09,2.2083333333333335,,
0.041568270596590906,,,,,54,1.1251431703567505,0.8364098072052002,69.11072540283203,70.1065444946289,P09,2.25,,
0.038956705729166666,,,,,55,1.4732354879379272,0.8468389511108398,70.46619415283203,70.10132598876953,P09,2.2916666666666665,,
0.04110292376893939,,,,,56,1.5324296951293945,0.8434373736381531,69.01242065429688,70.14928436279297,P09,2.3333333333333335,,
0.04100674715909091,,,,,57,1.8007047176361084,0.8524261713027954,71.98020935058594,69.78592681884766,P09,2.375,,
0.04402151396780303,,,,,58,2.7802934646606445,1.0018072128295898,118.9104995727539,69.4260025024414,P09,2.4166666666666665,,
0.045276248816287876,,,,,59,1.718548059463501,0.8727070093154907,79.40601348876953,68.46813201904297,P09,2.4583333333333335,,
0.052077414772727273,,,,,60,2.2935168743133545,0.8344356417655945,70.33529663085938,67.4146499633789,P09,2.5,,
0.056147165009469695,,,,,61,3.380366563796997,0.8763307929039001,80.6924819946289,66.42127227783203,P09,2.5416666666666665,,
0.05756687973484848,,,,,62,1.9794888496398926,0.8587014079093933,79.09276580810547,66.49702453613281,P09,2.5833333333333335,,
0.059028764204545454,,,,,63,1.273413062095642,0.8486996293067932,78.29515075683594,66.51141357421875,P09,2.625,,
0.06110063032670455,,,,,64,1.394636631011963,0.8686774373054504,83.80900573730469,66.25804138183594,P09,2.6666666666666665,,
0.06049545750473485,,,,,65,2.5229625701904297,0.810379147529602,69.83968353271484,66.34552764892578,P09,2.7083333333333335,,
0.06054909446022727,,,,,66,1.986492395401001,0.8099747896194458,68.3338394165039,67.23926544189453,P09,2.75,,
0.060151441169507575,,,,,67,1.0746692419052124,0.8112507462501526,69.83720397949219,66.7707290649414,P09,2.7916666666666665,,
0.0607473662405303,,,,,68,0.9382734894752502,0.8198797702789307,71.8655776977539,66.4030990600586,P09,2.8333333333333335,,
0.05713704427083333,,,,,69,1.1637917757034302,0.8381758332252502,77.1788558959961,66.7308349609375,P09,2.875,,
0.05598736387310606,,,,,70,0.6923284530639648,0.8327853083610535,76.28245544433594,66.68819427490234,P09,2.9166666666666665,,
0.05490167791193182,,,,,71,0.7171275615692139,0.8343740105628967,77.70545196533203,66.58624267578125,P09,2.9583333333333335,,
0.05648415305397727,,,,,72,0.8317327499389648,0.8483718037605286,80.77503204345703,66.41876983642578,P09,3.0,,
0.05383744673295455,,,,,73,1.7500321865081787,0.9388702511787415,107.2177734375,66.90653991699219,P09,3.0416666666666665,,
0.05242513020833333,,,,,74,2.294448137283325,0.8988037109375,91.60297393798828,67.67845153808594,P09,3.0833333333333335,,
0.05138975201231061,,,,,75,1.2135109901428223,0.9626938104629517,118.02546691894531,67.7106704711914,P09,3.125,,
0.05317234848484848,,,,,76,2.364346504211426,0.8757547736167908,87.07742309570312,66.62023162841797,P09,3.1666666666666665,,
0.05407899798768939,,,,,77,1.4928244352340698,0.8840994238853455,90.82352447509766,66.43927764892578,P09,3.2083333333333335,,
0.05316347064393939,,,,,78,1.4099708795547485,0.9017715454101562,95.94315338134766,66.70092010498047,P09,3.25,,
0.052700343276515155,,,,,79,1.3708972930908203,0.8922343254089355,97.77184295654297,67.13129425048828,P09,3.2916666666666665,,
0.053775301846590906,,,,,80,1.128172755241394,0.8566126227378845,82.09971618652344,66.75792694091797,P09,3.3333333333333335,,
0.05543989701704546,,,,,81,2.4781482219696045,0.8928917050361633,93.88652038574219,67.4642562866211,P09,3.375,,
0.056933963660037876,,,,,82,2.8993451595306396,0.8933447599411011,101.41255950927734,67.0608901977539,P09,3.4166666666666665,,
0.05723876953125,,,,,83,0.6814253330230713,0.862432599067688,89.2927017211914,66.95674133300781,P09,3.4583333333333335,,
0.06068448153409091,,,,,84,0.7719748616218567,0.9104773998260498,111.53173065185547,66.68555450439453,P09,3.5,,
0.060419256036931816,,,,,85,1.3057506084442139,0.9030444025993347,104.2492904663086,66.50933074951172,P09,3.5416666666666665,,
0.05870509292140152,,,,,86,1.3012495040893555,0.8751229643821716,89.70279693603516,66.69152069091797,P09,3.5833333333333335,,
0.06064749053030303,,,,,87,0.7200095653533936,0.900884747505188,103.0495376586914,66.55919647216797,P09,3.625,,
0.06141061493844697,,,,,88,0.857390820980072,0.8623814582824707,86.64804077148438,66.3952407836914,P09,3.6666666666666665,,
0.05982703006628788,,,,,89,1.5703513622283936,0.867804765701294,82.4430923461914,66.96715545654297,P09,3.7083333333333335,,
0.05864368785511364,,,,,90,1.166973352432251,0.842167854309082,76.83344268798828,66.98370361328125,P09,3.75,,
0.058716930042613635,,,,,91,0.7354359030723572,0.8844044208526611,92.00208282470703,66.73991394042969,P09,3.7916666666666665,,
0.0667550751657197,,,,,92,2.004390001296997,0.8425631523132324,76.74864196777344,65.87870025634766,P09,3.8333333333333335,,
0.0668020537405303,,,,,93,1.0024791955947876,0.8492120504379272,81.10115051269531,65.73165893554688,P09,3.875,,
0.06476754853219698,,,,,94,1.0436656475067139,0.8478681445121765,80.35261535644531,66.04660034179688,P09,3.9166666666666665,,
0.06304154829545454,,,,,95,0.6507468223571777,0.8556534051895142,84.21605682373047,66.08000183105469,P09,3.9583333333333335,,
0.06376139322916667,,,,,96,0.9246470928192139,0.8509266376495361,80.76162719726562,65.67898559570312,P09,4.0,,
0.0020796342329545453,,,,,0,0.0,0.3778402805328369,16.531641006469727,173.9475555419922,P10,0.0,,
0.004445578835227273,,,,,1,1.9125165939331055,0.32372772693634033,14.192625045776367,173.93228149414062,P10,0.041666666666666664,,
0.006850363991477273,,,,,2,2.8477494716644287,0.338229775428772,20.161584854125977,173.23934936523438,P10,0.08333333333333333,,
0.0055249763257575754,,,,,3,2.029204845428467,0.30738043785095215,13.422024726867676,173.08009338378906,P10,0.125,,
0.004761851917613636,,,,,4,0.8227594494819641,0.32035988569259644,15.465777397155762,172.8826904296875,P10,0.16666666666666666,,
0.003908099550189394,,,,,5,1.5553644895553589,0.3415639102458954,22.730070114135742,173.1497802734375,P10,0.20833333333333334,,
0.003761245265151515,,,,,6,0.477676659822464,0.3397640287876129,21.496681213378906,173.05308532714844,P10,0.25,,
0.0036106918797348484,,,,,7,0.9197520613670349,0.32889828085899353,17.647104263305664,172.9217529296875,P10,0.2916666666666667,,
0.0040297999526515155,,,,,8,0.456283301115036,0.3288441598415375,18.544754028320312,172.7692413330078,P10,0.3333333333333333,,
0.004125606652462121,,,,,9,0.23134765028953552,0.3303489685058594,18.305885314941406,172.7606201171875,P10,0.375,,
0.003639544862689394,,,,,10,1.480670690536499,0.3451710343360901,21.28683853149414,172.76461791992188,P10,0.4166666666666667,,
0.0036439837831439394,,,,,11,0.5733575820922852,0.34968850016593933,21.132312774658203,172.6379852294922,P10,0.4583333333333333,,
0.003695031368371212,,,,,12,0.14490744471549988,0.3480141758918762,21.787742614746094,172.56080627441406,P10,0.5,,
0.0037519975142045457,,,,,13,0.3398149013519287,0.34015828371047974,20.149410247802734,172.6333770751953,P10,0.5416666666666666,,
0.0035285718513257576,,,,,14,0.43048760294914246,0.3409932851791382,20.324769973754883,172.60658264160156,P10,0.5833333333333334,,
0.0035111860795454543,,,,,15,0.12253528833389282,0.33655545115470886,19.6457462310791,172.61004638671875,P10,0.625,,
0.003697250828598485,,,,,16,0.2706110179424286,0.3409912586212158,21.227251052856445,172.5806121826172,P10,0.6666666666666666,,
0.0037120472301136365,,,,,17,0.2549704909324646,0.339157372713089,20.978050231933594,172.58639526367188,P10,0.7083333333333334,,
0.004066790956439394,,,,,18,0.9337002635002136,0.345631867647171,23.106578826904297,172.657470703125,P10,0.75,,
0.004128565932765151,,,,,19,0.2536565661430359,0.3431771993637085,22.642824172973633,172.63446044921875,P10,0.7916666666666666,,
0.004349402225378788,,,,,20,0.09467440843582153,0.3476276099681854,23.795690536499023,172.58811950683594,P10,0.8333333333333334,,
0.0034338748816287877,,,,,21,0.5060025453567505,0.3088023364543915,15.83363151550293,172.73904418945312,P10,0.875,,
0.004380844578598485,,,,,22,0.3918934166431427,0.32603293657302856,19.743545532226562,172.67185974121094,P10,0.9166666666666666,,
0.0042413884943181815,,,,,23,0.21747936308383942,0.3195708394050598,18.613542556762695,172.6861114501953,P10,0.9583333333333334,,
0.004531397964015152,,,,,24,0.27972522377967834,0.32459667325019836,19.934972763061523,172.65252685546875,P10,1.0,,
0.00458984375,,,,,25,0.3155095875263214,0.3270914852619171,19.734542846679688,172.6928253173828,P10,1.0416666666666667,,
0.03249807646780303,,,,,26,9.118720054626465,0.4462662637233734,43.91027069091797,165.4486846923828,P10,1.0833333333333333,,
0.02991388494318182,,,,,27,0.46426114439964294,0.4310215711593628,37.95726776123047,165.55287170410156,P10,1.125,,
0.027662612452651517,,,,,28,2.9562888145446777,0.4015815854072571,30.03400421142578,165.78382873535156,P10,1.1666666666666667,,
0.025307025331439394,,,,,29,0.8098100423812866,0.3800635039806366,25.819597244262695,165.95262145996094,P10,1.2083333333333333,,
0.024095200047348483,,,,,30,0.9817072153091431,0.39420992136001587,27.79149055480957,166.0775146484375,P10,1.25,,
0.022701379024621212,,,,,31,0.494461327791214,0.38726377487182617,25.739341735839844,166.1283416748047,P10,1.2916666666666667,,
0.02499075224905303,,,,,32,0.45834073424339294,0.3996403217315674,28.67534637451172,166.08203125,P10,1.3333333333333333,,
0.02276648319128788,,,,,33,0.540270984172821,0.39243850111961365,26.94144630432129,166.14833068847656,P10,1.375,,
0.022472404711174242,,,,,34,0.518847644329071,0.40094637870788574,28.354520797729492,166.0670166015625,P10,1.4166666666666667,,
0.021742202296401517,,,,,35,0.4393865466117859,0.3973694443702698,26.845190048217773,166.03103637695312,P10,1.4583333333333333,,
0.022964015151515152,,,,,36,0.5275523662567139,0.40679818391799927,28.890260696411133,165.89443969726562,P10,1.5,,
0.022335168087121212,,,,,37,0.5316528081893921,0.40002548694610596,26.821531295776367,165.9156494140625,P10,1.5416666666666667,,
0.02291185783617424,,,,,38,0.4224531650543213,0.4061906933784485,27.307153701782227,165.84719848632812,P10,1.5833333333333333,,
0.022046268347537878,,,,,39,0.26051026582717896,0.40497443079948425,26.59559440612793,165.86793518066406,P10,1.625,,
0.02344415838068182,,,,,40,0.26030606031417847,0.4143170714378357,28.791561126708984,165.8153076171875,P10,1.6666666666666667,,
0.022794596354166665,,,,,41,0.45793235301971436,0.4085656702518463,27.321813583374023,165.85809326171875,P10,1.7083333333333333,,
0.02227154356060606,,,,,42,0.4119184911251068,0.41328302025794983,27.403528213500977,165.82095336914062,P10,1.75,,
0.02177438446969697,,,,,43,0.2195723056793213,0.41063231229782104,26.749860763549805,165.78306579589844,P10,1.7916666666666667,,
0.02259817412405303,,,,,44,0.2462024986743927,0.41693800687789917,28.397371292114258,165.7179718017578,P10,1.8333333333333333,,
0.018339769767992425,,,,,45,2.7676546573638916,0.3585493564605713,16.117605209350586,166.277099609375,P10,1.875,,
0.04831099076704545,,,,,46,11.325742721557617,0.5258826613426208,45.33799743652344,157.07962036132812,P10,1.9166666666666667,,
0.04911221590909091,,,,,47,3.666308641433716,0.4326432943344116,23.308433532714844,156.45956420898438,P10,1.9583333333333333,,
0.05153179746685606,,,,,48,2.102442502975464,0.43780282139778137,22.98170280456543,155.98199462890625,P10,2.0,,
0.051691598603219695,,,,,49,0.8777720928192139,0.42208489775657654,20.250743865966797,156.2143096923828,P10,2.0416666666666665,,
0.0500680634469697,,,,,50,0.6885032057762146,0.43190982937812805,21.100318908691406,156.35662841796875,P10,2.0833333333333335,,
0.04919507575757576,,,,,51,0.28308215737342834,0.4242655038833618,20.34103775024414,156.38963317871094,P10,2.125,,
0.05202821673768939,,,,,52,0.7561246156692505,0.43593525886535645,22.708341598510742,156.2635955810547,P10,2.1666666666666665,,
0.05047385475852273,,,,,53,1.0987316370010376,0.3856525123119354,14.417889595031738,156.37271118164062,P10,2.2083333333333335,,
0.05682594992897727,,,,,54,3.6641790866851807,0.4020078182220459,16.73513412475586,156.00404357910156,P10,2.25,,
0.05702274206912879,,,,,55,2.3207309246063232,0.3975414037704468,16.640127182006836,155.00453186035156,P10,2.2916666666666665,,
0.05731460108901515,,,,,56,0.9182816743850708,0.3981434106826782,16.626832962036133,155.1293182373047,P10,2.3333333333333335,,
0.05603323271780303,,,,,57,1.3535434007644653,0.3871663808822632,15.4613618850708,155.583740234375,P10,2.375,,
0.06226251775568182,,,,,58,2.7517778873443604,0.42393332719802856,20.16863441467285,155.04981994628906,P10,2.4166666666666665,,
0.06353093927556819,,,,,59,1.1912586688995361,0.41882067918777466,17.432212829589844,154.92530822753906,P10,2.4583333333333335,,
0.0607717803030303,,,,,60,4.31463623046875,0.3651120364665985,11.229002952575684,154.62042236328125,P10,2.5,,
0.05854122277462121,,,,,61,4.193030834197998,0.4505772292613983,28.510326385498047,154.69906616210938,P10,2.5416666666666665,,
0.05699869791666667,,,,,62,2.953497886657715,0.39670655131340027,21.924196243286133,155.40794372558594,P10,2.5833333333333335,,
0.056401663115530305,,,,,63,2.804133653640747,0.3954949676990509,16.987197875976562,155.0518798828125,P10,2.625,,
0.05609130859375,,,,,64,3.7036542892456055,0.37940579652786255,12.282383918762207,153.44149780273438,P10,2.6666666666666665,,
0.05614790482954545,,,,,65,2.4114935398101807,0.40687283873558044,14.934532165527344,153.93338012695312,P10,2.7083333333333335,,
0.056254069010416664,,,,,66,2.147728443145752,0.397629976272583,13.592791557312012,154.5171661376953,P10,2.75,,
0.057624955610795454,,,,,67,1.657934546470642,0.3923390209674835,13.725138664245605,154.45204162597656,P10,2.7916666666666665,,
0.05581868489583333,,,,,68,2.6422741413116455,0.39199528098106384,14.6832914352417,154.30345153808594,P10,2.8333333333333335,,
0.05591708096590909,,,,,69,1.8922529220581055,0.4035314619541168,15.793336868286133,154.917724609375,P10,2.875,,
0.055926698626893936,,,,,70,1.1710326671600342,0.41235607862472534,19.021650314331055,155.2080841064453,P10,2.9166666666666665,,
0.05410933061079545,,,,,71,1.5858376026153564,0.3927138149738312,13.931986808776855,155.20248413085938,P10,2.9583333333333335,,
0.05590783321496212,,,,,72,2.343764543533325,0.3984435200691223,14.760627746582031,154.71617126464844,P10,3.0,,
0.05983849727746212,,,,,73,3.2239668369293213,0.38007843494415283,14.025606155395508,154.93630981445312,P10,3.0416666666666665,,
0.04232732599431818,,,,,74,12.446785926818848,0.41191163659095764,21.366540908813477,161.55816650390625,P10,3.0833333333333335,,
0.043155554569128785,,,,,75,8.75340461730957,0.46042996644973755,32.060848236083984,161.2974395751953,P10,3.125,,
0.03951416015625,,,,,76,10.917380332946777,0.43382370471954346,27.435897827148438,162.3859405517578,P10,3.1666666666666665,,
0.03386563387784091,,,,,77,9.052009582519531,0.4321826696395874,27.40530014038086,162.43475341796875,P10,3.2083333333333335,,
0.023404947916666665,,,,,78,13.355040550231934,0.49689123034477234,32.140167236328125,167.80540466308594,P10,3.25,,
0.021312736742424242,,,,,79,11.472074508666992,0.4082639515399933,15.1207857131958,165.11196899414062,P10,3.2916666666666665,,
0.023848839962121213,,,,,80,11.861763954162598,0.4685007333755493,18.8140926361084,160.51820373535156,P10,3.3333333333333335,,
0.029694158380681818,,,,,81,11.217595100402832,0.4602963328361511,18.999591827392578,159.61180114746094,P10,3.375,,
0.017202666311553032,,,,,82,13.477056503295898,0.47459372878074646,22.819366455078125,165.9382781982422,P10,3.4166666666666665,,
0.012202222419507575,,,,,83,5.715915679931641,0.42064833641052246,15.39826774597168,166.21775817871094,P10,3.4583333333333335,,
0.011653275923295455,,,,,84,6.687079429626465,0.43101438879966736,14.707773208618164,167.39541625976562,P10,3.5,,
0.013338216145833333,,,,,85,4.628203868865967,0.44974491000175476,19.934844970703125,168.3311004638672,P10,3.5416666666666665,,
0.010620857007575757,,,,,86,3.8798484802246094,0.4491223990917206,17.861984252929688,168.65341186523438,P10,3.5833333333333335,,
0.007711884469696969,,,,,87,3.215069055557251,0.4341922998428345,16.470664978027344,169.09503173828125,P10,3.625,,
0.008539743134469696,,,,,88,4.422283172607422,0.46948376297950745,18.69573402404785,169.40501403808594,P10,3.6666666666666665,,
0.008088082978219696,,,,,89,3.114577531814575,0.4670683741569519,19.347749710083008,169.6465606689453,P10,3.7083333333333335,,
0.00821829131155303,,,,,90,2.3942127227783203,0.46627017855644226,18.811412811279297,169.6041717529297,P10,3.75,,
0.008223100142045454,,,,,91,2.534698963165283,0.44935142993927,18.796897888183594,169.8059539794922,P10,3.7916666666666665,,
0.008641838304924243,,,,,92,3.191368579864502,0.48337695002555847,19.567909240722656,169.1761016845703,P10,3.8333333333333335,,
0.009227775804924242,,,,,93,1.3320634365081787,0.4852997660636902,21.020793914794922,169.13714599609375,P10,3.875,,
0.010115929805871213,,,,,94,1.1344648599624634,0.4903058111667633,22.383974075317383,168.82553100585938,P10,3.9166666666666665,,
0.008870442708333334,,,,,95,0.9616444110870361,0.4721815586090088,19.436527252197266,168.87709045410156,P10,3.9583333333333335,,
0.008543442234848484,,,,,96,0.7418634295463562,0.47300344705581665,19.00157356262207,168.72592163085938,P10,4.0,,
1.2946851325757576e-05,,,,,0,0.0,0.7926753759384155,26.112581253051758,159.3853759765625,P11,0.0,,
2.5153882575757575e-05,,,,,1,0.8635464906692505,0.7819892168045044,25.720108032226562,160.14190673828125,P11,0.041666666666666664,,
2.959280303030303e-05,,,,,2,0.4239268898963928,0.7989144325256348,26.572439193725586,160.43475341796875,P11,0.08333333333333333,,
3.440163352272727e-05,,,,,3,0.29974254965782166,0.800408124923706,26.88642120361328,160.54917907714844,P11,0.125,,
3.329190340909091e-05,,,,,4,0.35296186804771423,0.8184431791305542,27.873228073120117,160.26356506347656,P11,0.16666666666666666,,
7.731119791666666e-05,,,,,5,0.8645818829536438,0.8163747787475586,27.993783950805664,160.78533935546875,P11,0.20833333333333334,,
8.544921875e-05,,,,,6,0.3544822037220001,0.8281435966491699,28.72340202331543,161.00137329101562,P11,0.25,,
8.581912878787878e-05,,,,,7,0.13285355269908905,0.828565239906311,28.776260375976562,161.0778045654297,P11,0.2916666666666667,,
8.507930871212122e-05,,,,,8,0.10545875877141953,0.8270769715309143,28.763498306274414,161.0550994873047,P11,0.3333333333333333,,
8.87784090909091e-05,,,,,9,0.503387987613678,0.8170433640480042,28.14541244506836,161.0828094482422,P11,0.375,,
0.00010283499053030303,,,,,10,0.32207030057907104,0.8254974484443665,28.0057373046875,161.01968383789062,P11,0.4166666666666667,,
0.00011208274147727273,,,,,11,0.3287220299243927,0.8165176510810852,26.62952995300293,161.03367614746094,P11,0.4583333333333333,,
0.00010024562026515151,,,,,12,0.7364246845245361,0.8178627490997314,26.959693908691406,160.96629333496094,P11,0.5,,
0.00010542436079545455,,,,,13,0.9832674860954285,0.7870271801948547,24.551156997680664,161.4265594482422,P11,0.5416666666666666,,
9.580669981060605e-05,,,,,14,0.6002197265625,0.8080004453659058,26.049156188964844,161.45603942871094,P11,0.5833333333333334,,
9.136777935606061e-05,,,,,15,0.6630393266677856,0.8120110034942627,26.726633071899414,161.56573486328125,P11,0.625,,
7.361209753787879e-05,,,,,16,0.596465528011322,0.8197192549705505,28.137523651123047,161.552001953125,P11,0.6666666666666666,,
7.509173768939394e-05,,,,,17,1.0348732471466064,0.8077073097229004,27.57724380493164,161.9593048095703,P11,0.7083333333333334,,
3.6251183712121215e-05,,,,,18,0.7086270451545715,0.827499270439148,29.111412048339844,162.0111846923828,P11,0.75,,
4.549893465909091e-05,,,,,19,0.6998124718666077,0.8228543400764465,28.501434326171875,162.1441192626953,P11,0.7916666666666666,,
4.9198035037878786e-05,,,,,20,0.9115833640098572,0.8512929081916809,30.78887176513672,161.8402557373047,P11,0.8333333333333334,,
2.256451231060606e-05,,,,,21,1.0223610401153564,0.8167458176612854,26.741050720214844,162.01869201660156,P11,0.875,,
2.2934422348484847e-05,,,,,22,0.8456165790557861,0.8261290788650513,27.946653366088867,162.0019073486328,P11,0.9166666666666666,,
2.5153882575757575e-05,,,,,23,0.8913829326629639,0.8381717205047607,27.14572525024414,161.89492797851562,P11,0.9583333333333334,,
4.290956439393939e-05,,,,,24,0.8069912791252136,0.8641394376754761,29.143327713012695,161.64260864257812,P11,1.0,,
3.181226325757576e-05,,,,,25,1.1666059494018555,0.8395228981971741,27.722270965576172,161.6637725830078,P11,1.0416666666666667,,
4.290956439393939e-05,,,,,26,0.9296930432319641,0.861224353313446,30.438629150390625,161.55340576171875,P11,1.0833333333333333,,
5.918560606060606e-05,,,,,27,0.9707197546958923,0.8751292824745178,30.374019622802734,161.33531188964844,P11,1.125,,
6.066524621212121e-05,,,,,28,0.8960282802581787,0.9016990065574646,33.23564147949219,160.9536590576172,P11,1.1666666666666667,,
0.00012872869318181817,,,,,29,1.3551980257034302,0.8612890243530273,30.587642669677734,161.09971618652344,P11,1.2083333333333333,,
0.00022416548295454546,,,,,30,1.0737714767456055,0.8777405619621277,32.01996994018555,160.97677612304688,P11,1.25,,
0.00022971413352272727,,,,,31,0.8914605975151062,0.8825736045837402,31.304170608520508,160.85195922851562,P11,1.2916666666666667,,
0.0002012310606060606,,,,,32,0.9686834216117859,0.9112740755081177,34.93700408935547,160.3784637451172,P11,1.3333333333333333,,
0.00011504202178030303,,,,,33,1.2649847269058228,0.8747209906578064,31.037939071655273,160.5923309326172,P11,1.375,,
0.0002045602509469697,,,,,34,1.0994350910186768,0.886721134185791,32.08582305908203,160.5475616455078,P11,1.4166666666666667,,
0.00014833392518939393,,,,,35,0.8786299228668213,0.8790069818496704,30.827390670776367,160.46580505371094,P11,1.4583333333333333,,
0.00011800130208333333,,,,,36,0.9839344620704651,0.9017771482467651,32.67982482910156,160.08786010742188,P11,1.5,,
0.00019050366950757575,,,,,37,1.3436312675476074,0.8722020387649536,30.1751766204834,160.1629638671875,P11,1.5416666666666667,,
0.0003458658854166667,,,,,38,1.0253772735595703,0.8865325450897217,32.68214416503906,160.1009979248047,P11,1.5833333333333333,,
0.00019901160037878789,,,,,39,1.1146018505096436,0.882560670375824,33.187843322753906,160.0549774169922,P11,1.625,,
0.0001157818418560606,,,,,40,1.0413329601287842,0.9150955080986023,37.274169921875,159.6241455078125,P11,1.6666666666666667,,
0.00027891216856060604,,,,,41,1.4882912635803223,0.8698336482048035,31.868722915649414,159.82891845703125,P11,1.7083333333333333,,
0.0007601651278409091,,,,,42,1.3034435510635376,0.894879162311554,34.403404235839844,159.6177978515625,P11,1.75,,
0.00019975142045454547,,,,,43,1.266870141029358,0.8728674650192261,30.802452087402344,159.5617218017578,P11,1.7916666666666667,,
5.844578598484848e-05,,,,,44,1.7677212953567505,0.9214329719543457,38.2163200378418,158.7071075439453,P11,1.8333333333333333,,
0.0007142962831439394,,,,,45,1.8211137056350708,0.882419764995575,32.9356575012207,159.3712921142578,P11,1.875,,
0.00025597774621212123,,,,,46,1.3863924741744995,0.9022403955459595,35.52564239501953,159.27236938476562,P11,1.9166666666666667,,
9.987571022727273e-06,,,,,47,1.4004294872283936,0.8842251896858215,32.03266525268555,159.3278045654297,P11,1.9583333333333333,,
5.7336055871212124e-05,,,,,48,1.3682317733764648,0.9372180104255676,40.32980728149414,158.9353485107422,P11,2.0,,
0.0,,,,,49,2.138486623764038,0.8422109484672546,26.576929092407227,159.4380645751953,P11,2.0416666666666665,,
0.0001923532196969697,,,,,50,2.021747350692749,0.8925961852073669,37.14240646362305,159.60250854492188,P11,2.0833333333333335,,
5.1417495265151514e-05,,,,,51,1.73394775390625,0.8316078782081604,24.9285945892334,159.607666015625,P11,2.125,,
4.364938446969697e-05,,,,,52,1.6425426006317139,0.8980157971382141,35.921592712402344,159.0926513671875,P11,2.1666666666666665,,
0.0006092418323863637,,,,,53,1.8428223133087158,0.886993408203125,35.73332214355469,159.01885986328125,P11,2.2083333333333335,,
0.0005271218039772727,,,,,54,1.5703712701797485,0.873550295829773,32.584564208984375,159.0917205810547,P11,2.25,,
7.768110795454545e-06,,,,,55,1.609130859375,0.8406561017036438,25.521915435791016,159.55638122558594,P11,2.2916666666666665,,
0.0003872958096590909,,,,,56,1.2704555988311768,0.8955790996551514,30.54839515686035,159.42262268066406,P11,2.3333333333333335,,
0.0003277402935606061,,,,,57,1.8259344100952148,0.8941622376441956,37.61906814575195,159.67172241210938,P11,2.375,,
0.00045018051609848486,,,,,58,1.995996117591858,0.9049434065818787,39.89061737060547,159.83126831054688,P11,2.4166666666666665,,
0.00011023319128787879,,,,,59,1.4639215469360352,0.8589770197868347,32.86681365966797,160.025146484375,P11,2.4583333333333335,,
8.507930871212122e-05,,,,,60,1.5938875675201416,0.8906365036964417,35.10247802734375,159.58505249023438,P11,2.5,,
2.5153882575757575e-05,,,,,61,1.7855790853500366,0.8665221333503723,34.197994232177734,159.87034606933594,P11,2.5416666666666665,,
5.6596235795454544e-05,,,,,62,1.6368674039840698,0.8533754944801331,33.11145782470703,160.43734741210938,P11,2.5833333333333335,,
0.00035807291666666664,,,,,63,1.8693459033966064,0.8040976524353027,25.821596145629883,160.2821807861328,P11,2.625,,
0.00019938151041666666,,,,,64,1.1820977926254272,0.8240986466407776,28.52385711669922,160.03775024414062,P11,2.6666666666666665,,
0.0006617690577651515,,,,,65,1.7081154584884644,0.8136422038078308,27.103900909423828,160.61878967285156,P11,2.7083333333333335,,
0.0009025804924242424,,,,,66,1.4449084997177124,0.8492210507392883,34.740196228027344,161.07144165039062,P11,2.75,,
0.0003684303977272727,,,,,67,1.4035322666168213,0.8415454626083374,29.403995513916016,161.1435546875,P11,2.7916666666666665,,
8.064038825757576e-05,,,,,68,1.417333960533142,0.8902009725570679,33.394264221191406,160.59158325195312,P11,2.8333333333333335,,
0.00019124348958333333,,,,,69,1.539307713508606,0.9170299768447876,48.80040740966797,160.91159057617188,P11,2.875,,
0.0002907492897727273,,,,,70,0.8719482421875,0.9102452397346497,43.66499328613281,161.13682556152344,P11,2.9166666666666665,,
0.00022416548295454546,,,,,71,0.9864646196365356,0.8932554721832275,33.39507293701172,161.31838989257812,P11,2.9583333333333335,,
0.00024229107481060606,,,,,72,0.8690873384475708,0.9442781805992126,39.633094787597656,161.1605224609375,P11,3.0,,
0.00017200816761363637,,,,,73,1.152266025543213,0.9530515074729919,44.73819351196289,161.5648193359375,P11,3.0416666666666665,,
0.0003491950757575758,,,,,74,0.8125543594360352,0.9532070755958557,43.06156921386719,161.760009765625,P11,3.0833333333333335,,
0.0002496892755681818,,,,,75,0.6054764986038208,0.9755426645278931,46.51713943481445,161.76217651367188,P11,3.125,,
0.00022675485321969698,,,,,76,0.7242409586906433,1.0328459739685059,59.31640625,161.52183532714844,P11,3.1666666666666665,,
0.00016239050662878788,,,,,77,0.7841508388519287,0.9881702065467834,51.635799407958984,161.71536254882812,P11,3.2083333333333335,,
0.0002726236979166667,,,,,78,0.7113558650016785,0.987264096736908,50.266754150390625,161.75294494628906,P11,3.25,,
0.0002260150331439394,,,,,79,0.6215753555297852,0.992250919342041,50.65952682495117,161.7926025390625,P11,3.2916666666666665,,
0.00021232836174242425,,,,,80,0.4846557676792145,1.006819486618042,51.600341796875,161.72666931152344,P11,3.3333333333333335,,
0.00017866654829545454,,,,,81,0.8090154528617859,0.9754782319068909,47.74114990234375,161.83900451660156,P11,3.375,,
0.0002896395596590909,,,,,82,0.8067571520805359,0.9809908866882324,47.23551940917969,161.8446502685547,P11,3.4166666666666665,,
0.000336618134469697,,,,,83,0.5295465588569641,0.986301600933075,47.8421516418457,161.87376403808594,P11,3.4583333333333335,,
0.0004091205018939394,,,,,84,0.4849664866924286,0.9971898794174194,48.21446228027344,161.7939910888672,P11,3.5,,
0.00026041666666666666,,,,,85,0.7625266313552856,0.97007155418396,46.12932205200195,161.93893432617188,P11,3.5416666666666665,,
0.0002315636837121212,,,,,86,0.5018843412399292,0.9741304516792297,45.932430267333984,161.88446044921875,P11,3.5833333333333335,,
0.0002530184659090909,,,,,87,0.7598155736923218,1.0119259357452393,51.589630126953125,161.8573455810547,P11,3.625,,
0.00021565755208333333,,,,,88,0.393875390291214,1.0293081998825073,53.13718795776367,161.7572784423828,P11,3.6666666666666665,,
0.0002467299952651515,,,,,89,0.6980768442153931,1.0191402435302734,52.87404251098633,161.84384155273438,P11,3.7083333333333335,,
0.0003055456912878788,,,,,90,0.38654452562332153,1.0338841676712036,54.003849029541016,161.80337524414062,P11,3.75,,
0.0003551136363636364,,,,,91,0.39301979541778564,1.0213942527770996,53.70072937011719,161.849365234375,P11,3.7916666666666665,,
0.0003425366950757576,,,,,92,0.43693292140960693,1.0426181554794312,57.98314666748047,161.7063751220703,P11,3.8333333333333335,,
0.00031812263257575756,,,,,93,0.5115855932235718,1.0575114488601685,62.2536506652832,161.5636749267578,P11,3.875,,
0.0002163973721590909,,,,,94,0.5081287622451782,1.0867149829864502,66.05960845947266,161.38185119628906,P11,3.9166666666666665,,
0.00025745738636363634,,,,,95,0.2352616786956787,1.0682613849639893,62.85371017456055,161.47071838378906,P11,3.9583333333333335,,
0.00023896188446969696,,,,,96,0.1885775476694107,1.0684330463409424,62.560829162597656,161.4102325439453,P11,4.0,,
0.00011726148200757575,,,,,0,0.0,0.6461978554725647,46.89113998413086,144.46011352539062,P12,0.0,,
0.0001498135653409091,,,,,1,0.7393088340759277,0.6538128852844238,51.97830581665039,145.02545166015625,P12,0.041666666666666664,,
0.00022231593276515152,,,,,2,1.0791471004486084,0.6663848757743835,53.98492431640625,145.98585510253906,P12,0.08333333333333333,,
0.00021565755208333333,,,,,3,0.39031317830085754,0.6597545146942139,55.942928314208984,146.154541015625,P12,0.125,,
0.0002293442234848485,,,,,4,0.4349531829357147,0.6568537354469299,57.237545013427734,145.83145141601562,P12,0.16666666666666666,,
0.0002467299952651515,,,,,5,0.7367664575576782,0.7213939428329468,69.77574920654297,145.79592895507812,P12,0.20833333333333334,,
0.0002478397253787879,,,,,6,0.3541259765625,0.7007441520690918,68.64896392822266,145.89073181152344,P12,0.25,,
0.0002541281960227273,,,,,7,0.5013505220413208,0.7027460336685181,67.6180648803711,145.616943359375,P12,0.2916666666666667,,
0.00027040423768939396,,,,,8,0.49052512645721436,0.6899221539497375,68.05228424072266,145.258544921875,P12,0.3333333333333333,,
0.0002467299952651515,,,,,9,0.9351462721824646,0.7050473093986511,72.37104034423828,145.77767944335938,P12,0.375,,
0.00025745738636363634,,,,,10,0.3994728922843933,0.7055912613868713,72.03189086914062,145.76319885253906,P12,0.4166666666666667,,
0.00025264855587121214,,,,,11,0.34543347358703613,0.6870781779289246,67.5741958618164,145.7061767578125,P12,0.4583333333333333,,
0.000275582978219697,,,,,12,0.6792624592781067,0.6945929527282715,70.34835052490234,145.12046813964844,P12,0.5,,
0.0002652254971590909,,,,,13,1.1315274238586426,0.7485241889953613,88.79026794433594,145.99514770507812,P12,0.5416666666666666,,
0.00026633522727272725,,,,,14,0.41239678859710693,0.7660415172576904,92.12601470947266,145.8113250732422,P12,0.5833333333333334,,
0.0002467299952651515,,,,,15,0.40406715869903564,0.7526712417602539,90.63613891601562,145.87216186523438,P12,0.625,,
0.00027003432765151513,,,,,16,0.4994129538536072,0.7699123620986938,93.75238800048828,145.62591552734375,P12,0.6666666666666666,,
0.00025819720643939395,,,,,17,0.6714277863502502,0.7908273935317993,98.52667236328125,145.806884765625,P12,0.7083333333333334,,
0.00025782729640151517,,,,,18,0.4037131667137146,0.7946081161499023,99.33495330810547,145.71690368652344,P12,0.75,,
0.0002589370265151515,,,,,19,0.4545021653175354,0.798804521560669,101.5780258178711,145.54039001464844,P12,0.7916666666666666,,
0.00027928207859848487,,,,,20,0.6397205591201782,0.8484755158424377,110.82079315185547,145.01097106933594,P12,0.8333333333333334,,
0.0002544981060606061,,,,,21,0.797192394733429,0.7542285323143005,84.65937805175781,145.54638671875,P12,0.875,,
0.0002659653172348485,,,,,22,0.5303411483764648,0.7379509210586548,71.85689544677734,145.29425048828125,P12,0.9166666666666666,,
0.0002533883759469697,,,,,23,0.43472346663475037,0.7132435441017151,67.2999496459961,145.3062286376953,P12,0.9583333333333334,,
0.0002815015388257576,,,,,24,0.5074041485786438,0.7225111126899719,65.48686218261719,144.9915771484375,P12,1.0,,
0.0002618963068181818,,,,,25,0.6311489939689636,0.7663425803184509,79.46478271484375,145.00389099121094,P12,1.0416666666666667,,
0.00024562026515151516,,,,,26,0.4380870461463928,0.7515901327133179,79.9536361694336,144.90745544433594,P12,1.0833333333333333,,
0.00025190873579545453,,,,,27,0.666168749332428,0.763384997844696,82.32076263427734,144.49049377441406,P12,1.125,,
0.0002585671164772727,,,,,28,0.6802301406860352,0.7908216714859009,88.93618774414062,144.02378845214844,P12,1.1666666666666667,,
0.00022749467329545453,,,,,29,0.6742342710494995,0.7745450139045715,87.79008483886719,144.17869567871094,P12,1.2083333333333333,,
0.00022083629261363636,,,,,30,0.4968982934951782,0.7767343521118164,85.35791778564453,144.05026245117188,P12,1.25,,
0.0002293442234848485,,,,,31,0.5379549860954285,0.78482985496521,92.24554443359375,143.87307739257812,P12,1.2916666666666667,,
0.00024488044507575755,,,,,32,0.7984441518783569,0.7885192632675171,92.03227233886719,143.17039489746094,P12,1.3333333333333333,,
0.00026744495738636364,,,,,33,0.8831154704093933,0.8535680770874023,103.61754608154297,143.27784729003906,P12,1.375,,
0.0002655954071969697,,,,,34,0.7996026873588562,0.7893947958946228,85.61285400390625,143.48886108398438,P12,1.4166666666666667,,
0.00033143939393939396,,,,,35,0.8842640519142151,0.7905123829841614,88.8788833618164,143.29330444335938,P12,1.4583333333333333,,
0.0003085049715909091,,,,,36,1.0409901142120361,0.7709983587265015,75.77486419677734,142.94430541992188,P12,1.5,,
0.0003055456912878788,,,,,37,1.2930530309677124,0.8167252540588379,100.74359130859375,143.17904663085938,P12,1.5416666666666667,,
0.000273733428030303,,,,,38,0.7843594551086426,0.782287061214447,87.94087219238281,143.0130615234375,P12,1.5833333333333333,,
0.00030443596117424245,,,,,39,0.8385475873947144,0.795171856880188,95.69275665283203,143.0029754638672,P12,1.625,,
0.0003140536221590909,,,,,40,0.8628984093666077,0.8281581401824951,104.84137725830078,142.66091918945312,P12,1.6666666666666667,,
0.0003288500236742424,,,,,41,1.3247191905975342,0.8647785782814026,119.93632507324219,143.13087463378906,P12,1.7083333333333333,,
0.00026633522727272725,,,,,42,0.8565296530723572,0.8306007385253906,103.07737731933594,143.0338134765625,P12,1.75,,
0.0003173828125,,,,,43,0.9100685715675354,0.8276522755622864,107.91255187988281,142.97999572753906,P12,1.7916666666666667,,
0.00029296875,,,,,44,1.3057739734649658,0.8452155590057373,100.92840576171875,142.7461395263672,P12,1.8333333333333333,,
0.0003491950757575758,,,,,45,1.8143088817596436,0.9695270657539368,158.3115692138672,143.3255615234375,P12,1.875,,
0.00032589074337121215,,,,,46,1.2866166830062866,0.8987634778022766,130.36553955078125,143.3062286376953,P12,1.9166666666666667,,
0.0004302053740530303,,,,,47,1.3864901065826416,0.9466432332992554,150.07559204101562,143.13430786132812,P12,1.9583333333333333,,
0.0004150390625,,,,,48,1.4192371368408203,1.071894645690918,175.8528594970703,143.20233154296875,P12,2.0,,
0.00040061257102272726,,,,,49,1.7864868640899658,1.0099375247955322,170.98121643066406,143.5669403076172,P12,2.0416666666666665,,
0.0003022165009469697,,,,,50,1.6281027793884277,0.8920801281929016,110.57689666748047,143.6861114501953,P12,2.0833333333333335,,
0.00044056285511363634,,,,,51,1.6199851036071777,0.8841925859451294,113.82190704345703,143.37193298339844,P12,2.125,,
0.00036547111742424245,,,,,52,1.8302900791168213,0.8767334222793579,103.50069427490234,143.1905059814453,P12,2.1666666666666665,,
0.00036436138731060606,,,,,53,2.2299649715423584,0.978920578956604,150.38426208496094,143.64491271972656,P12,2.2083333333333335,,
0.0003902550899621212,,,,,54,1.7958751916885376,0.9205904603004456,121.14962768554688,143.4794464111328,P12,2.25,,
0.0005104758522727273,,,,,55,1.9430031776428223,0.9203481674194336,126.81883239746094,143.33152770996094,P12,2.2916666666666665,,
0.00039617365056818183,,,,,56,1.799437403678894,0.9219473600387573,118.8025894165039,143.1198272705078,P12,2.3333333333333335,,
0.0004168886126893939,,,,,57,2.126079797744751,1.0090831518173218,155.02418518066406,143.5338897705078,P12,2.375,,
0.00038618607954545454,,,,,58,2.0290493965148926,0.9452301263809204,133.77955627441406,143.30885314941406,P12,2.4166666666666665,,
0.0005086263020833334,,,,,59,1.942244052886963,0.9284408092498779,126.39327239990234,142.9917449951172,P12,2.4583333333333335,,
0.00040986032196969695,,,,,60,2.1675515174865723,0.9157235622406006,111.53089141845703,142.1947479248047,P12,2.5,,
0.0005138050426136364,,,,,61,2.548316478729248,1.0221136808395386,160.55242919921875,143.0614776611328,P12,2.5416666666666665,,
0.0003292199337121212,,,,,62,2.578901767730713,0.8183919787406921,82.82626342773438,143.3610076904297,P12,2.5833333333333335,,
0.000556344696969697,,,,,63,2.1646385192871094,0.8879470825195312,119.01246643066406,142.87457275390625,P12,2.625,,
0.00048051313920454547,,,,,64,2.390538454055786,0.9336815476417542,121.11882019042969,142.32290649414062,P12,2.6666666666666665,,
0.0006299567945075757,,,,,65,3.068039655685425,1.075455904006958,185.73387145996094,143.3048858642578,P12,2.7083333333333335,,
0.0004916104403409091,,,,,66,2.2452681064605713,0.9681234359741211,140.196533203125,143.15267944335938,P12,2.75,,
0.0006380948153409091,,,,,67,2.376664638519287,0.9510340094566345,141.3250732421875,143.1799774169922,P12,2.7916666666666665,,
0.000502337831439394,,,,,68,2.6884355545043945,0.966383695602417,126.28519439697266,142.854736328125,P12,2.8333333333333335,,
0.0006092418323863637,,,,,69,2.5072364807128906,1.1232738494873047,208.2422637939453,143.58567810058594,P12,2.875,,
0.00044019294507575756,,,,,70,2.4121816158294678,0.9770935773849487,130.3140411376953,143.6714324951172,P12,2.9166666666666665,,
0.0005759499289772727,,,,,71,2.4262218475341797,0.9385541081428528,122.69925689697266,143.44749450683594,P12,2.9583333333333335,,
0.0004731149384469697,,,,,72,2.386645555496216,0.9068361520767212,99.16581726074219,143.0009002685547,P12,3.0,,
0.0005345200047348485,,,,,73,2.403785228729248,1.0041097402572632,146.93199157714844,143.1354522705078,P12,3.0416666666666665,,
0.0004364938446969697,,,,,74,1.7724231481552124,0.8850213289260864,101.73490905761719,143.3015594482422,P12,3.0833333333333335,,
0.0005219430634469697,,,,,75,1.5375943183898926,0.8779017925262451,110.73956298828125,143.34938049316406,P12,3.125,,
0.00047163529829545456,,,,,76,2.3350675106048584,0.8896335363388062,102.50302124023438,142.4668426513672,P12,3.1666666666666665,,
0.0005027077414772727,,,,,77,2.298764944076538,1.0198816061019897,161.99253845214844,143.4037322998047,P12,3.2083333333333335,,
0.00043908321496212123,,,,,78,1.7883145809173584,0.9666171073913574,140.46051025390625,143.62075805664062,P12,3.25,,
0.00045018051609848486,,,,,79,1.9476406574249268,0.9160975813865662,130.05245971679688,143.1224365234375,P12,3.2916666666666665,,
0.0004579486268939394,,,,,80,2.5885519981384277,0.967130184173584,135.0932159423828,142.13792419433594,P12,3.3333333333333335,,
0.0005134351325757576,,,,,81,2.0447821617126465,1.0345778465270996,173.67617797851562,142.34286499023438,P12,3.375,,
0.0005363695549242424,,,,,82,1.6751974821090698,0.9676323533058167,145.99635314941406,142.37794494628906,P12,3.4166666666666665,,
0.0005711410984848485,,,,,83,1.754968285560608,0.9604580998420715,149.0507354736328,142.04037475585938,P12,3.4583333333333335,,
0.0005200935132575758,,,,,84,1.8069313764572144,0.954535722732544,141.01368713378906,141.64224243164062,P12,3.5,,
0.0005323005445075757,,,,,85,2.1793789863586426,1.028045415878296,183.23519897460938,142.3318328857422,P12,3.5416666666666665,,
0.0005282315340909091,,,,,86,1.6726484298706055,0.9782463312149048,158.49595642089844,142.08358764648438,P12,3.5833333333333335,,
0.0005452473958333333,,,,,87,1.4265358448028564,0.9604381322860718,159.5756072998047,142.04954528808594,P12,3.625,,
0.000535259824810606,,,,,88,1.545996069908142,0.9945300221443176,164.40472412109375,141.66542053222656,P12,3.6666666666666665,,
0.0005101059422348485,,,,,89,1.7611184120178223,0.9959027171134949,171.40664672851562,142.03297424316406,P12,3.7083333333333335,,
0.0005015980113636364,,,,,90,1.3009332418441772,0.9363054037094116,149.4714813232422,141.96446228027344,P12,3.75,,
0.000531930634469697,,,,,91,1.186219334602356,0.9031990766525269,142.3481903076172,141.91905212402344,P12,3.7916666666666665,,
0.0006199692234848485,,,,,92,1.7344049215316772,0.9624202251434326,162.62673950195312,141.15211486816406,P12,3.8333333333333335,,
0.0005189837831439394,,,,,93,1.5272327661514282,0.958304226398468,166.1450958251953,141.48683166503906,P12,3.875,,
0.0005245324337121212,,,,,94,1.005842685699463,0.9560714960098267,160.80581665039062,141.55894470214844,P12,3.9166666666666665,,
0.0005489464962121212,,,,,95,0.95782470703125,0.9266374707221985,155.4232940673828,141.59536743164062,P12,3.9583333333333335,,
0.0005293412642045454,,,,,96,1.2164394855499268,0.8773741126060486,125.42806243896484,141.07977294921875,P12,4.0,,
0.00013982599431818182,,,,,0,0.0,0.9371566772460938,88.72198486328125,197.82322692871094,P13,0.0,,
0.0001339074337121212,,,,,1,0.5551769137382507,0.9269099235534668,85.14787292480469,197.58106994628906,P13,0.041666666666666664,,
0.00015055338541666667,,,,,2,0.601104199886322,0.9204733371734619,85.9602279663086,197.28903198242188,P13,0.08333333333333333,,
0.0001738577178030303,,,,,3,0.8089233636856079,0.9609525799751282,85.64442443847656,196.68988037109375,P13,0.125,,
0.00020677971117424241,,,,,4,1.0106556415557861,0.991209089756012,94.47000122070312,196.0750732421875,P13,0.16666666666666666,,
0.00020345052083333334,,,,,5,1.4520608186721802,1.0402772426605225,108.44407653808594,196.06350708007812,P13,0.20833333333333334,,
0.0003876657196969697,,,,,6,1.1973565816879272,1.0755521059036255,125.80638885498047,195.9176788330078,P13,0.25,,
0.0002652254971590909,,,,,7,0.7549105286598206,1.0564898252487183,118.27993774414062,195.843017578125,P13,0.2916666666666667,,
0.00026041666666666666,,,,,8,0.814160168170929,1.094527006149292,127.93879699707031,195.59457397460938,P13,0.3333333333333333,,
0.0003602923768939394,,,,,9,1.1392000913619995,1.1189593076705933,141.34552001953125,195.56517028808594,P13,0.375,,
0.00037989760890151517,,,,,10,1.0124300718307495,1.1478520631790161,150.9779510498047,195.4609832763672,P13,0.4166666666666667,,
0.00044944069602272725,,,,,11,0.7489579916000366,1.1433314085006714,140.8617401123047,195.38336181640625,P13,0.4583333333333333,,
0.00045720880681818183,,,,,12,0.9414295554161072,1.1399322748184204,136.4540557861328,195.10501098632812,P13,0.5,,
0.0004668264678030303,,,,,13,1.4150679111480713,1.1627116203308105,145.1749267578125,195.2987518310547,P13,0.5416666666666666,,
0.000481252959280303,,,,,14,0.9330610632896423,1.164440631866455,147.6680145263672,195.2898406982422,P13,0.5833333333333334,,
0.00046275745738636365,,,,,15,0.5841519236564636,1.1765228509902954,149.9202117919922,195.2644500732422,P13,0.625,,
0.00046201763731060604,,,,,16,0.8152121901512146,1.2004401683807373,159.96807861328125,195.0657958984375,P13,0.6666666666666666,,
0.0005482066761363637,,,,,17,1.1288063526153564,1.205791711807251,162.13604736328125,195.04481506347656,P13,0.7083333333333334,,
0.000547466856060606,,,,,18,0.8279596567153931,1.2145168781280518,165.13084411621094,195.00186157226562,P13,0.75,,
0.0005300810842803031,,,,,19,0.6845458745956421,1.2095087766647339,158.97927856445312,194.9862823486328,P13,0.7916666666666666,,
0.0005692915482954546,,,,,20,0.8811900615692139,1.2875479459762573,185.0327606201172,194.5901336669922,P13,0.8333333333333334,,
0.0005659623579545455,,,,,21,1.0347766876220703,1.222772240638733,169.8518524169922,194.8541259765625,P13,0.875,,
0.0005822383996212121,,,,,22,0.8119550943374634,1.2105792760849,168.82965087890625,194.7829132080078,P13,0.9166666666666666,,
0.000563372987689394,,,,,23,0.7683571577072144,1.2189271450042725,161.68634033203125,194.7076416015625,P13,0.9583333333333334,,
0.0005530155066287879,,,,,24,0.617431640625,1.2602835893630981,173.6575469970703,194.58885192871094,P13,1.0,,
0.0005641128077651515,,,,,25,0.9910777807235718,1.257406234741211,183.21502685546875,194.7151641845703,P13,1.0416666666666667,,
0.0005826083096590909,,,,,26,0.7783880233764648,1.2568796873092651,185.7602996826172,194.65017700195312,P13,1.0833333333333333,,
0.0005611535274621212,,,,,27,0.7083873152732849,1.2509623765945435,170.96607971191406,194.60787963867188,P13,1.125,,
0.000580758759469697,,,,,28,0.7288929224014282,1.2760478258132935,185.19973754882812,194.48260498046875,P13,1.1666666666666667,,
0.0005670720880681818,,,,,29,0.8667680025100708,1.254037857055664,180.28160095214844,194.47308349609375,P13,1.2083333333333333,,
0.0005452473958333333,,,,,30,0.7292891144752502,1.2608301639556885,182.9141082763672,194.4346923828125,P13,1.25,,
0.0005163944128787879,,,,,31,0.7543113231658936,1.263511061668396,180.7860107421875,194.38404846191406,P13,1.2916666666666667,,
0.0005408084753787879,,,,,32,0.7590675950050354,1.2457424402236938,166.38128662109375,194.16297912597656,P13,1.3333333333333333,,
0.0005803888494318182,,,,,33,0.9044345021247864,1.2353729009628296,174.30856323242188,194.3592987060547,P13,1.375,,
0.0005796490293560606,,,,,34,0.7764615416526794,1.2567849159240723,186.04637145996094,194.2935028076172,P13,1.4166666666666667,,
0.0005274917140151515,,,,,35,0.661041796207428,1.2464369535446167,177.76223754882812,194.32162475585938,P13,1.4583333333333333,,
0.0005456173058712121,,,,,36,0.7740811705589294,1.2909560203552246,194.64234924316406,194.11441040039062,P13,1.5,,
0.0005818684895833333,,,,,37,0.9415061473846436,1.2529723644256592,191.82745361328125,194.2742919921875,P13,1.5416666666666667,,
0.0005940755208333333,,,,,38,0.7996804118156433,1.2691912651062012,194.4343719482422,194.2886505126953,P13,1.5833333333333333,,
0.0005456173058712121,,,,,39,0.7795476913452148,1.271050214767456,186.86302185058594,194.24005126953125,P13,1.625,,
0.0005411783854166667,,,,,40,0.7513527870178223,1.2615628242492676,177.74362182617188,194.0624237060547,P13,1.6666666666666667,,
0.0005404385653409091,,,,,41,0.9829345941543579,1.2325688600540161,180.44491577148438,194.2085418701172,P13,1.7083333333333333,,
0.0005781693892045455,,,,,42,0.8406605124473572,1.2662862539291382,198.84329223632812,194.23406982421875,P13,1.75,,
0.000566702178030303,,,,,43,0.7579756379127502,1.2820420265197754,202.54208374023438,194.27883911132812,P13,1.7916666666666667,,
0.0005770596590909091,,,,,44,0.7843683362007141,1.3046963214874268,201.27462768554688,194.07949829101562,P13,1.8333333333333333,,
0.0006066524621212121,,,,,45,0.9872946739196777,1.2586289644241333,196.18675231933594,194.28562927246094,P13,1.875,,
0.0005700313683712121,,,,,46,0.7638638615608215,1.2979270219802856,223.6717987060547,194.1748046875,P13,1.9166666666666667,,
0.0005341500946969697,,,,,47,0.80242919921875,1.2720712423324585,194.61135864257812,194.1867218017578,P13,1.9583333333333333,,
0.0005396987452651515,,,,,48,0.7974920272827148,1.289568305015564,199.41224670410156,193.9571075439453,P13,2.0,,
0.0005182439630681818,,,,,49,0.9264548420906067,1.2354413270950317,179.52975463867188,194.2305450439453,P13,2.0416666666666665,,
0.000542288115530303,,,,,50,0.8010475635528564,1.2623953819274902,189.8173065185547,194.21047973632812,P13,2.0833333333333335,,
0.0005208333333333333,,,,,51,0.7834894061088562,1.2702805995941162,193.2437744140625,194.21746826171875,P13,2.125,,
0.0004949396306818182,,,,,52,0.9059736728668213,1.2860376834869385,181.48672485351562,193.930419921875,P13,2.1666666666666665,,
0.0005396987452651515,,,,,53,0.9381680488586426,1.2665014266967773,189.84722900390625,194.02613830566406,P13,2.2083333333333335,,
0.0005112156723484848,,,,,54,0.8078868389129639,1.294094443321228,204.23574829101562,194.06007385253906,P13,2.25,,
0.0005075165719696969,,,,,55,0.7873402237892151,1.2739756107330322,185.7164306640625,194.0050811767578,P13,2.2916666666666665,,
0.0005208333333333333,,,,,56,0.7235739827156067,1.289948582649231,186.2190399169922,193.8518524169922,P13,2.3333333333333335,,
0.0005119554924242425,,,,,57,0.9609119892120361,1.308794617652893,213.7428436279297,194.02976989746094,P13,2.375,,
0.0005374792850378788,,,,,58,0.8785189390182495,1.2843172550201416,200.78562927246094,193.95030212402344,P13,2.4166666666666665,,
0.0005234227035984849,,,,,59,0.8471746444702148,1.2712314128875732,182.8122100830078,193.9302978515625,P13,2.4583333333333335,,
0.0005212032433712121,,,,,60,0.7847079038619995,1.2789169549942017,176.12001037597656,193.8111572265625,P13,2.5,,
0.0005163944128787879,,,,,61,0.993115246295929,1.260493278503418,187.625,193.8794403076172,P13,2.5416666666666665,,
0.0005541252367424242,,,,,62,0.8700772523880005,1.2626538276672363,184.58677673339844,193.8252716064453,P13,2.5833333333333335,,
0.0005282315340909091,,,,,63,0.7972467541694641,1.2554620504379272,180.98748779296875,193.92054748535156,P13,2.625,,
0.0005326704545454545,,,,,64,0.7453413605690002,1.282374382019043,175.77255249023438,193.79098510742188,P13,2.6666666666666665,,
0.0005456173058712121,,,,,65,0.9336569905281067,1.259527325630188,187.83938598632812,193.96075439453125,P13,2.7083333333333335,,
0.0006536310369318182,,,,,66,0.7802578806877136,1.2819067239761353,208.96604919433594,193.85089111328125,P13,2.75,,
0.0005467270359848485,,,,,67,0.8758556246757507,1.2823655605316162,186.86090087890625,193.8429718017578,P13,2.7916666666666665,,
0.0005123254024621212,,,,,68,0.7898404002189636,1.2973718643188477,185.907958984375,193.73667907714844,P13,2.8333333333333335,,
0.0004335345643939394,,,,,69,1.084044337272644,1.2682265043258667,189.68621826171875,194.0033416748047,P13,2.875,,
0.00048421223958333335,,,,,70,0.7444480061531067,1.2960236072540283,218.54652404785156,193.9514617919922,P13,2.9166666666666665,,
0.00045313979640151513,,,,,71,0.8167092204093933,1.2565408945083618,192.41868591308594,194.09310913085938,P13,2.9583333333333335,,
0.00046497691761363636,,,,,72,1.0055774450302124,1.2810382843017578,191.5545654296875,193.8714141845703,P13,3.0,,
0.0004383433948863636,,,,,73,1.2595525979995728,1.2743943929672241,202.40960693359375,194.01104736328125,P13,3.0416666666666665,,
0.00045276988636363635,,,,,74,1.046001672744751,1.2432541847229004,196.76724243164062,194.17848205566406,P13,3.0833333333333335,,
0.0003932143702651515,,,,,75,0.7025490403175354,1.1965523958206177,166.02781677246094,194.21018981933594,P13,3.125,,
0.0004024621212121212,,,,,76,0.7974309921264648,1.2109144926071167,151.7884521484375,194.0753173828125,P13,3.1666666666666665,,
0.00044722123579545454,,,,,77,1.027815341949463,1.211668848991394,177.1004638671875,194.18138122558594,P13,3.2083333333333335,,
0.0004261363636363636,,,,,78,0.9544788599014282,1.1783742904663086,165.9027557373047,194.30438232421875,P13,3.25,,
0.00037841796875,,,,,79,0.7272982597351074,1.1196142435073853,131.5425262451172,194.41717529296875,P13,3.2916666666666665,,
0.0003987630208333333,,,,,80,0.7615678310394287,1.136259913444519,130.86647033691406,194.27491760253906,P13,3.3333333333333335,,
0.00042909564393939394,,,,,81,1.0530195236206055,1.094975471496582,127.66938018798828,194.52249145507812,P13,3.375,,
0.000434274384469697,,,,,82,0.8564431071281433,1.0972477197647095,128.9794158935547,194.42221069335938,P13,3.4166666666666665,,
0.00042909564393939394,,,,,83,0.570935070514679,1.0861836671829224,124.32015991210938,194.4021453857422,P13,3.4583333333333335,,
0.00047422466856060605,,,,,84,1.2361072301864624,1.1238330602645874,130.615478515625,194.1778106689453,P13,3.5,,
0.0005696614583333334,,,,,85,1.1076394319534302,1.094777226448059,130.00607299804688,194.3057403564453,P13,3.5416666666666665,,
0.0006536310369318182,,,,,86,1.1159900426864624,1.1169326305389404,133.40968322753906,194.2415771484375,P13,3.5833333333333335,,
0.0006525213068181818,,,,,87,0.8057383894920349,1.100132703781128,126.37712860107422,194.30760192871094,P13,3.625,,
0.000592965790719697,,,,,88,2.1653099060058594,1.1523302793502808,132.758056640625,194.06349182128906,P13,3.6666666666666665,,
0.0005171342329545455,,,,,89,3.7146718502044678,1.1039440631866455,124.93917083740234,193.9831085205078,P13,3.7083333333333335,,
0.0009462298768939394,,,,,90,4.192966461181641,1.2788221836090088,195.26463317871094,193.70245361328125,P13,3.75,,
0.0006750858191287879,,,,,91,2.1120338439941406,1.2149149179458618,167.7559051513672,193.58334350585938,P13,3.7916666666666665,,
0.001218853574810606,,,,,92,7.304629802703857,1.31083083152771,182.0690460205078,191.9799346923828,P13,3.8333333333333335,,
0.0014049183238636364,,,,,93,7.117198467254639,1.3246804475784302,209.3356170654297,192.11509704589844,P13,3.875,,
0.002436227509469697,,,,,94,7.134843349456787,1.4727070331573486,282.8536376953125,191.466552734375,P13,3.9166666666666665,,
0.001771869081439394,,,,,95,5.834366321563721,1.302294135093689,189.8760986328125,191.362060546875,P13,3.9583333333333335,,
0.0010797674005681818,,,,,96,8.969593048095703,1.198722243309021,150.02024841308594,190.17759704589844,P13,4.0,,
0.025064364346590907,,,,,0,0.0,0.6178297400474548,66.14154052734375,218.6892547607422,P14,0.0,,
0.028822280421401517,,,,,1,1.381811499595642,0.6183972358703613,66.49864959716797,218.5408172607422,P14,0.041666666666666664,,
0.02940710819128788,,,,,2,1.768537998199463,0.6838377714157104,84.2835464477539,217.80763244628906,P14,0.08333333333333333,,
0.027968528053977273,,,,,3,2.352019786834717,0.6846456527709961,78.73748016357422,217.63462829589844,P14,0.125,,
0.02756384647253788,,,,,4,4.685502529144287,0.7621934413909912,104.1395263671875,215.61668395996094,P14,0.16666666666666666,,
0.025848943536931818,,,,,5,3.5625510215759277,0.7658111453056335,100.86642456054688,215.59768676757812,P14,0.20833333333333334,,
0.025764234138257576,,,,,6,2.9872891902923584,0.8033599853515625,115.30213928222656,215.17022705078125,P14,0.25,,
0.02561072147253788,,,,,7,2.2335548400878906,0.8096157312393188,120.49100494384766,214.85284423828125,P14,0.2916666666666667,,
0.026838452888257577,,,,,8,1.5155905485153198,0.8570442199707031,142.10142517089844,214.1971893310547,P14,0.3333333333333333,,
0.030593039772727273,,,,,9,2.7004926204681396,0.8732406497001648,144.96112060546875,213.86207580566406,P14,0.375,,
0.029649399266098483,,,,,10,3.817473888397217,0.9390720129013062,179.8668670654297,213.7078857421875,P14,0.4166666666666667,,
0.029494406960227273,,,,,11,2.528351306915283,0.8758822083473206,162.81837463378906,213.7278289794922,P14,0.4583333333333333,,
0.03262643525094697,,,,,12,2.791619300842285,0.9222174882888794,179.88641357421875,212.66427612304688,P14,0.5,,
0.036428000710227275,,,,,13,3.672820568084717,0.9267386794090271,184.63473510742188,212.96018981933594,P14,0.5416666666666666,,
0.034788929332386365,,,,,14,3.335556745529175,0.9589974284172058,211.14996337890625,213.0384521484375,P14,0.5833333333333334,,
0.032327917850378786,,,,,15,2.256556272506714,0.9627636075019836,217.57652282714844,212.9893798828125,P14,0.625,,
0.03394664417613636,,,,,16,3.169515609741211,0.9923388361930847,227.07421875,212.35777282714844,P14,0.6666666666666666,,
0.03538041548295454,,,,,17,3.119673252105713,0.9745283722877502,219.18075561523438,212.45420837402344,P14,0.7083333333333334,,
0.03719371448863636,,,,,18,2.4713690280914307,0.9949764013290405,239.8442840576172,212.26016235351562,P14,0.75,,
0.035972641453598485,,,,,19,1.6175426244735718,1.0001806020736694,241.4485321044922,212.32266235351562,P14,0.7916666666666666,,
0.03591900449810606,,,,,20,1.013098120689392,1.051194667816162,264.6833190917969,211.9674072265625,P14,0.8333333333333334,,
0.036406176017992425,,,,,21,1.5282448530197144,0.9698644280433655,225.89041137695312,211.89744567871094,P14,0.875,,
0.037289151278409094,,,,,22,1.5889403820037842,0.9688683152198792,215.16087341308594,211.7206268310547,P14,0.9166666666666666,,
0.036733176491477275,,,,,23,1.1504671573638916,0.9628764986991882,204.8272705078125,211.8479461669922,P14,0.9583333333333334,,
0.037546608664772725,,,,,24,0.7475963234901428,0.9687789082527161,207.7333526611328,211.64471435546875,P14,1.0,,
0.03655598958333333,,,,,25,1.9049960374832153,0.964431881904602,213.53610229492188,211.70748901367188,P14,1.0416666666666667,,
0.03727102568655303,,,,,26,1.5080466270446777,0.9758443832397461,225.10244750976562,211.69512939453125,P14,1.0833333333333333,,
0.03639914772727273,,,,,27,1.3789539337158203,0.9743982553482056,223.07603454589844,211.6529541015625,P14,1.125,,
0.03693588719223485,,,,,28,1.9494140148162842,1.0182569026947021,237.13543701171875,211.27198791503906,P14,1.1666666666666667,,
0.03612319483901515,,,,,29,2.013512134552002,0.9779943823814392,224.76942443847656,211.11721801757812,P14,1.2083333333333333,,
0.036724298650568185,,,,,30,2.085973024368286,1.0015488862991333,241.04534912109375,211.06854248046875,P14,1.25,,
0.03643761837121212,,,,,31,1.8533281087875366,0.9823766946792603,237.48793029785156,210.95712280273438,P14,1.2916666666666667,,
0.03753366181344697,,,,,32,2.061638832092285,0.9924851655960083,242.37335205078125,210.46987915039062,P14,1.3333333333333333,,
0.03763390743371212,,,,,33,1.5393210649490356,0.9850221872329712,249.34254455566406,210.46145629882812,P14,1.375,,
0.03797200520833333,,,,,34,2.041036605834961,0.9979164600372314,253.93479919433594,210.41371154785156,P14,1.4166666666666667,,
0.03751257694128788,,,,,35,1.2468960285186768,0.9952027797698975,249.327880859375,210.45445251464844,P14,1.4583333333333333,,
0.03791170987215909,,,,,36,1.2406150102615356,1.0283982753753662,261.3278503417969,210.24893188476562,P14,1.5,,
0.03748187440814394,,,,,37,1.42303466796875,1.006237268447876,255.23765563964844,210.32591247558594,P14,1.5416666666666667,,
0.03824943773674242,,,,,38,0.9106345176696777,1.0147151947021484,261.3205871582031,210.22569274902344,P14,1.5833333333333333,,
0.03762244022253788,,,,,39,1.0179853439331055,0.9933326244354248,250.8994598388672,210.22523498535156,P14,1.625,,
0.03824758818655303,,,,,40,0.9882535338401794,1.020188570022583,254.62677001953125,210.03341674804688,P14,1.6666666666666667,,
0.03832785866477273,,,,,41,1.704809546470642,0.9759190082550049,236.66029357910156,210.1193389892578,P14,1.7083333333333333,,
0.038935250946969695,,,,,42,1.2982110977172852,0.9749764204025269,241.45095825195312,210.09425354003906,P14,1.75,,
0.03835190281723485,,,,,43,1.1939142942428589,0.9723600745201111,240.3471221923828,210.20901489257812,P14,1.7916666666666667,,
0.03902254971590909,,,,,44,1.5762351751327515,0.9881507158279419,241.30133056640625,210.0133514404297,P14,1.8333333333333333,,
0.03745080196496212,,,,,45,1.6390880346298218,0.9662129282951355,241.56871032714844,210.1412353515625,P14,1.875,,
0.03789025508996212,,,,,46,1.4223055839538574,0.9837653636932373,247.77964782714844,210.06527709960938,P14,1.9166666666666667,,
0.0371530243844697,,,,,47,1.392681360244751,0.974836528301239,243.65830993652344,210.09117126464844,P14,1.9583333333333333,,
0.03792687618371212,,,,,48,1.9645651578903198,0.9955520629882812,247.0339813232422,209.80531311035156,P14,2.0,,
0.037805915601325756,,,,,49,2.4890503883361816,0.9608184099197388,229.79505920410156,209.83450317382812,P14,2.0416666666666665,,
0.039098381273674244,,,,,50,1.7816306352615356,0.9930521249771118,243.32998657226562,209.74737548828125,P14,2.0833333333333335,,
0.03843994140625,,,,,51,1.563170313835144,0.9912344217300415,245.86831665039062,209.83096313476562,P14,2.125,,
0.03955300071022727,,,,,52,1.8291692733764648,1.0232712030410767,254.39117431640625,209.60130310058594,P14,2.1666666666666665,,
0.03842736446496212,,,,,53,1.7793234586715698,0.9817414879798889,239.4879608154297,209.76268005371094,P14,2.2083333333333335,,
0.039573715672348485,,,,,54,1.6379083395004272,1.0116864442825317,247.89500427246094,209.6693878173828,P14,2.25,,
0.03883611505681818,,,,,55,1.366533875465393,0.9940113425254822,236.6916961669922,209.73687744140625,P14,2.2916666666666665,,
0.03948493726325757,,,,,56,1.4476795196533203,1.0084130764007568,240.121826171875,209.45550537109375,P14,2.3333333333333335,,
0.039139811197916666,,,,,57,1.437536597251892,1.0000132322311401,235.79165649414062,209.4496307373047,P14,2.375,,
0.03970096472537879,,,,,58,1.4706753492355347,1.0326205492019653,243.4938201904297,209.3643035888672,P14,2.4166666666666665,,
0.038896040482954544,,,,,59,0.7926746606826782,1.0186245441436768,233.39598083496094,209.43106079101562,P14,2.4583333333333335,,
0.039619214607007576,,,,,60,1.0768088102340698,1.0278698205947876,236.26573181152344,209.20973205566406,P14,2.5,,
0.03983487215909091,,,,,61,1.3282437324523926,0.9864615201950073,225.535400390625,209.30567932128906,P14,2.5416666666666665,,
0.040423768939393936,,,,,62,1.1369407176971436,0.9901576042175293,227.90138244628906,209.35025024414062,P14,2.5833333333333335,,
0.04049442175662879,,,,,63,1.1054764986038208,0.9725493788719177,221.73892211914062,209.3104248046875,P14,2.625,,
0.04127345229640152,,,,,64,1.0465110540390015,0.9917256236076355,226.5712890625,209.03231811523438,P14,2.6666666666666665,,
0.041535718513257575,,,,,65,0.957934558391571,0.9692081809043884,223.28176879882812,209.15646362304688,P14,2.7083333333333335,,
0.0419241240530303,,,,,66,0.7524080872535706,0.9739239811897278,222.59002685546875,209.07176208496094,P14,2.75,,
0.0414358428030303,,,,,67,0.5561001896858215,0.9683465957641602,217.5140380859375,209.08853149414062,P14,2.7916666666666665,,
0.04245568477746212,,,,,68,0.7874578237533569,1.0066628456115723,229.99530029296875,208.779541015625,P14,2.8333333333333335,,
0.04250673236268939,,,,,69,0.7282847762107849,0.994797945022583,231.58387756347656,208.95594787597656,P14,2.875,,
0.04306936553030303,,,,,70,0.3546175956726074,1.000514030456543,234.3369903564453,208.90902709960938,P14,2.9166666666666665,,
0.04291437322443182,,,,,71,0.3588833808898926,0.9892022013664246,226.647705078125,208.94825744628906,P14,2.9583333333333335,,
0.04320068359375,,,,,72,0.5549860000610352,1.0067791938781738,229.81271362304688,208.81051635742188,P14,3.0,,
0.04412545868844697,,,,,73,1.356001377105713,0.9557030200958252,213.74301147460938,208.95692443847656,P14,3.0416666666666665,,
0.04412656841856061,,,,,74,3.0251963138580322,0.9561729431152344,222.29722595214844,209.2042999267578,P14,3.0833333333333335,,
0.043895744554924246,,,,,75,1.7994107007980347,0.9482889175415039,221.79354858398438,209.2671356201172,P14,3.125,,
0.04477132161458333,,,,,76,1.9990090131759644,1.006174921989441,241.9076690673828,209.0034637451172,P14,3.1666666666666665,,
0.043794019294507575,,,,,77,2.2861340045928955,0.9375752806663513,220.04537963867188,209.48960876464844,P14,3.2083333333333335,,
0.04274865352746212,,,,,78,2.8096845149993896,0.9706000685691833,236.73846435546875,209.74508666992188,P14,3.25,,
0.04174841678503788,,,,,79,3.0881259441375732,0.969519853591919,243.67649841308594,209.8350830078125,P14,3.2916666666666665,,
0.04139552260890152,,,,,80,2.8623390197753906,1.0919626951217651,306.512939453125,209.642578125,P14,3.3333333333333335,,
0.04128602923768939,,,,,81,4.077996253967285,0.9394456148147583,230.07745361328125,210.01345825195312,P14,3.375,,
0.042298473011363635,,,,,82,4.006302356719971,0.9653370380401611,260.1701354980469,209.85092163085938,P14,3.4166666666666665,,
0.04176765210700758,,,,,83,3.353245973587036,0.9055212140083313,202.5518798828125,209.87847900390625,P14,3.4583333333333335,,
0.043072324810606064,,,,,84,4.652370452880859,0.983240008354187,230.2567596435547,209.7145233154297,P14,3.5,,
0.04266135475852273,,,,,85,4.995809555053711,0.9247974157333374,184.31802368164062,210.5403289794922,P14,3.5416666666666665,,
0.04308453184185606,,,,,86,4.902987480163574,0.9418972134590149,194.2764434814453,211.7063446044922,P14,3.5833333333333335,,
0.04151500355113636,,,,,87,3.6248345375061035,0.8986321091651917,163.35134887695312,212.16221618652344,P14,3.625,,
0.04357688210227273,,,,,88,4.050709247589111,0.9307987689971924,176.55859375,211.6029815673828,P14,3.6666666666666665,,
0.04019627426609849,,,,,89,4.543745517730713,0.8877161145210266,171.66128540039062,212.4118194580078,P14,3.7083333333333335,,
0.04172807173295454,,,,,90,3.200812339782715,0.9107851982116699,184.40667724609375,212.91159057617188,P14,3.75,,
0.0384695342092803,,,,,91,2.653559923171997,0.8549350500106812,155.4833984375,213.08433532714844,P14,3.7916666666666665,,
0.04090724135890152,,,,,92,5.213314533233643,0.773398220539093,134.79940795898438,211.8186492919922,P14,3.8333333333333335,,
0.03952303799715909,,,,,93,4.358453750610352,0.7745652198791504,135.08993530273438,212.09947204589844,P14,3.875,,
0.042524857954545456,,,,,94,4.480670928955078,0.7531777620315552,135.91868591308594,212.8779296875,P14,3.9166666666666665,,
0.03836373993844697,,,,,95,4.823252201080322,0.7361394762992859,120.69530487060547,212.7739715576172,P14,3.9583333333333335,,
0.044654799952651515,,,,,96,6.163366794586182,0.7220068573951721,122.17517852783203,211.18942260742188,P14,4.0,,
0.00023896188446969696,,,,,0,0.0,0.854120135307312,30.165002822875977,184.554931640625,P15,0.0,,
0.00033143939393939396,,,,,1,0.6026245355606079,0.8344915509223938,30.163436889648438,184.7196807861328,P15,0.041666666666666664,,
0.0005552349668560606,,,,,2,0.6744163036346436,0.8659314513206482,32.7486457824707,184.58123779296875,P15,0.08333333333333333,,
0.0006410540956439394,,,,,3,0.8185591101646423,0.8829543590545654,34.80402755737305,184.32418823242188,P15,0.125,,
0.0008067737926136364,,,,,4,0.9440951347351074,0.9180195331573486,40.7060546875,183.72396850585938,P15,0.16666666666666666,,
0.0007734818892045454,,,,,5,1.0343561172485352,0.9268065094947815,44.07559585571289,183.74435424804688,P15,0.20833333333333334,,
0.0007390802556818182,,,,,6,1.0016590356826782,0.9612558484077454,51.67632293701172,183.66555786132812,P15,0.25,,
0.0007479580965909091,,,,,7,0.5827792286872864,0.9714450240135193,53.561851501464844,183.41941833496094,P15,0.2916666666666667,,
0.000795306581439394,,,,,8,0.7131769061088562,0.9555084109306335,48.83259963989258,183.05776977539062,P15,0.3333333333333333,,
0.0007039388020833333,,,,,9,1.7874655723571777,0.9702854752540588,53.476497650146484,183.518798828125,P15,0.375,,
0.0007331616950757576,,,,,10,2.356348752975464,1.0765639543533325,72.90755462646484,183.0225830078125,P15,0.4166666666666667,,
0.0007105971827651515,,,,,11,0.8473522067070007,1.083451271057129,78.30369567871094,182.90298461914062,P15,0.4583333333333333,,
0.0008041844223484848,,,,,12,0.9127386212348938,1.1186394691467285,87.51837921142578,182.4031219482422,P15,0.5,,
0.0007605350378787879,,,,,13,1.2999334335327148,1.1720765829086304,106.80142211914062,182.85873413085938,P15,0.5416666666666666,,
0.000810842803030303,,,,,14,0.7620882987976074,1.2000548839569092,111.16812133789062,182.8125762939453,P15,0.5833333333333334,,
0.0007438890861742424,,,,,15,0.6269198060035706,1.2005901336669922,111.49938201904297,182.58352661132812,P15,0.625,,
0.0008885239109848484,,,,,16,0.8579967021942139,1.217726707458496,110.66252899169922,182.2267608642578,P15,0.6666666666666666,,
0.0007094874526515152,,,,,17,1.9997658729553223,1.1542339324951172,106.81292724609375,182.400390625,P15,0.7083333333333334,,
0.0010764382102272727,,,,,18,1.8814342021942139,1.1772116422653198,98.93804931640625,182.31991577148438,P15,0.75,,
0.0007938269412878788,,,,,19,1.5877951383590698,1.1987074613571167,97.50959014892578,182.29331970214844,P15,0.7916666666666666,,
0.0009059096827651515,,,,,20,1.849279761314392,1.3165587186813354,115.61973571777344,181.67135620117188,P15,0.8333333333333334,,
0.0006650982481060606,,,,,21,1.7469193935394287,1.2646750211715698,116.1709213256836,181.8362274169922,P15,0.875,,
0.0007494377367424243,,,,,22,1.5593372583389282,1.289698839187622,116.5230484008789,181.7707977294922,P15,0.9166666666666666,,
0.0007294625946969697,,,,,23,1.1396028995513916,1.2919565439224243,115.24344635009766,181.6826629638672,P15,0.9583333333333334,,
0.0009096087831439394,,,,,24,1.197308897972107,1.3153048753738403,114.15782928466797,181.3961639404297,P15,1.0,,
0.0008408055160984848,,,,,25,1.666180968284607,1.355711817741394,144.18746948242188,181.3739013671875,P15,1.0416666666666667,,
0.0009177468039772728,,,,,26,1.2756757736206055,1.3540723323822021,139.3925323486328,181.41537475585938,P15,1.0833333333333333,,
0.000932913115530303,,,,,27,1.0607067346572876,1.3892922401428223,148.7480010986328,181.4272003173828,P15,1.125,,
0.0010904947916666667,,,,,28,1.341594934463501,1.4185787439346313,146.4242401123047,180.91439819335938,P15,1.1666666666666667,,
0.0008711381392045455,,,,,29,1.5287375450134277,1.4441479444503784,176.28932189941406,181.15927124023438,P15,1.2083333333333333,,
0.0010109641335227272,,,,,30,1.2806596755981445,1.4615291357040405,170.92066955566406,181.08323669433594,P15,1.25,,
0.0009773023200757576,,,,,31,1.1275867223739624,1.4600712060928345,170.1688232421875,180.87728881835938,P15,1.2916666666666667,,
0.0012739701704545454,,,,,32,1.2083961963653564,1.4438138008117676,151.65028381347656,180.36314392089844,P15,1.3333333333333333,,
0.0010139234138257576,,,,,33,1.2273437976837158,1.4561901092529297,166.55809020996094,180.5609893798828,P15,1.375,,
0.0010346383759469698,,,,,34,0.8585404753684998,1.4502454996109009,158.029296875,180.5710906982422,P15,1.4166666666666667,,
0.0010261304450757576,,,,,35,0.6172596216201782,1.4367690086364746,151.1057586669922,180.5233612060547,P15,1.4583333333333333,,
0.001171875,,,,,36,0.6627396941184998,1.4260828495025635,144.26820373535156,180.2283172607422,P15,1.5,,
0.0009969075520833333,,,,,37,0.909289538860321,1.4678210020065308,159.21615600585938,180.34286499023438,P15,1.5416666666666667,,
0.0010150331439393939,,,,,38,0.40130171179771423,1.4631927013397217,155.40223693847656,180.40383911132812,P15,1.5833333333333333,,
0.0009828509706439393,,,,,39,0.37509986758232117,1.4490025043487549,148.13327026367188,180.3935089111328,P15,1.625,,
0.0010583126183712121,,,,,40,0.3426413834095001,1.4664613008499146,150.4668426513672,180.18064880371094,P15,1.6666666666666667,,
0.0008374763257575757,,,,,41,0.7055497765541077,1.4804739952087402,156.558837890625,180.294921875,P15,1.7083333333333333,,
0.0008600408380681819,,,,,42,0.39013671875,1.4922423362731934,161.29019165039062,180.31809997558594,P15,1.75,,
0.0008630001183712121,,,,,43,0.3785167336463928,1.490787148475647,159.41458129882812,180.28372192382812,P15,1.7916666666666667,,
0.0009961677320075757,,,,,44,0.41526544094085693,1.5164644718170166,167.72482299804688,180.01368713378906,P15,1.8333333333333333,,
0.0008030746922348485,,,,,45,0.7376797795295715,1.5002062320709229,166.41110229492188,180.23609924316406,P15,1.875,,
0.0008626302083333333,,,,,46,0.4259377121925354,1.528483271598816,176.9886016845703,180.14527893066406,P15,1.9166666666666667,,
0.0007919773910984849,,,,,47,0.48112237453460693,1.5251041650772095,174.65419006347656,180.205322265625,P15,1.9583333333333333,,
0.000884084990530303,,,,,48,0.4914794862270355,1.5418413877487183,179.1669464111328,180.04916381835938,P15,2.0,,
0.0008544921875,,,,,49,0.7592107653617859,1.5180010795593262,175.79727172851562,180.3160400390625,P15,2.0416666666666665,,
0.0009724934895833333,,,,,50,0.4728560149669647,1.5403300523757935,183.4703826904297,180.38571166992188,P15,2.0833333333333335,,
0.0009447502367424242,,,,,51,0.432754784822464,1.520051121711731,175.74624633789062,180.431396484375,P15,2.125,,
0.0010975230823863636,,,,,52,0.44730114936828613,1.5421751737594604,179.6471710205078,180.24761962890625,P15,2.1666666666666665,,
0.0009366122159090909,,,,,53,0.692138671875,1.5057061910629272,174.54266357421875,180.55355834960938,P15,2.2083333333333335,,
0.0010557232481060606,,,,,54,0.4351518154144287,1.5302295684814453,183.33981323242188,180.47288513183594,P15,2.25,,
0.001053503787878788,,,,,55,0.47495007514953613,1.5105311870574951,175.353515625,180.57537841796875,P15,2.2916666666666665,,
0.0011600378787878789,,,,,56,0.4422163665294647,1.5097366571426392,175.5789031982422,180.4385986328125,P15,2.3333333333333335,,
0.0011433919270833334,,,,,57,0.5931829214096069,1.5326634645462036,182.89663696289062,180.38023376464844,P15,2.375,,
0.0010960434422348485,,,,,58,0.5574784874916077,1.568432092666626,195.53887939453125,180.28684997558594,P15,2.4166666666666665,,
0.000978412050189394,,,,,59,0.46742498874664307,1.5390888452529907,184.8096160888672,180.3209991455078,P15,2.4583333333333335,,
0.0009761925899621212,,,,,60,0.4359363913536072,1.538934350013733,183.61349487304688,180.11026000976562,P15,2.5,,
0.0010368578361742424,,,,,61,0.7548617124557495,1.5162489414215088,184.5599365234375,180.15518188476562,P15,2.5416666666666665,,
0.0011848218513257577,,,,,62,0.7659124135971069,1.5319880247116089,194.80223083496094,180.21372985839844,P15,2.5833333333333335,,
0.001084576231060606,,,,,63,0.7497403025627136,1.5200450420379639,185.43075561523438,180.06100463867188,P15,2.625,,
0.001248446377840909,,,,,64,0.7700306177139282,1.5286669731140137,188.51943969726562,179.76467895507812,P15,2.6666666666666665,,
0.0009865500710227273,,,,,65,0.9436001777648926,1.5131665468215942,185.6178436279297,179.890380859375,P15,2.7083333333333335,,
0.0009480794270833333,,,,,66,0.5844094157218933,1.536211609840393,193.3083953857422,179.83592224121094,P15,2.75,,
0.0009447502367424242,,,,,67,0.632739245891571,1.5039137601852417,177.81094360351562,179.87908935546875,P15,2.7916666666666665,,
0.0010786576704545454,,,,,68,0.5956221222877502,1.5081530809402466,173.98143005371094,179.6443328857422,P15,2.8333333333333335,,
0.001041296756628788,,,,,69,0.747894823551178,1.5311312675476074,183.90371704101562,179.78782653808594,P15,2.875,,
0.0011219371448863637,,,,,70,0.4411587715148926,1.5597057342529297,195.308837890625,179.7532958984375,P15,2.9166666666666665,,
0.0010542436079545455,,,,,71,0.48509854078292847,1.528518795967102,184.9472198486328,179.84080505371094,P15,2.9583333333333335,,
0.001231060606060606,,,,,72,0.46087202429771423,1.5481828451156616,187.28990173339844,179.6588134765625,P15,3.0,,
0.0011763139204545455,,,,,73,0.6998679637908936,1.5647727251052856,195.69615173339844,179.8992919921875,P15,3.0416666666666665,,
0.0011811227509469697,,,,,74,0.5407525897026062,1.5774115324020386,204.38511657714844,180.0601043701172,P15,3.0833333333333335,,
0.0010313091856060607,,,,,75,0.5299815535545349,1.5548802614212036,196.12425231933594,180.0845947265625,P15,3.125,,
0.0011655865293560606,,,,,76,0.6272227764129639,1.5586217641830444,194.44065856933594,179.8939208984375,P15,3.1666666666666665,,
0.0011774236505681817,,,,,77,0.8314653038978577,1.558698058128357,196.47877502441406,179.9557342529297,P15,3.2083333333333335,,
0.0012510357481060606,,,,,78,0.5189408659934998,1.5777060985565186,203.03546142578125,179.83969116210938,P15,3.25,,
0.001108990293560606,,,,,79,0.6313265562057495,1.5360190868377686,187.28256225585938,179.80242919921875,P15,3.2916666666666665,,
0.0013401840672348485,,,,,80,0.7033824324607849,1.5368353128433228,179.6468963623047,179.4604034423828,P15,3.3333333333333335,,
0.0011822324810606061,,,,,81,0.795947253704071,1.5456478595733643,188.96971130371094,179.41796875,P15,3.375,,
0.0012724905303030303,,,,,82,0.6961669921875,1.5674854516983032,196.85147094726562,179.49481201171875,P15,3.4166666666666665,,
0.001238088896780303,,,,,83,0.5490689277648926,1.541308045387268,184.722900390625,179.51812744140625,P15,3.4583333333333335,,
0.0011504202178030303,,,,,84,0.6314653158187866,1.5270994901657104,179.7241973876953,179.40737915039062,P15,3.5,,
0.0010109641335227272,,,,,85,1.0214022397994995,1.5075478553771973,179.76792907714844,179.75155639648438,P15,3.5416666666666665,,
0.0010701497395833334,,,,,86,0.6906937956809998,1.5229398012161255,186.07386779785156,179.6904754638672,P15,3.5833333333333335,,
0.0010575727982954546,,,,,87,0.5881280899047852,1.499284267425537,174.6723175048828,179.6798095703125,P15,3.625,,
0.0011097301136363637,,,,,88,0.7125332951545715,1.5136131048202515,174.68153381347656,179.42666625976562,P15,3.6666666666666665,,
0.001083096590909091,,,,,89,1.0035632848739624,1.4684548377990723,169.70985412597656,179.670654296875,P15,3.7083333333333335,,
0.0010856859611742425,,,,,90,0.7421985864639282,1.4792938232421875,176.03262329101562,179.73777770996094,P15,3.75,,
0.0009998668323863637,,,,,91,0.7453346848487854,1.4667402505874634,171.37535095214844,179.6390838623047,P15,3.7916666666666665,,
0.0009584369081439394,,,,,92,0.8815740346908569,1.4808746576309204,172.71176147460938,179.3585968017578,P15,3.8333333333333335,,
0.0010187322443181818,,,,,93,1.0925393104553223,1.5042885541915894,181.95394897460938,179.20162963867188,P15,3.875,,
0.0010172526041666667,,,,,94,0.8167036771774292,1.4915915727615356,169.04710388183594,179.09634399414062,P15,3.9166666666666665,,
0.0008578213778409091,,,,,95,0.850817859172821,1.4564943313598633,160.21192932128906,179.14625549316406,P15,3.9583333333333335,,
0.0011097301136363637,,,,,96,0.9407858848571777,1.4726226329803467,159.1112060546875,178.75160217285156,P15,4.0,,
0.00013538707386363637,,,,,0,0.0,1.5237582921981812,193.58602905273438,184.39175415039062,P16,0.0,,
6.621389678030304e-05,,,,,1,1.6736105680465698,1.4885002374649048,200.39755249023438,185.254150390625,P16,0.041666666666666664,,
0.0013546105587121213,,,,,2,5.1958794593811035,1.797837734222412,307.2946472167969,182.59262084960938,P16,0.08333333333333333,,
0.0016738429214015152,,,,,3,4.59455680847168,1.8475961685180664,296.55560302734375,181.39065551757812,P16,0.125,,
0.0007890181107954546,,,,,4,4.374907970428467,1.9877969026565552,343.71173095703125,179.87901306152344,P16,0.16666666666666666,,
0.0004971590909090909,,,,,5,6.10594367980957,1.879345417022705,316.0898132324219,178.3906707763672,P16,0.20833333333333334,,
0.00024562026515151516,,,,,6,3.9374234676361084,1.845630407333374,303.6928405761719,178.111083984375,P16,0.25,,
0.0005241625236742424,,,,,7,3.357495069503784,1.8172481060028076,283.4657287597656,177.48814392089844,P16,0.2916666666666667,,
0.0006858132102272727,,,,,8,3.266763687133789,1.8820809125900269,313.01470947265625,176.1434783935547,P16,0.3333333333333333,,
0.00037397904829545453,,,,,9,3.429133653640747,1.9730199575424194,350.3265380859375,175.32887268066406,P16,0.375,,
0.0003377278645833333,,,,,10,3.9476850032806396,1.853285312652588,314.62200927734375,175.7260284423828,P16,0.4166666666666667,,
0.00017570726799242425,,,,,11,3.5052967071533203,1.858934998512268,304.512939453125,174.47677612304688,P16,0.4583333333333333,,
0.00026707504734848486,,,,,12,2.6220602989196777,1.9001432657241821,321.5774230957031,173.17869567871094,P16,0.5,,
0.000285940459280303,,,,,13,3.199904680252075,1.9954060316085815,356.7689208984375,173.90611267089844,P16,0.5416666666666666,,
0.0003872958096590909,,,,,14,2.749856948852539,2.096625566482544,371.74169921875,173.4290313720703,P16,0.5833333333333334,,
0.0002655954071969697,,,,,15,2.184452772140503,1.9509676694869995,314.1373291015625,173.6412353515625,P16,0.625,,
0.0003292199337121212,,,,,16,2.7462379932403564,2.027188777923584,341.1612243652344,172.43959045410156,P16,0.6666666666666666,,
0.00023304332386363637,,,,,17,3.181000232696533,1.9700828790664673,317.5549011230469,172.57583618164062,P16,0.7083333333333334,,
0.00031812263257575756,,,,,18,2.6640381813049316,2.0347814559936523,345.37725830078125,172.15362548828125,P16,0.75,,
0.0002803918087121212,,,,,19,2.331763744354248,1.995976448059082,321.1523132324219,172.04527282714844,P16,0.7916666666666666,,
0.000446481415719697,,,,,20,2.7934038639068604,2.112793207168579,362.9762878417969,170.50241088867188,P16,0.8333333333333334,,
0.0001253995028409091,,,,,21,3.0614380836486816,1.9943559169769287,325.3026428222656,171.540771484375,P16,0.875,,
0.00035807291666666664,,,,,22,3.3959217071533203,2.0993666648864746,356.04730224609375,170.4687042236328,P16,0.9166666666666666,,
0.00020862926136363635,,,,,23,2.4561235904693604,2.0487968921661377,319.54571533203125,169.78616333007812,P16,0.9583333333333334,,
0.00026744495738636364,,,,,24,3.0006136894226074,2.1583375930786133,340.28082275390625,168.33721923828125,P16,1.0,,
0.00015129320549242425,,,,,25,3.2722067832946777,2.1440072059631348,364.7289733886719,168.82302856445312,P16,1.0416666666666667,,
0.0003821170691287879,,,,,26,3.882960081100464,2.072394371032715,324.3309326171875,167.3101043701172,P16,1.0833333333333333,,
0.00037841796875,,,,,27,2.7676680088043213,2.1038434505462646,321.3151550292969,166.22994995117188,P16,1.125,,
0.0004734848484848485,,,,,28,2.411663293838501,2.237133264541626,360.9805603027344,164.8835906982422,P16,1.1666666666666667,,
0.00023082386363636363,,,,,29,2.4636752605438232,2.168951988220215,343.22271728515625,164.8080291748047,P16,1.2083333333333333,,
0.00031294389204545453,,,,,30,3.1129095554351807,2.2572290897369385,373.5268249511719,163.58917236328125,P16,1.25,,
0.0002959280303030303,,,,,31,2.1115400791168213,2.2058908939361572,351.01483154296875,162.90606689453125,P16,1.2916666666666667,,
0.00039210464015151513,,,,,32,2.3255093097686768,2.2780845165252686,359.47735595703125,161.755859375,P16,1.3333333333333333,,
0.00029333866003787877,,,,,33,2.465658187866211,2.303316831588745,374.87158203125,161.13638305664062,P16,1.375,,
0.00033957741477272726,,,,,34,2.632805824279785,2.322962760925293,387.4979553222656,160.4477996826172,P16,1.4166666666666667,,
0.00023637251420454545,,,,,35,1.214557409286499,2.2980539798736572,384.535400390625,160.13827514648438,P16,1.4583333333333333,,
0.0002544981060606061,,,,,36,1.2846801280975342,2.3297972679138184,386.931640625,159.5282745361328,P16,1.5,,
0.00023415305397727273,,,,,37,2.2404274940490723,2.266592502593994,380.950439453125,158.91981506347656,P16,1.5416666666666667,,
0.00018495501893939394,,,,,38,1.1487815380096436,2.238954544067383,361.09552001953125,158.90933227539062,P16,1.5833333333333333,,
0.00017274798768939393,,,,,39,1.2987438440322876,2.2211427688598633,356.8318786621094,158.62637329101562,P16,1.625,,
0.0002230557528409091,,,,,40,1.2188565731048584,2.2992594242095947,382.76409912109375,157.9141845703125,P16,1.6666666666666667,,
0.0002104788115530303,,,,,41,1.6441417932510376,2.260868787765503,382.70330810546875,157.81878662109375,P16,1.7083333333333333,,
0.00023341323390151515,,,,,42,0.9396085143089294,2.2777950763702393,402.4775695800781,157.52557373046875,P16,1.75,,
0.00021528764204545455,,,,,43,0.8564042448997498,2.269426107406616,396.52471923828125,157.23007202148438,P16,1.7916666666666667,,
0.0002800218986742424,,,,,44,1.168170690536499,2.319337844848633,409.9294128417969,156.5588836669922,P16,1.8333333333333333,,
0.0002041903409090909,,,,,45,1.8855068683624268,2.2524070739746094,388.7078857421875,157.2191619873047,P16,1.875,,
0.00026078657670454544,,,,,46,0.8713556528091431,2.269832134246826,394.2793273925781,157.0279541015625,P16,1.9166666666666667,,
0.00028520063920454546,,,,,47,0.8390946984291077,2.2614455223083496,386.8671875,156.85794067382812,P16,1.9583333333333333,,
0.0002985174005681818,,,,,48,1.3425959348678589,2.3027560710906982,389.5887756347656,156.132080078125,P16,2.0,,
0.00023119377367424244,,,,,49,1.3613680601119995,2.2151594161987305,371.7275085449219,156.4434356689453,P16,2.0416666666666665,,
0.00023415305397727273,,,,,50,0.8932561874389648,2.2220208644866943,373.81488037109375,156.2189483642578,P16,2.0833333333333335,,
0.00020973899147727274,,,,,51,0.8750088810920715,2.209693193435669,370.40057373046875,156.01284790039062,P16,2.125,,
0.00022971413352272727,,,,,52,1.2643210887908936,2.260878324508667,374.1703796386719,155.60523986816406,P16,2.1666666666666665,,
0.00020530007102272728,,,,,53,1.5841641426086426,2.214813232421875,377.2806396484375,155.736328125,P16,2.2083333333333335,,
0.00024340080492424242,,,,,54,0.8243052959442139,2.2337589263916016,388.10723876953125,155.4101104736328,P16,2.25,,
0.00023008404356060605,,,,,55,0.9250410795211792,2.2298073768615723,390.24261474609375,155.2831573486328,P16,2.2916666666666665,,
0.00023933179450757577,,,,,56,0.9727960824966431,2.2591280937194824,388.3919677734375,154.92141723632812,P16,2.3333333333333335,,
0.0001979018702651515,,,,,57,1.4650601148605347,2.169501304626465,363.0889892578125,154.9301300048828,P16,2.375,,
0.00022712476325757576,,,,,58,0.8758833408355713,2.1809184551239014,369.79681396484375,154.7815399169922,P16,2.4166666666666665,,
0.00023711233428030303,,,,,59,0.9079245924949646,2.1539478302001953,364.2562561035156,154.63668823242188,P16,2.4583333333333335,,
0.0002726236979166667,,,,,60,1.4644687175750732,2.190082311630249,372.01123046875,153.98831176757812,P16,2.5,,
0.00018125591856060606,,,,,61,1.4682673215866089,2.105175495147705,343.0224304199219,153.81216430664062,P16,2.5416666666666665,,
0.00015758167613636365,,,,,62,1.4524258375167847,2.1156063079833984,348.16424560546875,153.5748291015625,P16,2.5833333333333335,,
0.00013797644412878789,,,,,63,1.4546886682510376,2.1472604274749756,365.468017578125,153.17771911621094,P16,2.625,,
0.00022490530303030304,,,,,64,1.4048250913619995,2.26127290725708,386.2485046386719,152.11927795410156,P16,2.6666666666666665,,
0.00016424005681818182,,,,,65,1.0096535682678223,2.144425868988037,358.8666076660156,152.0220184326172,P16,2.7083333333333335,,
0.0001646099668560606,,,,,66,1.2302523851394653,2.080564260482788,336.1204528808594,151.77813720703125,P16,2.75,,
0.0001161517518939394,,,,,67,0.6996138095855713,1.9944851398468018,309.6925354003906,151.74790954589844,P16,2.7916666666666665,,
9.358723958333334e-05,,,,,68,0.8325849771499634,1.997368574142456,309.92535400390625,151.32810974121094,P16,2.8333333333333335,,
8.803858901515151e-05,,,,,69,1.2061911821365356,1.995225429534912,316.2001647949219,151.61666870117188,P16,2.875,,
9.728633996212122e-05,,,,,70,0.6628584265708923,2.030834197998047,330.5262756347656,151.42391967773438,P16,2.9166666666666665,,
0.00011393229166666667,,,,,71,0.7016990184783936,2.046283483505249,339.75994873046875,151.25123596191406,P16,2.9583333333333335,,
0.00014463482481060606,,,,,72,1.0350341796875,2.077366828918457,342.28466796875,150.54469299316406,P16,3.0,,
0.00010024562026515151,,,,,73,1.0821577310562134,2.0537431240081787,342.2905578613281,150.68507385253906,P16,3.0416666666666665,,
0.0001309481534090909,,,,,74,0.9808272123336792,2.0544707775115967,333.67901611328125,150.3870391845703,P16,3.0833333333333335,,
0.00010838364109848486,,,,,75,0.6881725192070007,2.06315541267395,336.2847900390625,150.37945556640625,P16,3.125,,
0.00016756924715909092,,,,,76,1.2374123334884644,2.1290693283081055,352.7142333984375,150.0821075439453,P16,3.1666666666666665,,
0.0001431551846590909,,,,,77,1.265379786491394,2.0464487075805664,324.596435546875,150.4954833984375,P16,3.2083333333333335,,
0.0010786576704545454,,,,,78,1.148455262184143,2.0507607460021973,324.236083984375,150.0614471435547,P16,3.25,,
0.0008200905539772727,,,,,79,1.712629795074463,2.0014851093292236,310.5481262207031,149.26089477539062,P16,3.2916666666666665,,
0.00011800130208333333,,,,,80,2.4376044273376465,2.072601795196533,334.7996826171875,147.90985107421875,P16,3.3333333333333335,,
0.00012354995265151516,,,,,81,1.9218827486038208,2.0288376808166504,335.3470764160156,148.7764129638672,P16,3.375,,
0.00014093572443181818,,,,,82,1.4481589794158936,2.0079123973846436,331.5483093261719,147.9949493408203,P16,3.4166666666666665,,
0.0001305782433712121,,,,,83,1.3235195875167847,1.9936000108718872,321.2122802734375,147.39727783203125,P16,3.4583333333333335,,
0.00013908617424242424,,,,,84,1.4978127479553223,1.9982901811599731,314.76776123046875,146.4542236328125,P16,3.5,,
0.00013797644412878789,,,,,85,1.7061101198196411,1.9685741662979126,310.5674743652344,147.12557983398438,P16,3.5416666666666665,,
0.0002130681818181818,,,,,86,1.0805253982543945,1.9920889139175415,317.0585021972656,147.04531860351562,P16,3.5833333333333335,,
0.0001919833096590909,,,,,87,1.4121792316436768,2.0267109870910645,325.8797302246094,146.29322814941406,P16,3.625,,
0.0001620205965909091,,,,,88,1.3589355945587158,2.0710368156433105,331.0348815917969,145.45993041992188,P16,3.6666666666666665,,
0.00014278527462121212,,,,,89,1.4458096027374268,1.9801098108291626,314.02081298828125,145.13021850585938,P16,3.7083333333333335,,
0.00015166311553030303,,,,,90,0.8470303416252136,1.9858075380325317,321.29559326171875,144.8043670654297,P16,3.75,,
0.0001006155303030303,,,,,91,1.1842085123062134,1.9799505472183228,322.76483154296875,144.32620239257812,P16,3.7916666666666665,,
0.00013908617424242424,,,,,92,1.8012285232543945,2.0737996101379395,348.6291809082031,143.14402770996094,P16,3.8333333333333335,,
0.00017533735795454545,,,,,93,1.3388205766677856,2.039888858795166,341.93145751953125,142.91453552246094,P16,3.875,,
0.0002078894412878788,,,,,94,1.044389247894287,2.0463201999664307,341.3392333984375,142.50494384765625,P16,3.9166666666666665,,
0.00024044152462121212,,,,,95,1.0749101638793945,2.0278797149658203,334.6859130859375,142.1901397705078,P16,3.9583333333333335,,
0.0001927231297348485,,,,,96,1.3150768280029297,2.0456132888793945,339.2614440917969,141.5587158203125,P16,4.0,,
8.285984848484849e-05,,,,,0,0.0,0.893683910369873,65.4521713256836,201.29766845703125,P17,0.0,,
8.433948863636364e-05,,,,,1,0.5520884990692139,0.9509002566337585,74.99002075195312,201.25209045410156,P17,0.041666666666666664,,
6.769353693181818e-05,,,,,2,1.3361594676971436,0.9858596324920654,78.9985122680664,200.48313903808594,P17,0.08333333333333333,,
9.395714962121212e-05,,,,,3,0.7373801469802856,1.036879539489746,86.19963073730469,200.16859436035156,P17,0.125,,
0.00010505445075757576,,,,,4,0.6211081743240356,1.0337966680526733,87.41342163085938,199.95127868652344,P17,0.16666666666666666,,
0.00018791429924242423,,,,,5,0.893096387386322,1.045413613319397,93.85901641845703,199.74769592285156,P17,0.20833333333333334,,
0.00016904888731060605,,,,,6,0.32793301343917847,1.0431175231933594,93.92400360107422,199.80540466308594,P17,0.25,,
0.00019864169034090908,,,,,7,0.6642777919769287,1.0541634559631348,96.54490661621094,199.69464111328125,P17,0.2916666666666667,,
0.00020566998106060606,,,,,8,0.3183560371398926,1.0496625900268555,95.79774475097656,199.60433959960938,P17,0.3333333333333333,,
0.00023822206439393938,,,,,9,0.7904019355773926,1.045351266860962,100.57466888427734,199.45431518554688,P17,0.375,,
0.00023082386363636363,,,,,10,0.8075295090675354,1.0447626113891602,102.1766128540039,199.2821044921875,P17,0.4166666666666667,,
0.0002626361268939394,,,,,11,0.9063576459884644,1.058690071105957,106.66439819335938,199.05667114257812,P17,0.4583333333333333,,
0.00029999704071969696,,,,,12,1.7008899450302124,1.0282869338989258,98.97348022460938,198.33987426757812,P17,0.5,,
0.00029148910984848483,,,,,13,2.086413621902466,1.052423119544983,103.35807800292969,198.7686767578125,P17,0.5416666666666666,,
0.0002567175662878788,,,,,14,1.5443059206008911,1.1082262992858887,114.2540054321289,198.7295379638672,P17,0.5833333333333334,,
0.0002626361268939394,,,,,15,0.6799982190132141,1.1080913543701172,115.2853775024414,198.765625,P17,0.625,,
0.00026707504734848486,,,,,16,0.3934304118156433,1.1211321353912354,118.33866882324219,198.70779418945312,P17,0.6666666666666666,,
0.00028187144886363636,,,,,17,1.3250943422317505,1.1225624084472656,122.20562744140625,198.698974609375,P17,0.7083333333333334,,
0.0002504290956439394,,,,,18,0.6456365585327148,1.1261050701141357,121.4934310913086,198.72860717773438,P17,0.75,,
0.0002567175662878788,,,,,19,0.21964111924171448,1.1370577812194824,124.00349426269531,198.70301818847656,P17,0.7916666666666666,,
0.000298147490530303,,,,,20,1.347125768661499,1.1720277070999146,130.0897979736328,198.39117431640625,P17,0.8333333333333334,,
0.0002903793797348485,,,,,21,0.7495450377464294,1.1020704507827759,115.08526611328125,198.6728515625,P17,0.875,,
0.0002600467566287879,,,,,22,0.6590098738670349,1.0712685585021973,106.20716094970703,198.81068420410156,P17,0.9166666666666666,,
0.0002681847774621212,,,,,23,0.6774625182151794,1.0818451642990112,105.61947631835938,198.69271850585938,P17,0.9583333333333334,,
0.00026707504734848486,,,,,24,0.8244451284408569,1.0976473093032837,108.46935272216797,198.4615020751953,P17,1.0,,
0.00029999704071969696,,,,,25,0.5776200890541077,1.093963861465454,110.4917221069336,198.4906768798828,P17,1.0416666666666667,,
0.0002744732481060606,,,,,26,0.5922430157661438,1.1063505411148071,111.07965087890625,198.55337524414062,P17,1.0833333333333333,,
0.0002907492897727273,,,,,27,0.6201449036598206,1.1134127378463745,112.01848602294922,198.38758850097656,P17,1.125,,
0.0002907492897727273,,,,,28,0.5771073698997498,1.1491827964782715,119.7362060546875,198.10968017578125,P17,1.1666666666666667,,
0.00035548354640151515,,,,,29,0.40234819054603577,1.190629243850708,132.3284912109375,197.8947296142578,P17,1.2083333333333333,,
0.00032737038352272725,,,,,30,1.3145807981491089,1.2068289518356323,134.49928283691406,197.65664672851562,P17,1.25,,
0.000336618134469697,,,,,31,0.2063942700624466,1.2028944492340088,132.4705810546875,197.63343811035156,P17,1.2916666666666667,,
0.000385446259469697,,,,,32,0.24826548993587494,1.2038602828979492,130.1019744873047,197.54527282714844,P17,1.3333333333333333,,
0.00039802320075757577,,,,,33,0.33409202098846436,1.2332535982131958,143.10098266601562,197.38717651367188,P17,1.375,,
0.0003602923768939394,,,,,34,2.6566529273986816,1.180107831954956,125.18492889404297,197.3041534423828,P17,1.4166666666666667,,
0.0004216974431818182,,,,,35,0.20888783037662506,1.1778292655944824,125.20404815673828,197.36720275878906,P17,1.4583333333333333,,
0.0003843365293560606,,,,,36,0.2531105875968933,1.1795740127563477,124.65404510498047,197.37704467773438,P17,1.5,,
0.0004046815814393939,,,,,37,0.39928755164146423,1.1986126899719238,134.6057891845703,197.3866424560547,P17,1.5416666666666667,,
0.00037138967803030304,,,,,38,0.29636120796203613,1.1886463165283203,132.94802856445312,197.4228057861328,P17,1.5833333333333333,,
0.0004035718513257576,,,,,39,0.1565873622894287,1.197609782218933,136.5740966796875,197.405029296875,P17,1.625,,
0.0003806374289772727,,,,,40,0.22343972325325012,1.211670994758606,139.23043823242188,197.33895874023438,P17,1.6666666666666667,,
0.00041762843276515153,,,,,41,0.3127041757106781,1.2286587953567505,147.2075958251953,197.32293701171875,P17,1.7083333333333333,,
0.0003691702178030303,,,,,42,0.37242209911346436,1.2130743265151978,141.59552001953125,197.42050170898438,P17,1.75,,
0.0003865559895833333,,,,,43,0.15644420683383942,1.2206929922103882,143.6790313720703,197.44320678710938,P17,1.7916666666666667,,
0.0003876657196969697,,,,,44,0.26109397411346436,1.2283124923706055,142.88609313964844,197.42620849609375,P17,1.8333333333333333,,
0.0004205877130681818,,,,,45,0.3953036367893219,1.2735810279846191,158.5384063720703,197.343505859375,P17,1.875,,
0.00036806048768939394,,,,,46,0.2790360748767853,1.258201241493225,152.0297393798828,197.4124298095703,P17,1.9166666666666667,,
0.0003847064393939394,,,,,47,0.2819802165031433,1.271716594696045,155.74969482421875,197.43145751953125,P17,1.9583333333333333,,
0.0003946940104166667,,,,,48,0.3230380117893219,1.2691278457641602,150.0415802001953,197.34396362304688,P17,2.0,,
0.00043464429450757575,,,,,49,0.3269786536693573,1.2865136861801147,159.19541931152344,197.30633544921875,P17,2.0416666666666665,,
0.0003721294981060606,,,,,50,0.4039573073387146,1.2453843355178833,145.72666931152344,197.4146728515625,P17,2.0833333333333335,,
0.00039506392045454545,,,,,51,0.24974365532398224,1.251733660697937,147.86956787109375,197.43800354003906,P17,2.125,,
0.0003998727509469697,,,,,52,0.3110085129737854,1.2473376989364624,143.6558837890625,197.42764282226562,P17,2.1666666666666665,,
0.000456838896780303,,,,,53,0.34330499172210693,1.2700015306472778,153.76976013183594,197.369140625,P17,2.2083333333333335,,
0.00039728338068181817,,,,,54,0.3145674169063568,1.265899419784546,151.85731506347656,197.42588806152344,P17,2.25,,
0.0004120797821969697,,,,,55,0.37606534361839294,1.2944285869598389,159.37107849121094,197.38645935058594,P17,2.2916666666666665,,
0.0004205877130681818,,,,,56,0.25825971364974976,1.3022540807724,160.49151611328125,197.3314208984375,P17,2.3333333333333335,,
0.0004664565577651515,,,,,57,0.34289994835853577,1.2957490682601929,161.25155639648438,197.37232971191406,P17,2.375,,
0.0003991329308712121,,,,,58,1.9767322540283203,1.1541439294815063,127.2916488647461,197.5201873779297,P17,2.4166666666666665,,
0.0004069010416666667,,,,,59,1.133459448814392,1.1784143447875977,130.70018005371094,197.51907348632812,P17,2.4583333333333335,,
0.00042872573390151516,,,,,60,0.7139126658439636,1.1828843355178833,129.37954711914062,197.3499298095703,P17,2.5,,
0.00044463186553030305,,,,,61,1.880232334136963,1.0721330642700195,113.09994506835938,197.56658935546875,P17,2.5416666666666665,,
0.0004024621212121212,,,,,62,0.965319812297821,1.0858772993087769,113.72907257080078,197.56988525390625,P17,2.5833333333333335,,
0.0004383433948863636,,,,,63,0.8360440135002136,1.1431479454040527,121.8419189453125,197.39608764648438,P17,2.625,,
0.0004161487926136364,,,,,64,1.0775068998336792,1.1551313400268555,125.2303466796875,197.2047882080078,P17,2.6666666666666665,,
0.0004520300662878788,,,,,65,1.4818215370178223,1.1707863807678223,135.6045379638672,197.03045654296875,P17,2.7083333333333335,,
0.0004102302320075758,,,,,66,0.8159312605857849,1.1709010601043701,134.5854949951172,197.05845642089844,P17,2.75,,
0.00043686375473484847,,,,,67,0.611236035823822,1.173736572265625,135.4944305419922,197.07640075683594,P17,2.7916666666666665,,
0.00045166015625,,,,,68,0.2917691171169281,1.177746057510376,136.14332580566406,197.07408142089844,P17,2.8333333333333335,,
0.0005019679214015152,,,,,69,1.932921290397644,1.2627151012420654,178.45742797851562,197.17294311523438,P17,2.875,,
0.0004657167376893939,,,,,70,0.9227628111839294,1.279552936553955,186.68984985351562,197.32081604003906,P17,2.9166666666666665,,
0.0004823626893939394,,,,,71,1.5120316743850708,1.2554680109024048,178.06948852539062,197.48526000976562,P17,2.9583333333333335,,
0.0004982688210227273,,,,,72,3.049484968185425,1.0352060794830322,127.50402069091797,196.74557495117188,P17,3.0,,
0.0006699070785984849,,,,,73,2.9760210514068604,1.173719048500061,171.91192626953125,197.236328125,P17,3.0416666666666665,,
0.0005985144412878788,,,,,74,3.4505770206451416,1.1548562049865723,168.0702362060547,197.6342315673828,P17,3.0833333333333335,,
0.0005163944128787879,,,,,75,2.682522773742676,1.0493903160095215,128.17481994628906,197.92794799804688,P17,3.125,,
0.0006780450994318182,,,,,76,5.131154537200928,1.110498309135437,150.78318786621094,197.1819610595703,P17,3.1666666666666665,,
0.0007216944839015152,,,,,77,4.713084697723389,1.011568546295166,126.04129791259766,197.59878540039062,P17,3.2083333333333335,,
0.0005282315340909091,,,,,78,4.279657363891602,0.9543288946151733,108.78508758544922,198.35214233398438,P17,3.25,,
0.0008038145123106061,,,,,79,5.153757572174072,0.8712989687919617,90.87425231933594,198.23419189453125,P17,3.2916666666666665,,
0.001339074337121212,,,,,80,5.093875408172607,0.8966215252876282,99.85812377929688,198.95286560058594,P17,3.3333333333333335,,
0.0028068773674242422,,,,,81,3.60015869140625,0.8292455673217773,89.95344543457031,198.74026489257812,P17,3.375,,
0.002134750828598485,,,,,82,3.5755016803741455,0.756589412689209,70.93223571777344,200.46356201171875,P17,3.4166666666666665,,
0.0014278527462121212,,,,,83,1.0040771961212158,0.7395057082176208,67.6673583984375,201.03855895996094,P17,3.4583333333333335,,
0.0004327947443181818,,,,,84,1.0311379432678223,0.7262548208236694,63.65055847167969,201.5531005859375,P17,3.5,,
0.00047755385890151515,,,,,85,0.5444669127464294,0.7253049612045288,66.50155639648438,201.39581298828125,P17,3.5416666666666665,,
0.0004331646543560606,,,,,86,0.4976617991924286,0.7241250872612,64.11072540283203,201.16409301757812,P17,3.5833333333333335,,
0.00046756628787878785,,,,,87,0.19849853217601776,0.7253711819648743,63.638999938964844,201.1356201171875,P17,3.625,,
0.00048680160984848484,,,,,88,0.5857200026512146,0.7401885390281677,65.29336547851562,200.6812744140625,P17,3.6666666666666665,,
0.0005234227035984849,,,,,89,0.9126142859458923,0.7304482460021973,68.6861343383789,201.2967987060547,P17,3.7083333333333335,,
0.000490130800189394,,,,,90,0.21053466200828552,0.7334245443344116,68.11332702636719,201.3791046142578,P17,3.75,,
0.0005189837831439394,,,,,91,0.1819113940000534,0.7365946173667908,69.1088638305664,201.3724822998047,P17,3.7916666666666665,,
0.0005337801846590909,,,,,92,1.4928843975067139,0.7713488340377808,72.03077697753906,199.9740753173828,P17,3.8333333333333335,,
0.0005933357007575757,,,,,93,0.4477439224720001,0.7649974226951599,76.0692367553711,199.95269775390625,P17,3.875,,
0.0005885268702651515,,,,,94,0.2613447606563568,0.7579642534255981,73.43160247802734,199.839599609375,P17,3.9166666666666665,,
0.0005496863162878788,,,,,95,0.17923694849014282,0.7566866874694824,72.66888427734375,199.8726348876953,P17,3.9583333333333335,,
0.0005777994791666667,,,,,96,0.35329923033714294,0.7557986378669739,73.09199523925781,199.62547302246094,P17,4.0,,
3.699100378787879e-07,,,,,0,0.0,0.39376020431518555,13.85257339477539,178.55581665039062,P18,0.0,,
7.398200757575758e-07,,,,,1,1.0956032276153564,0.37334418296813965,15.166123390197754,179.50698852539062,P18,0.041666666666666664,,
0.0003114642518939394,,,,,2,0.8483819961547852,0.3864269554615021,16.302579879760742,179.93873596191406,P18,0.08333333333333333,,
0.0003144235321969697,,,,,3,0.52545166015625,0.371600478887558,15.079950332641602,180.059326171875,P18,0.125,,
0.0003073952414772727,,,,,4,0.8214155435562134,0.3432846665382385,15.222029685974121,179.46385192871094,P18,0.16666666666666666,,
0.00017274798768939393,,,,,5,1.3460649251937866,0.3818873465061188,16.37316131591797,178.67311096191406,P18,0.20833333333333334,,
0.00015018347537878787,,,,,6,0.8388516306877136,0.367917537689209,15.370065689086914,178.19528198242188,P18,0.25,,
8.544921875e-05,,,,,7,1.1573818922042847,0.3688644468784332,14.809856414794922,177.42404174804688,P18,0.2916666666666667,,
0.0001283587831439394,,,,,8,1.4252030849456787,0.3643025755882263,18.0304012298584,176.15151977539062,P18,0.3333333333333333,,
8.433948863636364e-05,,,,,9,1.2995250225067139,0.3779776096343994,18.176700592041016,176.10621643066406,P18,0.375,,
0.00031035452178030304,,,,,10,0.8640691637992859,0.3825025260448456,19.814306259155273,175.8375244140625,P18,0.4166666666666667,,
0.0005119554924242425,,,,,11,0.9650801420211792,0.37843507528305054,17.661569595336914,175.59335327148438,P18,0.4583333333333333,,
0.0007113370028409091,,,,,12,0.8530905842781067,0.3794209957122803,21.319820404052734,175.0231475830078,P18,0.5,,
0.0004331646543560606,,,,,13,1.5236172676086426,0.3975972533226013,19.485532760620117,175.8509063720703,P18,0.5416666666666666,,
0.0003636215672348485,,,,,14,0.9395651817321777,0.4079326391220093,21.797466278076172,175.76132202148438,P18,0.5833333333333334,,
0.00040135239109848487,,,,,15,0.8762917518615723,0.3997136056423187,19.587642669677734,175.8275146484375,P18,0.625,,
0.0005522756865530303,,,,,16,1.2744717597961426,0.4005897641181946,18.756982803344727,175.29220581054688,P18,0.6666666666666666,,
0.00037952769886363634,,,,,17,1.600525975227356,0.4094833731651306,18.614255905151367,175.44158935546875,P18,0.7083333333333334,,
0.0003380977746212121,,,,,18,1.057417392730713,0.4082375466823578,18.205121994018555,175.4436798095703,P18,0.75,,
0.0004150390625,,,,,19,1.0216097831726074,0.4155830442905426,20.043842315673828,175.3949432373047,P18,0.7916666666666666,,
0.0010572028882575757,,,,,20,0.7836580872535706,0.4337518513202667,23.530441284179688,175.06692504882812,P18,0.8333333333333334,,
0.00037952769886363634,,,,,21,1.6843572854995728,0.41349348425865173,17.45356559753418,175.60113525390625,P18,0.875,,
0.00025264855587121214,,,,,22,1.1672741174697876,0.42499035596847534,18.071313858032227,175.4595489501953,P18,0.9166666666666666,,
0.0002533883759469697,,,,,23,1.1478726863861084,0.4309788644313812,19.509424209594727,175.42654418945312,P18,0.9583333333333334,,
0.00014389500473484848,,,,,24,0.8815851211547852,0.4720420837402344,20.198760986328125,175.3365936279297,P18,1.0,,
0.00033624822443181817,,,,,25,1.7100175619125366,0.4124540090560913,16.80605697631836,175.3501434326172,P18,1.0416666666666667,,
0.0003107244318181818,,,,,26,1.3731156587600708,0.40892136096954346,15.642049789428711,175.46286010742188,P18,1.0833333333333333,,
0.00023082386363636363,,,,,27,1.156938076019287,0.41657236218452454,15.696901321411133,175.46669006347656,P18,1.125,,
0.00038581616950757576,,,,,28,0.685759961605072,0.43483778834342957,21.364913940429688,175.3702392578125,P18,1.1666666666666667,,
0.0005367394649621212,,,,,29,1.2638317346572876,0.42636677622795105,18.14742088317871,175.8596649169922,P18,1.2083333333333333,,
0.0006325461647727273,,,,,30,1.136577844619751,0.42201656103134155,17.876178741455078,175.93814086914062,P18,1.25,,
0.0007816199100378788,,,,,31,0.8878562450408936,0.4280579388141632,19.454936981201172,175.65415954589844,P18,1.2916666666666667,,
0.00054931640625,,,,,32,1.0493663549423218,0.44219160079956055,24.456462860107422,175.17623901367188,P18,1.3333333333333333,,
0.0001956824100378788,,,,,33,1.035180687904358,0.39802470803260803,16.707778930664062,175.34616088867188,P18,1.375,,
0.00019901160037878789,,,,,34,0.5243940949440002,0.40280213952064514,15.629861831665039,175.38412475585938,P18,1.4166666666666667,,
0.00029999704071969696,,,,,35,0.5488303303718567,0.4281322956085205,20.446149826049805,175.13368225097656,P18,1.4583333333333333,,
0.00032848011363636364,,,,,36,0.3153320252895355,0.4204552471637726,20.307714462280273,174.95816040039062,P18,1.5,,
0.0001316879734848485,,,,,37,1.2796286344528198,0.41405507922172546,18.71799087524414,175.1842498779297,P18,1.5416666666666667,,
7.842092803030303e-05,,,,,38,0.4946100413799286,0.4140331745147705,20.523855209350586,175.38259887695312,P18,1.5833333333333333,,
8.138020833333333e-06,,,,,39,0.38397327065467834,0.41051462292671204,17.980342864990234,175.3791961669922,P18,1.625,,
1.3686671401515152e-05,,,,,40,0.5038818120956421,0.40696609020233154,18.837127685546875,175.3067169189453,P18,1.6666666666666667,,
4.8828125e-05,,,,,41,0.6439653038978577,0.4054478704929352,17.815982818603516,175.1481475830078,P18,1.7083333333333333,,
4.1060014204545455e-05,,,,,42,0.5177523493766785,0.4055417478084564,18.34303855895996,175.23265075683594,P18,1.75,,
0.000334768584280303,,,,,43,0.43676093220710754,0.41322922706604004,19.642948150634766,175.03045654296875,P18,1.7916666666666667,,
0.0003665808475378788,,,,,44,0.4733087718486786,0.40897735953330994,18.722244262695312,174.7751007080078,P18,1.8333333333333333,,
0.00020086115056818182,,,,,45,0.9615589380264282,0.4013136029243469,17.637855529785156,175.3707733154297,P18,1.875,,
0.00020677971117424241,,,,,46,0.45366543531417847,0.40910783410072327,17.426971435546875,175.4010009765625,P18,1.9166666666666667,,
0.0001128225615530303,,,,,47,0.40152809023857117,0.4188190698623657,17.16765785217285,175.2494354248047,P18,1.9583333333333333,,
0.0005881569602272727,,,,,48,0.8834728002548218,0.4439389407634735,20.145681381225586,174.93374633789062,P18,2.0,,
0.0006388346354166667,,,,,49,0.868847668170929,0.4206281006336212,20.35906410217285,175.1331024169922,P18,2.0416666666666665,,
0.0004250266335227273,,,,,50,0.6703735589981079,0.4264669716358185,20.074941635131836,175.3196258544922,P18,2.0833333333333335,,
0.0004856918797348485,,,,,51,0.9099465012550354,0.431887686252594,19.513473510742188,175.1854705810547,P18,2.125,,
0.0005578243371212121,,,,,52,0.5205311179161072,0.4404790997505188,19.41840362548828,174.84642028808594,P18,2.1666666666666665,,
0.0004335345643939394,,,,,53,1.652876377105713,0.4121493995189667,19.079660415649414,175.7666473388672,P18,2.2083333333333335,,
0.0005659623579545455,,,,,54,0.8022794127464294,0.4249988794326782,21.776182174682617,175.70913696289062,P18,2.25,,
0.00046830610795454546,,,,,55,0.9302279353141785,0.4233570992946625,18.73459243774414,175.58372497558594,P18,2.2916666666666665,,
0.0007068980823863636,,,,,56,1.1777321100234985,0.4300505816936493,21.68653678894043,175.27224731445312,P18,2.3333333333333335,,
0.0005777994791666667,,,,,57,1.1911110877990723,0.4119133949279785,18.841522216796875,175.37232971191406,P18,2.375,,
0.0008078835227272727,,,,,58,0.6489512920379639,0.42640960216522217,21.841272354125977,175.3975830078125,P18,2.4166666666666665,,
0.0005304509943181818,,,,,59,0.8423384428024292,0.41717153787612915,17.46551513671875,175.2249298095703,P18,2.4583333333333335,,
0.0009706439393939394,,,,,60,1.461042881011963,0.40875348448753357,18.59998321533203,174.4806671142578,P18,2.5,,
0.0004157788825757576,,,,,61,1.6573985815048218,0.41922488808631897,17.741586685180664,175.08181762695312,P18,2.5416666666666665,,
0.0002881599195075758,,,,,62,0.7799527049064636,0.4206539988517761,18.319717407226562,175.32012939453125,P18,2.5833333333333335,,
0.00016128077651515152,,,,,63,0.9123191237449646,0.42647674679756165,17.708290100097656,175.3415985107422,P18,2.625,,
0.0006824840198863636,,,,,64,1.0034856796264648,0.46565908193588257,22.077350616455078,175.15042114257812,P18,2.6666666666666665,,
0.00031812263257575756,,,,,65,1.76080322265625,0.40978074073791504,18.27688217163086,175.49134826660156,P18,2.7083333333333335,,
0.0006976503314393939,,,,,66,1.0486217737197876,0.4173535406589508,20.19284439086914,175.65536499023438,P18,2.75,,
0.0004376035748106061,,,,,67,1.1304699182510376,0.4257810711860657,19.158931732177734,175.81488037109375,P18,2.7916666666666665,,
0.0009721235795454546,,,,,68,1.607379674911499,0.4230242073535919,18.736282348632812,175.23202514648438,P18,2.8333333333333335,,
0.000612201112689394,,,,,69,2.144965171813965,0.4149188697338104,18.689533233642578,175.7811737060547,P18,2.875,,
0.0004002426609848485,,,,,70,1.0091220140457153,0.4222732484340668,20.744176864624023,175.83995056152344,P18,2.9166666666666665,,
0.000395803740530303,,,,,71,1.2839499711990356,0.42202675342559814,19.718935012817383,175.872802734375,P18,2.9583333333333335,,
0.0017256303267045455,,,,,72,2.352263927459717,0.448559045791626,21.801349639892578,175.40777587890625,P18,3.0,,
0.00020603989109848486,,,,,73,1.9023892879486084,0.4249916076660156,19.14512825012207,175.64797973632812,P18,3.0416666666666665,,
9.062795928030303e-05,,,,,74,2.3480236530303955,0.4011453688144684,15.705301284790039,177.40460205078125,P18,3.0833333333333335,,
5.881569602272727e-05,,,,,75,0.3041492700576782,0.4017234742641449,15.273993492126465,177.3868408203125,P18,3.125,,
9.210759943181818e-05,,,,,76,1.3844759464263916,0.4006251394748688,15.858810424804688,176.34605407714844,P18,3.1666666666666665,,
0.00010357481060606061,,,,,77,1.046142578125,0.38398027420043945,14.843178749084473,177.1217803955078,P18,3.2083333333333335,,
0.0003022165009469697,,,,,78,0.5567815899848938,0.39615264534950256,15.304296493530273,177.22393798828125,P18,3.25,,
0.00020566998106060606,,,,,79,0.5470148324966431,0.3986465334892273,14.231368064880371,177.17535400390625,P18,3.2916666666666665,,
0.000542288115530303,,,,,80,0.7804776430130005,0.39567795395851135,16.157461166381836,176.946044921875,P18,3.3333333333333335,,
0.0005260120738636364,,,,,81,0.6767899990081787,0.39386728405952454,15.849039077758789,177.3484344482422,P18,3.375,,
0.000554495146780303,,,,,82,0.33532604575157166,0.39732983708381653,16.204940795898438,177.4112548828125,P18,3.4166666666666665,,
0.0005034475615530303,,,,,83,0.3780495524406433,0.4003310799598694,15.99588394165039,177.2541046142578,P18,3.4583333333333335,,
0.0004638671875,,,,,84,0.6787386536598206,0.38747718930244446,16.04244041442871,176.7834930419922,P18,3.5,,
0.000556344696969697,,,,,85,0.9245660901069641,0.3922569155693054,15.72776985168457,177.6092987060547,P18,3.5416666666666665,,
0.0005226828835227273,,,,,86,0.3016257584095001,0.39808815717697144,16.08641242980957,177.7000732421875,P18,3.5833333333333335,,
0.0005408084753787879,,,,,87,0.28273704648017883,0.40342089533805847,16.235361099243164,177.7403106689453,P18,3.625,,
0.0005186138731060606,,,,,88,0.6140391826629639,0.39679256081581116,16.23575210571289,177.8976593017578,P18,3.6666666666666665,,
0.0004905007102272728,,,,,89,1.0529896020889282,0.384395956993103,15.424250602722168,178.7848663330078,P18,3.7083333333333335,,
0.00046053799715909093,,,,,90,0.17184947431087494,0.3827509880065918,15.354633331298828,178.8102264404297,P18,3.75,,
0.0004701556581439394,,,,,91,0.26930153369903564,0.385648250579834,15.27572250366211,178.75772094726562,P18,3.7916666666666665,,
0.00037989760890151517,,,,,92,2.394867420196533,0.3890523612499237,15.436030387878418,176.37001037597656,P18,3.8333333333333335,,
0.000434274384469697,,,,,93,0.44086581468582153,0.3921630084514618,15.262097358703613,176.52882385253906,P18,3.875,,
0.0004520300662878788,,,,,94,0.2835193872451782,0.400338739156723,15.490354537963867,176.4976806640625,P18,3.9166666666666665,,
0.0004520300662878788,,,,,95,0.2446577548980713,0.40889593958854675,15.565381050109863,176.5106964111328,P18,3.9583333333333335,,
0.0004453716856060606,,,,,96,1.3295820951461792,0.3935532867908478,15.638361930847168,175.23065185546875,P18,4.0,,
0.0002230557528409091,,,,,0,0.0,0.5931299924850464,44.64978790283203,181.21514892578125,P19,0.0,,
0.00020973899147727274,,,,,1,0.6831898093223572,0.5263063907623291,41.012630462646484,181.82400512695312,P19,0.041666666666666664,,
0.00022046638257575759,,,,,2,0.7091597318649292,0.5428156852722168,39.923702239990234,182.2328338623047,P19,0.08333333333333333,,
0.0002378521543560606,,,,,3,0.45315274596214294,0.5391508340835571,38.62425994873047,182.42262268066406,P19,0.125,,
0.0003018465909090909,,,,,4,0.4070245921611786,0.5698556900024414,51.937530517578125,182.3303985595703,P19,0.16666666666666666,,
0.000263375946969697,,,,,5,0.7583207488059998,0.5972378253936768,57.729766845703125,182.02444458007812,P19,0.20833333333333334,,
0.00029555812026515153,,,,,6,0.4524857997894287,0.6044540405273438,60.8982048034668,182.1643524169922,P19,0.25,,
0.0002900094696969697,,,,,7,0.3062555491924286,0.6049674153327942,61.62259292602539,182.109619140625,P19,0.2916666666666667,,
0.0003081350615530303,,,,,8,0.32139891386032104,0.6063246130943298,64.1137466430664,181.99928283691406,P19,0.3333333333333333,,
0.0002815015388257576,,,,,9,0.6219948530197144,0.5930302143096924,59.14021301269531,181.87953186035156,P19,0.375,,
0.0015809955018939394,,,,,10,12.995965957641602,0.6330990791320801,64.73917388916016,173.17498779296875,P19,0.4166666666666667,,
0.0003503048058712121,,,,,11,7.977077484130859,0.5818907022476196,55.876556396484375,166.56619262695312,P19,0.4583333333333333,,
0.0003480853456439394,,,,,12,0.5934947729110718,0.5746175050735474,56.94551086425781,166.1704559326172,P19,0.5,,
0.0004990086410984848,,,,,13,11.107815742492676,0.5801323652267456,54.97917175292969,176.97657775878906,P19,0.5416666666666666,,
0.0003691702178030303,,,,,14,12.289677619934082,0.6141871809959412,64.6292495727539,165.1941375732422,P19,0.5833333333333334,,
0.0003562233664772727,,,,,15,0.46255993843078613,0.6000447869300842,65.27100372314453,165.25155639648438,P19,0.625,,
0.0006340258049242425,,,,,16,4.845160484313965,0.6380456686019897,72.10984802246094,169.31907653808594,P19,0.6666666666666666,,
0.0005315607244318182,,,,,17,3.9790172576904297,0.6172258257865906,71.43269348144531,166.32095336914062,P19,0.7083333333333334,,
0.0005618933475378788,,,,,18,0.3868064284324646,0.6192583441734314,71.84123992919922,166.30880737304688,P19,0.75,,
0.0005970348011363636,,,,,19,0.4057827889919281,0.6157040596008301,66.44470977783203,166.2955322265625,P19,0.7916666666666666,,
0.0006066524621212121,,,,,20,0.47237882018089294,0.6279757618904114,70.75444793701172,165.94911193847656,P19,0.8333333333333334,,
0.0005408084753787879,,,,,21,0.6835582256317139,0.6235312819480896,69.47647094726562,166.17599487304688,P19,0.875,,
0.0005659623579545455,,,,,22,0.4387096166610718,0.632333517074585,67.52689361572266,166.1705322265625,P19,0.9166666666666666,,
0.0003255208333333333,,,,,23,3.288193464279175,0.5700854659080505,47.470218658447266,163.87294006347656,P19,0.9583333333333334,,
0.00029222892992424244,,,,,24,0.5966075658798218,0.557755708694458,41.4814567565918,163.7704620361328,P19,1.0,,
0.009831099076704545,,,,,25,18.169078826904297,0.7163575887680054,80.49886322021484,163.4674835205078,P19,1.0416666666666667,,
0.0009369821259469697,,,,,26,2.5014092922210693,0.680044949054718,79.89376831054688,161.80075073242188,P19,1.0833333333333333,,
0.0004523999763257576,,,,,27,6.686364650726318,0.6548059582710266,69.06832122802734,156.89732360839844,P19,1.125,,
0.0004731149384469697,,,,,28,0.8326937556266785,0.6625627875328064,74.54962921142578,156.57823181152344,P19,1.1666666666666667,,
0.00046053799715909093,,,,,29,1.8732987642288208,0.6680244207382202,73.34087371826172,156.8636474609375,P19,1.2083333333333333,,
0.00046756628787878785,,,,,30,0.5151877403259277,0.6637322306632996,73.75533294677734,156.88882446289062,P19,1.25,,
0.00047977331912878786,,,,,31,0.45722877979278564,0.6671777963638306,71.86949920654297,156.76870727539062,P19,1.2916666666666667,,
0.0005041873816287878,,,,,32,1.342266321182251,0.6741053462028503,70.46906280517578,156.61178588867188,P19,1.3333333333333333,,
0.00039284446022727274,,,,,33,5.39912223815918,0.6294431686401367,56.61552810668945,152.4059295654297,P19,1.375,,
0.00037138967803030304,,,,,34,4.034187316894531,0.6500405073165894,56.31992721557617,154.2285919189453,P19,1.4166666666666667,,
0.0003832267992424242,,,,,35,0.45923739671707153,0.6505322456359863,57.22175216674805,154.06942749023438,P19,1.4583333333333333,,
0.00038951526988636364,,,,,36,0.3495216965675354,0.6513859033584595,56.83320617675781,153.87887573242188,P19,1.5,,
0.00039247455018939396,,,,,37,1.955976963043213,0.6355531215667725,57.827484130859375,152.94850158691406,P19,1.5416666666666667,,
0.00037952769886363634,,,,,38,0.341263085603714,0.6356213688850403,55.46562194824219,153.05184936523438,P19,1.5833333333333333,,
0.0003847064393939394,,,,,39,0.31688010692596436,0.6435185670852661,56.225616455078125,152.94854736328125,P19,1.625,,
0.00038285688920454544,,,,,40,0.22896063327789307,0.6458401083946228,56.30006790161133,152.84776306152344,P19,1.6666666666666667,,
0.00038285688920454544,,,,,41,0.7071211338043213,0.6401056051254272,58.977176666259766,152.63636779785156,P19,1.7083333333333333,,
0.0003562233664772727,,,,,42,0.3015669286251068,0.638526201248169,56.683555603027344,152.7075653076172,P19,1.75,,
0.00037471886837121214,,,,,43,0.31459516286849976,0.6429700255393982,58.160274505615234,152.54058837890625,P19,1.7916666666666667,,
0.0003754586884469697,,,,,44,0.21539084613323212,0.6443058848381042,58.05161666870117,152.44212341308594,P19,1.8333333333333333,,
0.0004361239346590909,,,,,45,4.742816925048828,0.6778997182846069,69.53242492675781,154.8944854736328,P19,1.875,,
0.0004424124053030303,,,,,46,0.4665771424770355,0.6761818528175354,66.39851379394531,154.8247833251953,P19,1.9166666666666667,,
0.000439453125,,,,,47,0.6279574036598206,0.692968487739563,69.19422149658203,154.41261291503906,P19,1.9583333333333333,,
0.00045166015625,,,,,48,4.62042236328125,0.690777599811554,69.14288330078125,155.47225952148438,P19,2.0,,
0.00042909564393939394,,,,,49,2.382441759109497,0.6741499304771423,68.43125915527344,153.59388732910156,P19,2.0416666666666665,,
0.0004150390625,,,,,50,9.208966255187988,0.7138295769691467,73.31927490234375,158.50930786132812,P19,2.0833333333333335,,
0.000395803740530303,,,,,51,0.5798673033714294,0.7152419090270996,73.63125610351562,158.28903198242188,P19,2.125,,
0.0004035718513257576,,,,,52,0.5213490128517151,0.7175652384757996,73.27523040771484,158.08465576171875,P19,2.1666666666666665,,
0.0004061612215909091,,,,,53,0.6672385334968567,0.709442138671875,76.50141143798828,158.1969451904297,P19,2.2083333333333335,,
0.0003902550899621212,,,,,54,0.3632168769836426,0.7135022282600403,75.15076446533203,158.2838592529297,P19,2.25,,
0.00037693832859848485,,,,,55,4.737925052642822,0.6832147240638733,66.78411102294922,157.4100799560547,P19,2.2916666666666665,,
0.00039173473011363635,,,,,56,0.42526745796203613,0.6860430836677551,67.3445816040039,157.1958770751953,P19,2.3333333333333335,,
0.0004091205018939394,,,,,57,0.8970625400543213,0.6728298664093018,69.52783203125,156.9458770751953,P19,2.375,,
0.0005478367660984849,,,,,58,8.227604866027832,0.7106370329856873,80.95433044433594,159.45956420898438,P19,2.4166666666666665,,
0.0005482066761363637,,,,,59,0.4401478171348572,0.708081066608429,80.89134979248047,159.34083557128906,P19,2.4583333333333335,,
0.000580758759469697,,,,,60,0.42699751257896423,0.7108585834503174,80.6980972290039,159.16165161132812,P19,2.5,,
0.0005567146070075758,,,,,61,0.534594714641571,0.6941627264022827,81.09239959716797,159.0654296875,P19,2.5416666666666665,,
0.00046053799715909093,,,,,62,1.488019347190857,0.6677497625350952,69.17755126953125,158.4530487060547,P19,2.5833333333333335,,
0.00042539654356060606,,,,,63,1.869385838508606,0.6911874413490295,68.9715347290039,156.88938903808594,P19,2.625,,
0.0004150390625,,,,,64,0.4091907739639282,0.692528486251831,68.4338607788086,156.66879272460938,P19,2.6666666666666665,,
0.0004146691524621212,,,,,65,2.367199659347534,0.6647337675094604,67.5652084350586,154.9611358642578,P19,2.7083333333333335,,
0.000458688446969697,,,,,66,6.656335353851318,0.6971337199211121,71.15995788574219,157.70721435546875,P19,2.75,,
0.0004553592566287879,,,,,67,0.38907361030578613,0.6993101239204407,71.27144622802734,157.5374298095703,P19,2.7916666666666665,,
0.0004542495265151515,,,,,68,0.3280395567417145,0.6985732913017273,70.55855560302734,157.4283905029297,P19,2.8333333333333335,,
0.00045609907670454545,,,,,69,0.6642588973045349,0.6849310994148254,71.90945434570312,157.6664581298828,P19,2.875,,
0.00044093276515151517,,,,,70,0.4000932276248932,0.6816296577453613,67.8445816040039,157.7994842529297,P19,2.9166666666666665,,
0.00044944069602272725,,,,,71,0.47061988711357117,0.690068244934082,68.52005767822266,157.4945068359375,P19,2.9583333333333335,,
0.00044685132575757576,,,,,72,0.43751442432403564,0.6893306970596313,67.18365478515625,157.359130859375,P19,3.0,,
0.0003998727509469697,,,,,73,1.4392300844192505,0.6864756345748901,70.73675537109375,156.33255004882812,P19,3.0416666666666665,,
0.0006902521306818182,,,,,74,6.823162078857422,0.7193959355354309,85.19007110595703,160.9571075439453,P19,3.0833333333333335,,
0.0006913618607954546,,,,,75,0.381241112947464,0.721455991268158,85.53108215332031,160.7839813232422,P19,3.125,,
0.0007261334043560606,,,,,76,0.37872314453125,0.7238933444023132,85.47332763671875,160.68206787109375,P19,3.1666666666666665,,
0.0007120768229166666,,,,,77,0.61248779296875,0.7066689133644104,85.24236297607422,160.9054718017578,P19,3.2083333333333335,,
0.0007091175426136364,,,,,78,0.3819679915904999,0.708376407623291,82.14698791503906,161.0834503173828,P19,3.25,,
0.0006632486979166667,,,,,79,0.4142744541168213,0.7095492482185364,80.88803100585938,160.8655548095703,P19,3.2916666666666665,,
0.0006255178740530303,,,,,80,0.4677756428718567,0.7035748362541199,78.09619140625,160.69207763671875,P19,3.3333333333333335,,
0.0005663322679924243,,,,,81,0.8397228121757507,0.714117169380188,79.07771301269531,160.5807647705078,P19,3.375,,
0.0005689216382575757,,,,,82,0.3707175552845001,0.7135744690895081,76.34764099121094,160.67433166503906,P19,3.4166666666666665,,
0.0005596738873106061,,,,,83,0.3942604660987854,0.7198619246482849,76.39916229248047,160.429443359375,P19,3.4583333333333335,,
0.0005585641571969697,,,,,84,0.36474609375,0.7201626896858215,75.72944641113281,160.2655487060547,P19,3.5,,
0.000578909209280303,,,,,85,0.5173561573028564,0.7182217836380005,77.11365509033203,160.38572692871094,P19,3.5416666666666665,,
0.0005892666903409091,,,,,86,0.31331121921539307,0.7151321172714233,74.83069610595703,160.4938201904297,P19,3.5833333333333335,,
0.0005744702888257576,,,,,87,0.4270896315574646,0.7202707529067993,74.1289291381836,160.2882080078125,P19,3.625,,
0.0005596738873106061,,,,,88,0.3530917167663574,0.7186707854270935,72.93803405761719,160.1735382080078,P19,3.6666666666666665,,
0.0005833481297348484,,,,,89,1.2871959209442139,0.6933399438858032,73.08580780029297,160.1425018310547,P19,3.7083333333333335,,
0.0005663322679924243,,,,,90,0.38374024629592896,0.6901419758796692,70.2323989868164,160.22706604003906,P19,3.75,,
0.0005556048768939394,,,,,91,0.3918567895889282,0.6996562480926514,71.53034210205078,160.01431274414062,P19,3.7916666666666665,,
0.00047977331912878786,,,,,92,2.3856844902038574,0.6914418935775757,69.89282989501953,161.80160522460938,P19,3.8333333333333335,,
0.0004268761837121212,,,,,93,0.7073941230773926,0.6823514699935913,70.99415588378906,161.5706329345703,P19,3.875,,
0.0004032019412878788,,,,,94,0.31732288002967834,0.6812278628349304,68.27629852294922,161.5331573486328,P19,3.9166666666666665,,
0.0004057913115530303,,,,,95,0.34796032309532166,0.6837602257728577,68.00917053222656,161.45529174804688,P19,3.9583333333333335,,
0.00041355942234848483,,,,,96,0.44554999470710754,0.6766999959945679,68.42486572265625,161.1327362060547,P19,4.0,,
0.005382930871212121,,,,,0,0.0,1.5542336702346802,165.26841735839844,132.83023071289062,P20,0.0,,
0.00610943418560606,,,,,1,1.6252696514129639,1.5499773025512695,160.70736694335938,132.3655242919922,P20,0.041666666666666664,,
0.007237659801136363,,,,,2,1.5241599082946777,1.5791085958480835,166.4644317626953,132.19361877441406,P20,0.08333333333333333,,
0.007360100023674243,,,,,3,1.466284155845642,1.589568853378296,165.52450561523438,131.51580810546875,P20,0.125,,
0.009080181699810607,,,,,4,1.8269098997116089,1.6241226196289062,173.78611755371094,131.05067443847656,P20,0.16666666666666666,,
0.008394738399621212,,,,,5,2.7602782249450684,1.5911892652511597,165.98468017578125,131.3275604248047,P20,0.20833333333333334,,
0.008399917140151515,,,,,6,2.287978410720825,1.620072364807129,175.41610717773438,131.7201385498047,P20,0.25,,
0.008553059895833333,,,,,7,1.907916784286499,1.6227267980575562,174.92660522460938,131.44313049316406,P20,0.2916666666666667,,
0.009336899266098484,,,,,8,2.09228515625,1.6528533697128296,185.98826599121094,131.19142150878906,P20,0.3333333333333333,,
0.009199292732007576,,,,,9,2.6251931190490723,1.6490752696990967,187.9821014404297,131.03546142578125,P20,0.375,,
0.009778571851325758,,,,,10,2.6264727115631104,1.6626965999603271,196.0850830078125,131.11392211914062,P20,0.4166666666666667,,
0.008635179924242424,,,,,11,2.094810962677002,1.632275104522705,182.69248962402344,131.1027069091797,P20,0.4583333333333333,,
0.009689793442234848,,,,,12,2.495774030685425,1.6743141412734985,196.10728454589844,130.6004638671875,P20,0.5,,
0.00892333984375,,,,,13,3.173125743865967,1.634210467338562,192.1556396484375,131.324462890625,P20,0.5416666666666666,,
0.011673620975378787,,,,,14,2.6876275539398193,1.654943823814392,196.75323486328125,131.82354736328125,P20,0.5833333333333334,,
0.009510387073863636,,,,,15,2.270697593688965,1.6423619985580444,193.13172912597656,131.49575805664062,P20,0.625,,
0.011472389914772728,,,,,16,2.1340553760528564,1.6855729818344116,204.9424591064453,131.4281463623047,P20,0.6666666666666666,,
0.010640462239583334,,,,,17,2.639431953430176,1.6389517784118652,198.95809936523438,131.90150451660156,P20,0.7083333333333334,,
0.010386334043560605,,,,,18,2.0268332958221436,1.6781927347183228,216.10269165039062,131.6201171875,P20,0.75,,
0.01020470821496212,,,,,19,1.8760875463485718,1.6477633714675903,201.0806427001953,131.7981414794922,P20,0.7916666666666666,,
0.012188905658143939,,,,,20,2.5262339115142822,1.7375736236572266,222.24761962890625,131.00350952148438,P20,0.8333333333333334,,
0.009393865411931818,,,,,21,2.513711929321289,1.6606519222259521,207.14822387695312,131.193603515625,P20,0.875,,
0.010900508996212121,,,,,22,2.5106289386749268,1.7092818021774292,225.90560913085938,131.6072235107422,P20,0.9166666666666666,,
0.009986831202651515,,,,,23,2.265191078186035,1.6832553148269653,214.82012939453125,131.5480499267578,P20,0.9583333333333334,,
0.010911236387310607,,,,,24,2.147235631942749,1.7171752452850342,224.02003479003906,131.28382873535156,P20,1.0,,
0.010155880089962122,,,,,25,2.509904384613037,1.6709237098693848,217.1702880859375,131.52932739257812,P20,1.0416666666666667,,
0.011017770478219696,,,,,26,2.2367098331451416,1.7086546421051025,232.03558349609375,131.76837158203125,P20,1.0833333333333333,,
0.01118459990530303,,,,,27,2.215115547180176,1.7500903606414795,243.89627075195312,131.25888061523438,P20,1.125,,
0.012701600970643939,,,,,28,2.1725974082946777,1.7849161624908447,253.22262573242188,130.69387817382812,P20,1.1666666666666667,,
0.011664743134469698,,,,,29,2.5659523010253906,1.703163981437683,229.57989501953125,131.27130126953125,P20,1.2083333333333333,,
0.012286191998106061,,,,,30,2.3055453300476074,1.7381166219711304,240.3189697265625,131.3679656982422,P20,1.25,,
0.011398777817234848,,,,,31,2.2449662685394287,1.769363522529602,243.15753173828125,131.14796447753906,P20,1.2916666666666667,,
0.012863621567234848,,,,,32,2.7045722007751465,1.7567247152328491,237.2091064453125,130.5386962890625,P20,1.3333333333333333,,
0.011008152817234848,,,,,33,2.9921741485595703,1.6900936365127563,217.32041931152344,130.8237762451172,P20,1.375,,
0.012036872632575758,,,,,34,2.5336437225341797,1.684022068977356,216.10887145996094,131.19540405273438,P20,1.4166666666666667,,
0.011521587949810607,,,,,35,1.9424515962600708,1.704167366027832,218.06028747558594,131.00442504882812,P20,1.4583333333333333,,
0.012138967803030302,,,,,36,2.025322914123535,1.6856553554534912,210.67471313476562,130.69602966308594,P20,1.5,,
0.011776086055871212,,,,,37,2.8204567432403564,1.6717506647109985,209.91261291503906,131.2183380126953,P20,1.5416666666666667,,
0.011966959635416666,,,,,38,2.416839122772217,1.7041467428207397,217.5204620361328,131.2456512451172,P20,1.5833333333333333,,
0.011576334635416666,,,,,39,2.0133767127990723,1.7010517120361328,216.82485961914062,130.8147735595703,P20,1.625,,
0.012404563210227273,,,,,40,1.862733006477356,1.7161930799484253,226.1249237060547,130.6451416015625,P20,1.6666666666666667,,
0.011353648792613637,,,,,41,2.241421699523926,1.670608639717102,214.552978515625,130.85440063476562,P20,1.7083333333333333,,
0.012367572206439394,,,,,42,2.350213050842285,1.7245391607284546,233.72463989257812,131.14376831054688,P20,1.75,,
0.011801979758522728,,,,,43,1.8719016313552856,1.7232260704040527,231.5373992919922,131.0372314453125,P20,1.7916666666666667,,
0.012664240056818182,,,,,44,1.9673517942428589,1.7740800380706787,250.44940185546875,130.3996124267578,P20,1.8333333333333333,,
0.011491625236742424,,,,,45,2.4255425930023193,1.707175850868225,223.3077392578125,130.846923828125,P20,1.875,,
0.01237829959753788,,,,,46,1.8506747484207153,1.7476478815078735,237.3011016845703,131.03317260742188,P20,1.9166666666666667,,
0.012072014086174242,,,,,47,1.6011375188827515,1.7312716245651245,226.2223663330078,130.98817443847656,P20,1.9583333333333333,,
0.013538707386363636,,,,,48,1.9192705154418945,1.7809396982192993,244.69773864746094,130.5014190673828,P20,2.0,,
0.013210597182765151,,,,,49,1.9890791177749634,1.719017744064331,223.03074645996094,130.76150512695312,P20,2.0416666666666665,,
0.013884943181818182,,,,,50,1.6509321928024292,1.7444437742233276,232.03323364257812,131.15841674804688,P20,2.0833333333333335,,
0.013456587357954545,,,,,51,1.5173195600509644,1.719199776649475,221.05902099609375,131.0108184814453,P20,2.125,,
0.013801713423295454,,,,,52,1.6196999549865723,1.7432525157928467,226.86293029785156,130.42733764648438,P20,2.1666666666666665,,
0.013063003077651516,,,,,53,2.421921491622925,1.7079581022262573,221.47674560546875,130.81576538085938,P20,2.2083333333333335,,
0.013289388020833333,,,,,54,2.4428632259368896,1.7255882024765015,233.4325714111328,130.69142150878906,P20,2.25,,
0.012309866240530303,,,,,55,2.236907482147217,1.7513200044631958,235.98924255371094,130.42369079589844,P20,2.2916666666666665,,
0.013590494791666666,,,,,56,2.4374046325683594,1.7543002367019653,239.08384704589844,129.7866668701172,P20,2.3333333333333335,,
0.012710108901515152,,,,,57,3.0797462463378906,1.7260721921920776,233.97767639160156,130.09634399414062,P20,2.375,,
0.013868667140151515,,,,,58,3.3626065254211426,1.7419811487197876,241.1847686767578,130.26507568359375,P20,2.4166666666666665,,
0.012183726917613637,,,,,59,3.4769365787506104,1.7294068336486816,231.8207244873047,129.56985473632812,P20,2.4583333333333335,,
0.013396661931818182,,,,,60,3.634298324584961,1.7465587854385376,229.57614135742188,128.90313720703125,P20,2.5,,
0.011877811316287878,,,,,61,4.178182601928711,1.7120569944381714,216.06871032714844,128.6766815185547,P20,2.5416666666666665,,
0.013004557291666666,,,,,62,4.3949198722839355,1.7251240015029907,222.99476623535156,128.89178466796875,P20,2.5833333333333335,,
0.01173095703125,,,,,63,3.8116466999053955,1.694359540939331,213.4310302734375,128.3052520751953,P20,2.625,,
0.013786917021780302,,,,,64,3.4104647636413574,1.7205413579940796,219.29403686523438,127.61795043945312,P20,2.6666666666666665,,
0.01160259824810606,,,,,65,3.9400179386138916,1.7062016725540161,216.4618682861328,127.84400177001953,P20,2.7083333333333335,,
0.013634514086174242,,,,,66,4.650439262390137,1.7261810302734375,227.7500457763672,128.42898559570312,P20,2.75,,
0.013863118489583333,,,,,67,3.5050182342529297,1.7158291339874268,221.2916259765625,127.8539047241211,P20,2.7916666666666665,,
0.014817856297348485,,,,,68,3.6545565128326416,1.7418407201766968,224.42591857910156,127.23229217529297,P20,2.8333333333333335,,
0.012177068536931818,,,,,69,4.151838779449463,1.7205787897109985,223.49392700195312,127.43669128417969,P20,2.875,,
0.012089769767992425,,,,,70,4.298033714294434,1.7468525171279907,232.49862670898438,127.3641128540039,P20,2.9166666666666665,,
0.011094341856060607,,,,,71,4.252367973327637,1.7273435592651367,225.7556610107422,126.76070404052734,P20,2.9583333333333335,,
0.013384824810606061,,,,,72,4.43707275390625,1.75996994972229,232.7167205810547,126.16605377197266,P20,3.0,,
0.009521484375,,,,,73,5.537406921386719,1.705741286277771,214.49244689941406,126.33814239501953,P20,3.0416666666666665,,
0.010786206794507576,,,,,74,6.002474784851074,1.7429323196411133,222.80174255371094,127.00920104980469,P20,3.0833333333333335,,
0.010859079071969696,,,,,75,5.8528265953063965,1.7070341110229492,209.38528442382812,126.86161041259766,P20,3.125,,
0.015532892400568182,,,,,76,6.607420921325684,1.7781144380569458,235.58120727539062,125.5804672241211,P20,3.1666666666666665,,
0.013334886955492424,,,,,77,6.967379570007324,1.6172637939453125,171.5248260498047,126.59259796142578,P20,3.2083333333333335,,
0.02031915838068182,,,,,78,7.81207275390625,1.6910938024520874,182.55307006835938,126.759765625,P20,3.25,,
0.019127308238636363,,,,,79,7.490139961242676,1.587059736251831,148.79629516601562,126.84158325195312,P20,3.2916666666666665,,
0.02525042909564394,,,,,80,7.585228443145752,1.6668803691864014,186.1129913330078,125.83541107177734,P20,3.3333333333333335,,
0.023659446022727272,,,,,81,8.596487045288086,1.5327823162078857,140.42027282714844,127.12890625,P20,3.375,,
0.026429332386363635,,,,,82,9.418351173400879,1.573510766029358,147.93504333496094,128.01739501953125,P20,3.4166666666666665,,
0.021376731178977273,,,,,83,8.78404426574707,1.4848968982696533,120.9479751586914,128.3861083984375,P20,3.4583333333333335,,
0.02372122099905303,,,,,84,8.944609642028809,1.603906273841858,160.47341918945312,127.60921478271484,P20,3.5,,
0.01970880681818182,,,,,85,9.525128364562988,1.5140730142593384,131.8896942138672,129.74636840820312,P20,3.5416666666666665,,
0.021682276870265152,,,,,86,9.746923446655273,1.4993089437484741,129.64378356933594,130.7963409423828,P20,3.5833333333333335,,
0.016524251302083334,,,,,87,8.421921730041504,1.483902096748352,128.52883911132812,132.19358825683594,P20,3.625,,
0.020322857481060608,,,,,88,8.73669719696045,1.5673854351043701,165.82521057128906,132.79196166992188,P20,3.6666666666666665,,
0.016281960227272727,,,,,89,8.898385047912598,1.460334062576294,126.62223052978516,135.2342071533203,P20,3.7083333333333335,,
0.016138805042613637,,,,,90,9.233057975769043,1.4290410280227661,119.34123992919922,138.10057067871094,P20,3.75,,
0.00965613162878788,,,,,91,8.000838279724121,1.3715249300003052,103.37708282470703,140.0511932373047,P20,3.7916666666666665,,
0.007644930752840909,,,,,92,7.601321697235107,1.386201024055481,108.62684631347656,140.7184295654297,P20,3.8333333333333335,,
0.006966145833333334,,,,,93,7.720555305480957,1.3329628705978394,103.25969696044922,143.14157104492188,P20,3.875,,
0.007470333214962121,,,,,94,7.1855878829956055,1.3022890090942383,97.2585220336914,144.38833618164062,P20,3.9166666666666665,,
0.005941125118371212,,,,,95,5.9775710105896,1.2780708074569702,89.20832824707031,145.8584747314453,P20,3.9583333333333335,,
0.00666799834280303,,,,,96,4.776922225952148,1.2353127002716064,78.87104797363281,145.77081298828125,P20,4.0,,
0.029965672348484847,0.8337317705154419,9.368626594543457,0.39202752709388733,3.5141854286193848,0,0.0,0.6134551763534546,17.294551849365234,102.57784271240234,P02_baseline,0.0,0.2879713177680969,7.013548851013184
0.02974224668560606,0.8688511252403259,9.370959281921387,0.4162111282348633,3.593090534210205,1,0.6757313013076782,0.6059301495552063,16.691312789916992,103.06153869628906,P02_baseline,0.041666666666666664,0.227654367685318,7.122474193572998
0.03046653053977273,0.8592982292175293,9.159308433532715,0.38095971941947937,3.5225777626037598,2,0.7956343293190002,0.6075829267501831,16.579710006713867,103.68914794921875,P02_baseline,0.08333333333333333,0.26636242866516113,7.223773002624512
0.03092669862689394,0.8561447262763977,9.158462524414062,0.39921289682388306,3.500028371810913,3,0.8948730230331421,0.6038280129432678,15.00602912902832,104.29996490478516,P02_baseline,0.125,0.25369295477867126,7.28953742980957
0.03152484315814394,0.8856437802314758,9.114216804504395,0.41030165553092957,3.482741117477417,4,0.5714644193649292,0.6116152405738831,14.66341781616211,104.31547546386719,P02_baseline,0.16666666666666666,0.2529037892818451,7.294119358062744
0.031932853929924246,0.8740155100822449,9.421585083007812,0.41761231422424316,3.508294105529785,5,1.078368067741394,0.6182674765586853,15.141901016235352,104.25047302246094,P02_baseline,0.20833333333333334,0.2686726152896881,7.3593268394470215
0.03167687618371212,0.8908423185348511,9.500332832336426,0.4188297390937805,3.522014617919922,6,0.6982433199882507,0.6201028227806091,15.546494483947754,104.19992065429688,P02_baseline,0.25,0.2649390995502472,7.3480658531188965
0.03324270537405303,0.90617436170578,9.569135665893555,0.4245067834854126,3.536841869354248,7,0.6555331349372864,0.6221957206726074,15.553811073303223,104.02437591552734,P02_baseline,0.2916666666666667,0.2621907889842987,7.348336696624756
0.03450668797348485,0.9174621105194092,9.557430267333984,0.4277167022228241,3.544590473175049,8,0.5958629250526428,0.6268824934959412,15.961901664733887,103.84083557128906,P02_baseline,0.3333333333333333,0.26120275259017944,7.352433681488037
0.035482140743371214,0.9012383818626404,9.632909774780273,0.4104788303375244,3.6225945949554443,9,1.3169078826904297,0.6169012188911438,15.533530235290527,103.84618377685547,P02_baseline,0.375,0.25577816367149353,7.360219955444336
0.03608139500473485,0.9075336456298828,9.70520305633545,0.41247695684432983,3.6610333919525146,10,1.1494052410125732,0.6238565444946289,15.66234016418457,103.59771728515625,P02_baseline,0.4166666666666667,0.2664531171321869,7.352135181427002
0.03648348721590909,0.930017352104187,9.756664276123047,0.4111265242099762,3.693413734436035,11,1.2497048377990723,0.6328141689300537,16.31937599182129,103.3980484008789,P02_baseline,0.4583333333333333,0.26306241750717163,7.3405561447143555
0.03851318359375,0.9453003406524658,9.779337882995605,0.4290412664413452,7.076247215270996,12,1.4026533365249634,0.6361775994300842,16.55323028564453,103.02648162841797,P02_baseline,0.5,0.25695133209228516,7.355062484741211
0.03968098958333333,0.9069240689277649,9.814629554748535,0.42601773142814636,29.127107620239258,13,2.363845109939575,0.6323589086532593,16.066402435302734,103.37626647949219,P02_baseline,0.5416666666666666,0.27648815512657166,7.446653842926025
0.03982488458806818,0.9166216254234314,9.82070255279541,0.46060389280319214,34.34356689453125,14,1.619080662727356,0.6374159455299377,16.221046447753906,103.28739166259766,P02_baseline,0.5833333333333334,0.2807423770427704,7.462315082550049
0.03921268347537879,0.9328692555427551,9.890204429626465,0.47387075424194336,35.993770599365234,15,1.9860517978668213,0.6443084478378296,16.68320655822754,103.1484603881836,P02_baseline,0.625,0.27690356969833374,7.475222587585449
0.04120353929924243,0.9415755271911621,9.882631301879883,0.434794157743454,39.65426254272461,16,2.1525001525878906,0.6475541591644287,16.910289764404297,102.89939880371094,P02_baseline,0.6666666666666666,0.27619409561157227,7.521174430847168
0.04193300189393939,0.9316762089729309,9.827315330505371,0.44563809037208557,35.93815612792969,17,2.7009787559509277,0.6515637636184692,17.11977195739746,103.1631851196289,P02_baseline,0.7083333333333334,0.28686657547950745,7.505197525024414
0.04131118312026515,0.9326847791671753,9.8602294921875,0.435743510723114,16.71892738342285,18,2.549450635910034,0.6559996008872986,17.157629013061523,103.14286804199219,P02_baseline,0.75,0.2973954379558563,7.496096134185791
0.04071710759943182,0.9642879962921143,9.907097816467285,0.3984876573085785,6.540846347808838,19,2.6800758838653564,0.6573648452758789,17.316020965576172,103.06385803222656,P02_baseline,0.7916666666666666,0.29251521825790405,7.501379489898682
0.04138849431818182,0.9941244721412659,9.901180267333984,0.3841524124145508,4.092750072479248,20,2.7675037384033203,0.6652828454971313,17.816423416137695,102.82838439941406,P02_baseline,0.8333333333333334,0.2929770052433014,7.511646747589111
0.04206431995738636,0.9704053997993469,9.874112129211426,0.40159252285957336,3.774470329284668,21,3.4426801204681396,0.6648771166801453,17.66779899597168,103.24359130859375,P02_baseline,0.875,0.30244264006614685,7.551446437835693
0.041341515743371214,0.9975530505180359,9.938645362854004,0.39548882842063904,3.7341368198394775,22,3.5602149963378906,0.6663471460342407,17.630294799804688,103.55864715576172,P02_baseline,0.9166666666666666,0.30161210894584656,7.550967693328857
0.03783106948390152,1.0166308879852295,9.969826698303223,0.40545836091041565,3.782769203186035,23,3.665900230407715,0.6670899987220764,17.822101593017578,103.56999969482422,P02_baseline,0.9583333333333334,0.3006385862827301,7.553524971008301
0.035351192589962124,0.9915774464607239,9.975695610046387,0.4073321521282196,3.7905960083007812,24,3.247931480407715,0.6570376753807068,17.18331527709961,104.0431900024414,P02_baseline,1.0,0.3003932535648346,7.566861152648926
0.035547984730113634,1.0208123922348022,9.873037338256836,0.43938177824020386,3.716904401779175,25,3.387377977371216,0.6687261462211609,18.906652450561523,104.37118530273438,P02_baseline,1.0416666666666667,0.3016164004802704,7.546733856201172
0.03235159209280303,1.001895546913147,9.891569137573242,0.4229714572429657,3.6658775806427,26,2.992424964904785,0.653731107711792,17.25278663635254,104.77729034423828,P02_baseline,1.0833333333333333,0.291520893573761,7.521225929260254
0.03048169685132576,1.0316933393478394,9.876240730285645,0.4440503418445587,3.699953079223633,27,1.7968716621398926,0.6657690405845642,17.627573013305664,105.00672912597656,P02_baseline,1.125,0.3011767268180847,7.512416839599609
0.02736557469223485,0.9817851781845093,9.83737564086914,0.440693736076355,3.6992998123168945,28,0.9323941469192505,0.6543257236480713,16.877521514892578,105.24407196044922,P02_baseline,1.1666666666666667,0.29761576652526855,7.5057692527771
0.02741662227746212,0.9778292179107666,9.712433815002441,0.4223284125328064,3.6707944869995117,29,0.48777076601982117,0.655917227268219,16.745052337646484,105.35324096679688,P02_baseline,1.2083333333333333,0.29682305455207825,7.507174015045166
0.02769479462594697,0.9835705757141113,9.741728782653809,0.4312402307987213,3.6783530712127686,30,0.19040527939796448,0.6602093577384949,16.879465103149414,105.30171966552734,P02_baseline,1.25,0.299591600894928,7.504859447479248
0.02788751775568182,0.9990801215171814,9.711441993713379,0.4492190480232239,3.688091993331909,31,0.189094677567482,0.6683622002601624,17.432600021362305,105.17967224121094,P02_baseline,1.2916666666666667,0.2930622696876526,7.49639892578125
0.02778098366477273,0.974066972732544,9.719526290893555,0.43719857931137085,3.744514226913452,32,0.13729137182235718,0.658933699131012,16.867536544799805,105.18392944335938,P02_baseline,1.3333333333333333,0.2950357496738434,7.497213363647461
0.027821673768939393,1.0036338567733765,9.639751434326172,0.4284239411354065,3.6979711055755615,33,0.3742465078830719,0.6668511033058167,17.319122314453125,105.01448059082031,P02_baseline,1.375,0.2973491847515106,7.471043586730957
0.02791822028882576,1.0220698118209839,9.674561500549316,0.4334743916988373,3.6812384128570557,34,0.17433859407901764,0.6700411438941956,17.567033767700195,104.96390533447266,P02_baseline,1.4166666666666667,0.2850349247455597,7.463987827301025
0.028062115293560605,1.0339224338531494,9.671628952026367,0.4571707546710968,3.6962785720825195,35,0.15097101032733917,0.6765549182891846,18.01584243774414,104.8612289428711,P02_baseline,1.4583333333333333,0.28347593545913696,7.446010589599609
0.027853116122159093,1.011828899383545,9.627325057983398,0.4495680332183838,3.686366081237793,36,0.08421631157398224,0.6692348122596741,17.618906021118164,104.8956298828125,P02_baseline,1.5,0.28496500849723816,7.452499866485596
0.02777654474431818,0.9889260530471802,9.75409984588623,0.432725727558136,3.593843698501587,37,0.30668944120407104,0.6587751507759094,16.94736099243164,104.99027252197266,P02_baseline,1.5416666666666667,0.28213682770729065,7.463648796081543
0.02789602568655303,1.0134767293930054,9.755637168884277,0.4437311589717865,3.5667531490325928,38,0.12196377664804459,0.665855348110199,17.408905029296875,104.9555435180664,P02_baseline,1.5833333333333333,0.2769957184791565,7.462530612945557
0.028046579071969696,1.022169589996338,9.753177642822266,0.4594557285308838,3.5464813709259033,39,0.10308393836021423,0.6739683747291565,17.840173721313477,104.89196014404297,P02_baseline,1.625,0.27819570899009705,7.467864513397217
0.027798739346590908,1.0145208835601807,9.748420715332031,0.4500531554222107,3.533883571624756,40,0.07399125397205353,0.6702722907066345,17.636730194091797,104.89913177490234,P02_baseline,1.6666666666666667,0.2805561423301697,7.473698616027832
0.027784682765151517,0.9978236556053162,9.683551788330078,0.4346168041229248,3.5490262508392334,41,0.3371027112007141,0.6579605340957642,16.996849060058594,105.07803344726562,P02_baseline,1.7083333333333333,0.2779541313648224,7.44289493560791
0.027860884232954547,1.0094751119613647,9.720071792602539,0.44367948174476624,3.5584330558776855,42,0.10390070080757141,0.6632093787193298,17.315650939941406,105.08586883544922,P02_baseline,1.75,0.27508893609046936,7.440258026123047
0.02806063565340909,1.0279885530471802,9.721694946289062,0.4559608995914459,3.5614781379699707,43,0.12829811871051788,0.6714271306991577,17.842729568481445,105.03004455566406,P02_baseline,1.7916666666666667,0.27162179350852966,7.398946285247803
0.027796519886363637,1.0180655717849731,9.69299030303955,0.4463713467121124,3.555234909057617,44,0.12512317299842834,0.6670608520507812,17.548145294189453,105.05812072753906,P02_baseline,1.8333333333333333,0.27402740716934204,7.364731788635254
0.027822783499053032,0.9947031736373901,9.82470703125,0.43415141105651855,3.548257827758789,45,0.30221280455589294,0.6587796807289124,16.944547653198242,105.23528289794922,P02_baseline,1.875,0.2791651785373688,7.364153861999512
0.027913041548295454,1.029183268547058,9.872906684875488,0.4422377943992615,3.5336833000183105,46,0.14840421080589294,0.6701661944389343,17.592926025390625,105.20752716064453,P02_baseline,1.9166666666666667,0.27939072251319885,7.339643478393555
0.028150523792613635,1.0394160747528076,9.891119003295898,0.4579677879810333,3.5655932426452637,47,0.11915615946054459,0.6772796511650085,18.016334533691406,105.1494140625,P02_baseline,1.9583333333333333,0.27319812774658203,7.33769416809082
0.027934126420454546,1.0162975788116455,9.937652587890625,0.44692662358283997,3.5811829566955566,48,0.16204611957073212,0.67164146900177,17.532873153686523,105.1571273803711,P02_baseline,2.0,0.28015145659446716,7.324382781982422
0.027854225852272728,1.0204273462295532,9.867016792297363,0.4367450177669525,3.582706928253174,49,0.2610973119735718,0.669183075428009,17.36601448059082,105.17814636230469,P02_baseline,2.0416666666666665,0.2904394268989563,7.358251094818115
0.027913411458333332,1.0372593402862549,9.814491271972656,0.44370225071907043,3.5900423526763916,50,0.16319136321544647,0.6756736636161804,17.835203170776367,105.13119506835938,P02_baseline,2.0833333333333335,0.2836436927318573,7.340662956237793
0.02804879853219697,1.0466978549957275,9.8310546875,0.46053850650787354,3.615389585494995,51,0.17676669359207153,0.6816266775131226,18.1759033203125,105.01228332519531,P02_baseline,2.125,0.27881503105163574,7.302158355712891
0.027890846946022726,1.0353022813796997,9.829482078552246,0.4521534740924835,3.6049375534057617,52,0.1460149586200714,0.6786391735076904,17.926719665527344,104.95683288574219,P02_baseline,2.1666666666666665,0.28686970472335815,7.309638023376465
0.027707371567234847,1.0278962850570679,9.835902214050293,0.4361349046230316,3.6154160499572754,53,0.41101738810539246,0.6754719018936157,17.78439712524414,104.91438293457031,P02_baseline,2.2083333333333335,0.2879417836666107,7.288776397705078
0.02777987393465909,1.0355987548828125,9.864333152770996,0.4424063265323639,3.608769178390503,54,0.19421054422855377,0.6798614263534546,17.970605850219727,104.82157897949219,P02_baseline,2.25,0.2889308035373688,7.342977046966553
0.028002189867424244,1.0485700368881226,9.886590957641602,0.45895516872406006,3.627478837966919,55,0.20459872484207153,0.6859186291694641,18.410383224487305,104.70140075683594,P02_baseline,2.2916666666666665,0.28070178627967834,7.343243598937988
0.027912301728219697,1.0324621200561523,9.871444702148438,0.4399544298648834,3.608891010284424,56,0.12652920186519623,0.6769454479217529,17.982816696166992,104.7151870727539,P02_baseline,2.3333333333333335,0.2816316485404968,7.337282657623291
0.027800218986742425,1.0368521213531494,9.903559684753418,0.43524405360221863,3.6026928424835205,57,0.42598432302474976,0.6773093342781067,17.915390014648438,104.44442749023438,P02_baseline,2.375,0.28370988368988037,7.397193431854248
0.027966678503787878,1.0490878820419312,9.929615020751953,0.45150142908096313,3.6036829948425293,58,0.3243086338043213,0.6835883259773254,18.31276512145996,104.21559143066406,P02_baseline,2.4166666666666665,0.2724737226963043,7.265738487243652
0.028190843986742424,1.0563281774520874,9.950079917907715,0.4641607701778412,3.6217169761657715,59,0.2243519127368927,0.6849168539047241,18.547048568725586,104.06598663330078,P02_baseline,2.4583333333333335,0.2592308521270752,7.11950159072876
0.02803585168087121,1.0254669189453125,9.948772430419922,0.4550764262676239,3.6341638565063477,60,0.22990944981575012,0.6752621531486511,17.936620712280273,103.96214294433594,P02_baseline,2.5,0.2566121220588684,6.977527618408203
0.027968897964015152,1.018966555595398,9.93972396850586,0.45257139205932617,3.5862152576446533,61,0.2871515452861786,0.6680169105529785,17.594717025756836,103.87981414794922,P02_baseline,2.5416666666666665,0.25509440898895264,6.853501796722412
0.028120930989583334,1.0402556657791138,9.91528606414795,0.4606880843639374,3.5269336700439453,62,0.35462647676467896,0.6780000329017639,18.170183181762695,103.64936065673828,P02_baseline,2.5833333333333335,0.26522597670555115,6.7248735427856445
0.028297378077651515,1.0556530952453613,9.920392036437988,0.48548462986946106,3.537353515625,63,0.3172207772731781,0.6874139308929443,18.693937301635742,103.40856170654297,P02_baseline,2.625,0.27119630575180054,6.638900279998779
0.028141276041666666,1.0424010753631592,9.930815696716309,0.48272082209587097,3.533670663833618,64,0.10567738115787506,0.6837320923805237,18.413583755493164,103.4113998413086,P02_baseline,2.6666666666666665,0.2755567729473114,6.625236511230469
0.028026603929924242,1.0075042247772217,9.881878852844238,0.44507548213005066,3.5107545852661133,65,0.4472334384918213,0.6691480875015259,17.53240966796875,103.6915054321289,P02_baseline,2.7083333333333335,0.2879610061645508,6.597011089324951
0.028105024857954547,1.0184266567230225,9.89050579071045,0.4457477927207947,3.5596694946289062,66,0.19132190942764282,0.6761400103569031,17.88426971435547,103.67453002929688,P02_baseline,2.75,0.2987315356731415,6.592507362365723
0.02821044921875,1.030295729637146,9.89462661743164,0.456572949886322,3.5674378871917725,67,0.22613415122032166,0.6807058453559875,18.294118881225586,103.66181945800781,P02_baseline,2.7916666666666665,0.29162099957466125,6.576444625854492
0.028048428622159092,1.011921763420105,9.907976150512695,0.44370970129966736,3.5456109046936035,68,0.19911998510360718,0.6749160885810852,17.8901424407959,103.65800476074219,P02_baseline,2.8333333333333335,0.29491502046585083,6.548133373260498
0.028049538352272727,1.022215723991394,9.8079833984375,0.4330537021160126,3.537752151489258,69,0.3721391260623932,0.6757753491401672,17.9966983795166,103.54730987548828,P02_baseline,2.875,0.30220699310302734,6.585571765899658
0.02811575224905303,1.0207629203796387,9.891488075256348,0.441482275724411,3.5766549110412598,70,0.3324773609638214,0.6783280968666077,17.947309494018555,103.35327911376953,P02_baseline,2.9166666666666665,0.2977733016014099,6.669754981994629
0.028297747987689394,1.0256197452545166,9.9144287109375,0.4582820236682892,3.5718414783477783,71,0.32491564750671387,0.6832314133644104,18.291624069213867,103.13356018066406,P02_baseline,2.9583333333333335,0.28516003489494324,6.8126702308654785
0.028093187736742423,1.0117206573486328,9.910137176513672,0.4514859914779663,3.5791149139404297,72,0.2457330822944641,0.6806004047393799,18.015928268432617,103.03694915771484,P02_baseline,3.0,0.29648375511169434,6.983903884887695
0.028056196732954546,1.010430097579956,9.762491226196289,0.44217807054519653,3.639463424682617,73,0.3491932153701782,0.6767764687538147,17.81784439086914,102.9637222290039,P02_baseline,3.0416666666666665,0.2999114394187927,6.972882270812988
0.028199351917613635,1.0171641111373901,9.819119453430176,0.4518790543079376,3.6646695137023926,74,0.2898159921169281,0.6803545951843262,17.958980560302734,102.82228088378906,P02_baseline,3.0833333333333335,0.29536619782447815,6.9350385665893555
0.02832586115056818,1.024158000946045,9.861140251159668,0.46192798018455505,3.683375120162964,75,0.1580599695444107,0.6852447390556335,18.3436279296875,102.74515533447266,P02_baseline,3.125,0.28758761286735535,6.878190994262695
0.02815533262310606,1.0010536909103394,9.848236083984375,0.4514969289302826,3.690737724304199,76,0.2567460536956787,0.6802629232406616,17.96800994873047,102.64180755615234,P02_baseline,3.1666666666666665,0.3001595139503479,6.737485885620117
0.028028083570075756,1.0187567472457886,9.837964057922363,0.43956512212753296,3.6205477714538574,77,0.33686745166778564,0.6766712665557861,17.8709716796875,102.62564086914062,P02_baseline,3.2083333333333335,0.3037227988243103,6.622076034545898
0.028126109730113636,1.0237258672714233,9.888729095458984,0.44308120012283325,3.6009533405303955,78,0.29292991757392883,0.6834251880645752,18.09052276611328,102.4934310913086,P02_baseline,3.25,0.3041587173938751,6.667755603790283
0.02829626834753788,1.0356237888336182,9.91385555267334,0.461488276720047,3.599680185317993,79,0.28732243180274963,0.686892032623291,18.450658798217773,102.39888763427734,P02_baseline,3.2916666666666665,0.2900000214576721,6.653595924377441
0.02811575224905303,1.016592264175415,9.94820499420166,0.4528798758983612,3.5915091037750244,80,0.33558017015457153,0.6835635304450989,18.095495223999023,102.29625701904297,P02_baseline,3.3333333333333335,0.30049771070480347,6.734072685241699
0.028078021425189392,1.0197333097457886,9.95930290222168,0.4481167197227478,3.630211114883423,81,0.45531004667282104,0.682375967502594,18.057525634765625,102.26656341552734,P02_baseline,3.375,0.29832667112350464,6.842530250549316
0.028177157315340907,1.0339810848236084,9.968849182128906,0.4535025358200073,3.626185417175293,82,0.3064075708389282,0.6862509846687317,18.3305606842041,102.18499755859375,P02_baseline,3.4166666666666665,0.29715496301651,6.822450637817383
0.028446451822916666,1.0520625114440918,9.95624828338623,0.4647183418273926,3.6436007022857666,83,0.30138716101646423,0.6913122534751892,18.808916091918945,102.06924438476562,P02_baseline,3.4583333333333335,0.28501608967781067,6.73062801361084
0.028760505445075756,1.034665584564209,9.982222557067871,0.4482423961162567,3.6288812160491943,84,0.3952392637729645,0.6864878535270691,18.365650177001953,101.94476318359375,P02_baseline,3.5,0.29826852679252625,6.631687641143799
0.029927571614583332,1.038121223449707,9.975272178649902,0.4501352608203888,3.561807155609131,85,0.5649546980857849,0.6880899667739868,18.361059188842773,101.82308197021484,P02_baseline,3.5416666666666665,0.3013402819633484,6.680915355682373
0.03228685783617424,1.047155499458313,9.961874961853027,0.4512794613838196,3.550734281539917,86,0.629608690738678,0.6912281513214111,18.536102294921875,101.4668960571289,P02_baseline,3.5833333333333335,0.30235591530799866,6.691473960876465
0.033962550307765155,1.0529828071594238,9.96673583984375,0.46178820729255676,3.5491857528686523,87,0.36339110136032104,0.6954876780509949,18.888641357421875,101.25679779052734,P02_baseline,3.625,0.2943137586116791,6.61311674118042
0.03494059244791667,1.0324841737747192,9.97372817993164,0.4499727189540863,3.546171188354492,88,0.37545832991600037,0.6883327960968018,18.354969024658203,101.14582061767578,P02_baseline,3.6666666666666665,0.3004579544067383,6.508301258087158
0.035573508522727275,1.0445337295532227,9.859893798828125,0.43818172812461853,3.5634584426879883,89,0.4969349205493927,0.6882253289222717,18.599903106689453,101.03260803222656,P02_baseline,3.7083333333333335,0.300434410572052,6.315373420715332
0.03582837653882576,1.0410404205322266,9.9071626663208,0.44513124227523804,3.5939881801605225,90,0.28887495398521423,0.6884469389915466,18.613481521606445,100.9576644897461,P02_baseline,3.75,0.2927261292934418,6.202602386474609
0.03561678799715909,1.0445972681045532,9.919651985168457,0.4637852907180786,3.63065505027771,91,0.3087635338306427,0.6895818114280701,18.923080444335938,100.8465347290039,P02_baseline,3.7916666666666665,0.2655768394470215,5.982327461242676
0.034764885179924244,1.026604413986206,9.970050811767578,0.46258068084716797,3.677924156188965,92,0.3161199390888214,0.6858624815940857,18.536428451538086,100.79606628417969,P02_baseline,3.8333333333333335,0.2774919867515564,5.668053150177002
0.034346147017045456,1.0468837022781372,9.985847473144531,0.460938960313797,3.67962384223938,93,0.35463976860046387,0.6920114159584045,18.93553352355957,100.63916015625,P02_baseline,3.875,0.28188201785087585,5.439174652099609
0.0341012665719697,1.0480315685272217,9.988757133483887,0.4579720199108124,3.6425957679748535,94,0.23839665949344635,0.6917301416397095,18.909347534179688,100.57307434082031,P02_baseline,3.9166666666666665,0.27967774868011475,5.272048473358154
0.03370213364109848,1.0553213357925415,10.040319442749023,0.46400800347328186,3.662940740585327,95,0.26331230998039246,0.6911807060241699,19.090044021606445,100.5428237915039,P02_baseline,3.9583333333333335,0.2614883780479431,5.154976844787598
0.03309215198863636,1.0529274940490723,10.036243438720703,0.4614284932613373,3.6767776012420654,96,0.23209671676158905,0.6912617087364197,19.005029678344727,100.50704956054688,P02_baseline,4.0,0.26763656735420227,4.9987664222717285
